sample_id,source_id,algorithm_family,label,trojan_type,fold_iid_r0,fold_iid_r1,fold_iid_r2,holdout_family
benign_deutsch_jozsa_v1_000000,benign_deutsch_jozsa_v1_000000,deutsch_jozsa,benign,benign,1,1,0,deutsch_jozsa
benign_deutsch_jozsa_v1_000001,benign_deutsch_jozsa_v1_000001,deutsch_jozsa,benign,benign,4,3,0,deutsch_jozsa
benign_deutsch_jozsa_v1_000002,benign_deutsch_jozsa_v1_000002,deutsch_jozsa,benign,benign,2,4,1,deutsch_jozsa
benign_deutsch_jozsa_v1_000003,benign_deutsch_jozsa_v1_000003,deutsch_jozsa,benign,benign,3,1,2,deutsch_jozsa
benign_deutsch_jozsa_v1_000004,benign_deutsch_jozsa_v1_000004,deutsch_jozsa,benign,benign,4,0,2,deutsch_jozsa
benign_deutsch_jozsa_v1_000005,benign_deutsch_jozsa_v1_000005,deutsch_jozsa,benign,benign,1,3,0,deutsch_jozsa
benign_deutsch_jozsa_v1_000006,benign_deutsch_jozsa_v1_000006,deutsch_jozsa,benign,benign,3,1,2,deutsch_jozsa
benign_deutsch_jozsa_v1_000007,benign_deutsch_jozsa_v1_000007,deutsch_jozsa,benign,benign,0,3,1,deutsch_jozsa
benign_deutsch_jozsa_v1_000008,benign_deutsch_jozsa_v1_000008,deutsch_jozsa,benign,benign,2,3,0,deutsch_jozsa
benign_deutsch_jozsa_v1_000009,benign_deutsch_jozsa_v1_000009,deutsch_jozsa,benign,benign,1,1,4,deutsch_jozsa
benign_deutsch_jozsa_v1_000010,benign_deutsch_jozsa_v1_000010,deutsch_jozsa,benign,benign,2,2,2,deutsch_jozsa
benign_deutsch_jozsa_v1_000011,benign_deutsch_jozsa_v1_000011,deutsch_jozsa,benign,benign,1,3,4,deutsch_jozsa
benign_deutsch_jozsa_v1_000012,benign_deutsch_jozsa_v1_000012,deutsch_jozsa,benign,benign,3,0,2,deutsch_jozsa
benign_deutsch_jozsa_v1_000013,benign_deutsch_jozsa_v1_000013,deutsch_jozsa,benign,benign,2,2,0,deutsch_jozsa
benign_deutsch_jozsa_v1_000014,benign_deutsch_jozsa_v1_000014,deutsch_jozsa,benign,benign,1,4,2,deutsch_jozsa
benign_deutsch_jozsa_v1_000015,benign_deutsch_jozsa_v1_000015,deutsch_jozsa,benign,benign,1,2,1,deutsch_jozsa
benign_deutsch_jozsa_v1_000016,benign_deutsch_jozsa_v1_000016,deutsch_jozsa,benign,benign,3,3,2,deutsch_jozsa
benign_deutsch_jozsa_v1_000017,benign_deutsch_jozsa_v1_000017,deutsch_jozsa,benign,benign,3,3,3,deutsch_jozsa
benign_deutsch_jozsa_v1_000018,benign_deutsch_jozsa_v1_000018,deutsch_jozsa,benign,benign,1,0,1,deutsch_jozsa
benign_deutsch_jozsa_v1_000019,benign_deutsch_jozsa_v1_000019,deutsch_jozsa,benign,benign,0,4,2,deutsch_jozsa
benign_deutsch_jozsa_v1_000020,benign_deutsch_jozsa_v1_000020,deutsch_jozsa,benign,benign,3,2,1,deutsch_jozsa
benign_deutsch_jozsa_v1_000021,benign_deutsch_jozsa_v1_000021,deutsch_jozsa,benign,benign,1,4,4,deutsch_jozsa
benign_deutsch_jozsa_v1_000022,benign_deutsch_jozsa_v1_000022,deutsch_jozsa,benign,benign,3,4,3,deutsch_jozsa
benign_deutsch_jozsa_v1_000023,benign_deutsch_jozsa_v1_000023,deutsch_jozsa,benign,benign,3,4,3,deutsch_jozsa
benign_deutsch_jozsa_v1_000024,benign_deutsch_jozsa_v1_000024,deutsch_jozsa,benign,benign,4,4,0,deutsch_jozsa
benign_deutsch_jozsa_v1_000025,benign_deutsch_jozsa_v1_000025,deutsch_jozsa,benign,benign,0,0,1,deutsch_jozsa
benign_deutsch_jozsa_v1_000026,benign_deutsch_jozsa_v1_000026,deutsch_jozsa,benign,benign,4,3,1,deutsch_jozsa
benign_deutsch_jozsa_v1_000027,benign_deutsch_jozsa_v1_000027,deutsch_jozsa,benign,benign,1,4,4,deutsch_jozsa
benign_deutsch_jozsa_v1_000028,benign_deutsch_jozsa_v1_000028,deutsch_jozsa,benign,benign,0,3,1,deutsch_jozsa
benign_deutsch_jozsa_v1_000029,benign_deutsch_jozsa_v1_000029,deutsch_jozsa,benign,benign,4,2,4,deutsch_jozsa
benign_deutsch_jozsa_v1_000030,benign_deutsch_jozsa_v1_000030,deutsch_jozsa,benign,benign,0,2,0,deutsch_jozsa
benign_deutsch_jozsa_v1_000031,benign_deutsch_jozsa_v1_000031,deutsch_jozsa,benign,benign,0,3,3,deutsch_jozsa
benign_deutsch_jozsa_v1_000032,benign_deutsch_jozsa_v1_000032,deutsch_jozsa,benign,benign,2,1,1,deutsch_jozsa
benign_deutsch_jozsa_v1_000033,benign_deutsch_jozsa_v1_000033,deutsch_jozsa,benign,benign,4,3,0,deutsch_jozsa
benign_deutsch_jozsa_v1_000034,benign_deutsch_jozsa_v1_000034,deutsch_jozsa,benign,benign,1,3,3,deutsch_jozsa
benign_deutsch_jozsa_v1_000035,benign_deutsch_jozsa_v1_000035,deutsch_jozsa,benign,benign,2,2,4,deutsch_jozsa
benign_deutsch_jozsa_v1_000036,benign_deutsch_jozsa_v1_000036,deutsch_jozsa,benign,benign,3,2,2,deutsch_jozsa
benign_deutsch_jozsa_v1_000037,benign_deutsch_jozsa_v1_000037,deutsch_jozsa,benign,benign,3,0,2,deutsch_jozsa
benign_deutsch_jozsa_v1_000038,benign_deutsch_jozsa_v1_000038,deutsch_jozsa,benign,benign,0,2,3,deutsch_jozsa
benign_deutsch_jozsa_v1_000039,benign_deutsch_jozsa_v1_000039,deutsch_jozsa,benign,benign,1,4,1,deutsch_jozsa
benign_deutsch_jozsa_v1_000040,benign_deutsch_jozsa_v1_000040,deutsch_jozsa,benign,benign,4,4,0,deutsch_jozsa
benign_deutsch_jozsa_v1_000041,benign_deutsch_jozsa_v1_000041,deutsch_jozsa,benign,benign,0,4,0,deutsch_jozsa
benign_deutsch_jozsa_v1_000042,benign_deutsch_jozsa_v1_000042,deutsch_jozsa,benign,benign,4,0,3,deutsch_jozsa
benign_deutsch_jozsa_v1_000043,benign_deutsch_jozsa_v1_000043,deutsch_jozsa,benign,benign,2,2,1,deutsch_jozsa
benign_deutsch_jozsa_v1_000044,benign_deutsch_jozsa_v1_000044,deutsch_jozsa,benign,benign,1,4,0,deutsch_jozsa
benign_deutsch_jozsa_v1_000045,benign_deutsch_jozsa_v1_000045,deutsch_jozsa,benign,benign,4,2,3,deutsch_jozsa
benign_deutsch_jozsa_v1_000046,benign_deutsch_jozsa_v1_000046,deutsch_jozsa,benign,benign,4,3,0,deutsch_jozsa
benign_deutsch_jozsa_v1_000047,benign_deutsch_jozsa_v1_000047,deutsch_jozsa,benign,benign,2,0,3,deutsch_jozsa
benign_deutsch_jozsa_v1_000048,benign_deutsch_jozsa_v1_000048,deutsch_jozsa,benign,benign,3,0,2,deutsch_jozsa
benign_deutsch_jozsa_v1_000049,benign_deutsch_jozsa_v1_000049,deutsch_jozsa,benign,benign,2,2,4,deutsch_jozsa
benign_deutsch_jozsa_v1_000050,benign_deutsch_jozsa_v1_000050,deutsch_jozsa,benign,benign,1,4,1,deutsch_jozsa
benign_deutsch_jozsa_v1_000051,benign_deutsch_jozsa_v1_000051,deutsch_jozsa,benign,benign,3,0,1,deutsch_jozsa
benign_deutsch_jozsa_v1_000052,benign_deutsch_jozsa_v1_000052,deutsch_jozsa,benign,benign,2,2,1,deutsch_jozsa
benign_deutsch_jozsa_v1_000053,benign_deutsch_jozsa_v1_000053,deutsch_jozsa,benign,benign,1,3,1,deutsch_jozsa
benign_deutsch_jozsa_v1_000054,benign_deutsch_jozsa_v1_000054,deutsch_jozsa,benign,benign,4,2,0,deutsch_jozsa
benign_deutsch_jozsa_v1_000055,benign_deutsch_jozsa_v1_000055,deutsch_jozsa,benign,benign,0,0,4,deutsch_jozsa
benign_deutsch_jozsa_v1_000056,benign_deutsch_jozsa_v1_000056,deutsch_jozsa,benign,benign,4,0,4,deutsch_jozsa
benign_deutsch_jozsa_v1_000057,benign_deutsch_jozsa_v1_000057,deutsch_jozsa,benign,benign,4,2,2,deutsch_jozsa
benign_deutsch_jozsa_v1_000058,benign_deutsch_jozsa_v1_000058,deutsch_jozsa,benign,benign,0,2,2,deutsch_jozsa
benign_deutsch_jozsa_v1_000059,benign_deutsch_jozsa_v1_000059,deutsch_jozsa,benign,benign,0,3,0,deutsch_jozsa
benign_deutsch_jozsa_v1_000060,benign_deutsch_jozsa_v1_000060,deutsch_jozsa,benign,benign,4,1,4,deutsch_jozsa
benign_deutsch_jozsa_v1_000061,benign_deutsch_jozsa_v1_000061,deutsch_jozsa,benign,benign,2,2,4,deutsch_jozsa
benign_deutsch_jozsa_v1_000062,benign_deutsch_jozsa_v1_000062,deutsch_jozsa,benign,benign,3,3,2,deutsch_jozsa
benign_deutsch_jozsa_v1_000063,benign_deutsch_jozsa_v1_000063,deutsch_jozsa,benign,benign,2,1,2,deutsch_jozsa
benign_deutsch_jozsa_v1_000064,benign_deutsch_jozsa_v1_000064,deutsch_jozsa,benign,benign,3,3,3,deutsch_jozsa
benign_deutsch_jozsa_v1_000065,benign_deutsch_jozsa_v1_000065,deutsch_jozsa,benign,benign,2,1,3,deutsch_jozsa
benign_deutsch_jozsa_v1_000066,benign_deutsch_jozsa_v1_000066,deutsch_jozsa,benign,benign,3,1,4,deutsch_jozsa
benign_deutsch_jozsa_v1_000067,benign_deutsch_jozsa_v1_000067,deutsch_jozsa,benign,benign,2,4,1,deutsch_jozsa
benign_deutsch_jozsa_v1_000068,benign_deutsch_jozsa_v1_000068,deutsch_jozsa,benign,benign,0,4,0,deutsch_jozsa
benign_deutsch_jozsa_v1_000069,benign_deutsch_jozsa_v1_000069,deutsch_jozsa,benign,benign,1,4,1,deutsch_jozsa
benign_deutsch_jozsa_v1_000070,benign_deutsch_jozsa_v1_000070,deutsch_jozsa,benign,benign,0,1,2,deutsch_jozsa
benign_deutsch_jozsa_v1_000071,benign_deutsch_jozsa_v1_000071,deutsch_jozsa,benign,benign,0,0,2,deutsch_jozsa
benign_deutsch_jozsa_v1_000072,benign_deutsch_jozsa_v1_000072,deutsch_jozsa,benign,benign,1,1,3,deutsch_jozsa
benign_deutsch_jozsa_v1_000073,benign_deutsch_jozsa_v1_000073,deutsch_jozsa,benign,benign,2,3,0,deutsch_jozsa
benign_deutsch_jozsa_v1_000074,benign_deutsch_jozsa_v1_000074,deutsch_jozsa,benign,benign,1,2,4,deutsch_jozsa
benign_deutsch_jozsa_v1_000075,benign_deutsch_jozsa_v1_000075,deutsch_jozsa,benign,benign,0,4,2,deutsch_jozsa
benign_deutsch_jozsa_v1_000076,benign_deutsch_jozsa_v1_000076,deutsch_jozsa,benign,benign,1,4,1,deutsch_jozsa
benign_deutsch_jozsa_v1_000077,benign_deutsch_jozsa_v1_000077,deutsch_jozsa,benign,benign,2,2,0,deutsch_jozsa
benign_deutsch_jozsa_v1_000078,benign_deutsch_jozsa_v1_000078,deutsch_jozsa,benign,benign,2,2,4,deutsch_jozsa
benign_deutsch_jozsa_v1_000079,benign_deutsch_jozsa_v1_000079,deutsch_jozsa,benign,benign,3,3,1,deutsch_jozsa
benign_deutsch_jozsa_v1_000080,benign_deutsch_jozsa_v1_000080,deutsch_jozsa,benign,benign,3,0,0,deutsch_jozsa
benign_deutsch_jozsa_v1_000081,benign_deutsch_jozsa_v1_000081,deutsch_jozsa,benign,benign,2,1,0,deutsch_jozsa
benign_deutsch_jozsa_v1_000082,benign_deutsch_jozsa_v1_000082,deutsch_jozsa,benign,benign,0,4,4,deutsch_jozsa
benign_deutsch_jozsa_v1_000083,benign_deutsch_jozsa_v1_000083,deutsch_jozsa,benign,benign,0,3,4,deutsch_jozsa
benign_deutsch_jozsa_v1_000084,benign_deutsch_jozsa_v1_000084,deutsch_jozsa,benign,benign,2,4,4,deutsch_jozsa
benign_deutsch_jozsa_v1_000085,benign_deutsch_jozsa_v1_000085,deutsch_jozsa,benign,benign,2,1,2,deutsch_jozsa
benign_deutsch_jozsa_v1_000086,benign_deutsch_jozsa_v1_000086,deutsch_jozsa,benign,benign,3,1,3,deutsch_jozsa
benign_deutsch_jozsa_v1_000087,benign_deutsch_jozsa_v1_000087,deutsch_jozsa,benign,benign,2,3,2,deutsch_jozsa
benign_deutsch_jozsa_v1_000088,benign_deutsch_jozsa_v1_000088,deutsch_jozsa,benign,benign,3,3,1,deutsch_jozsa
benign_deutsch_jozsa_v1_000089,benign_deutsch_jozsa_v1_000089,deutsch_jozsa,benign,benign,3,2,4,deutsch_jozsa
benign_deutsch_jozsa_v1_000090,benign_deutsch_jozsa_v1_000090,deutsch_jozsa,benign,benign,1,2,1,deutsch_jozsa
benign_deutsch_jozsa_v1_000091,benign_deutsch_jozsa_v1_000091,deutsch_jozsa,benign,benign,1,1,3,deutsch_jozsa
benign_deutsch_jozsa_v1_000092,benign_deutsch_jozsa_v1_000092,deutsch_jozsa,benign,benign,1,0,1,deutsch_jozsa
benign_deutsch_jozsa_v1_000093,benign_deutsch_jozsa_v1_000093,deutsch_jozsa,benign,benign,0,0,4,deutsch_jozsa
benign_deutsch_jozsa_v1_000094,benign_deutsch_jozsa_v1_000094,deutsch_jozsa,benign,benign,4,0,4,deutsch_jozsa
benign_deutsch_jozsa_v1_000095,benign_deutsch_jozsa_v1_000095,deutsch_jozsa,benign,benign,3,4,3,deutsch_jozsa
benign_deutsch_jozsa_v1_000096,benign_deutsch_jozsa_v1_000096,deutsch_jozsa,benign,benign,0,4,1,deutsch_jozsa
benign_deutsch_jozsa_v1_000097,benign_deutsch_jozsa_v1_000097,deutsch_jozsa,benign,benign,3,2,2,deutsch_jozsa
benign_deutsch_jozsa_v1_000098,benign_deutsch_jozsa_v1_000098,deutsch_jozsa,benign,benign,1,4,1,deutsch_jozsa
benign_deutsch_jozsa_v1_000099,benign_deutsch_jozsa_v1_000099,deutsch_jozsa,benign,benign,1,0,3,deutsch_jozsa
benign_deutsch_jozsa_v1_000100,benign_deutsch_jozsa_v1_000100,deutsch_jozsa,benign,benign,3,0,4,deutsch_jozsa
benign_deutsch_jozsa_v1_000101,benign_deutsch_jozsa_v1_000101,deutsch_jozsa,benign,benign,4,0,0,deutsch_jozsa
benign_deutsch_jozsa_v1_000102,benign_deutsch_jozsa_v1_000102,deutsch_jozsa,benign,benign,0,0,3,deutsch_jozsa
benign_deutsch_jozsa_v1_000103,benign_deutsch_jozsa_v1_000103,deutsch_jozsa,benign,benign,0,3,0,deutsch_jozsa
benign_deutsch_jozsa_v1_000104,benign_deutsch_jozsa_v1_000104,deutsch_jozsa,benign,benign,0,4,2,deutsch_jozsa
benign_deutsch_jozsa_v1_000105,benign_deutsch_jozsa_v1_000105,deutsch_jozsa,benign,benign,0,0,1,deutsch_jozsa
benign_deutsch_jozsa_v1_000106,benign_deutsch_jozsa_v1_000106,deutsch_jozsa,benign,benign,0,4,2,deutsch_jozsa
benign_deutsch_jozsa_v1_000107,benign_deutsch_jozsa_v1_000107,deutsch_jozsa,benign,benign,4,3,1,deutsch_jozsa
benign_deutsch_jozsa_v1_000108,benign_deutsch_jozsa_v1_000108,deutsch_jozsa,benign,benign,4,1,2,deutsch_jozsa
benign_deutsch_jozsa_v1_000109,benign_deutsch_jozsa_v1_000109,deutsch_jozsa,benign,benign,0,0,3,deutsch_jozsa
benign_deutsch_jozsa_v1_000110,benign_deutsch_jozsa_v1_000110,deutsch_jozsa,benign,benign,0,4,3,deutsch_jozsa
benign_deutsch_jozsa_v1_000111,benign_deutsch_jozsa_v1_000111,deutsch_jozsa,benign,benign,3,3,1,deutsch_jozsa
benign_deutsch_jozsa_v1_000112,benign_deutsch_jozsa_v1_000112,deutsch_jozsa,benign,benign,1,3,0,deutsch_jozsa
benign_deutsch_jozsa_v1_000113,benign_deutsch_jozsa_v1_000113,deutsch_jozsa,benign,benign,3,4,3,deutsch_jozsa
benign_deutsch_jozsa_v1_000114,benign_deutsch_jozsa_v1_000114,deutsch_jozsa,benign,benign,0,1,4,deutsch_jozsa
benign_deutsch_jozsa_v1_000115,benign_deutsch_jozsa_v1_000115,deutsch_jozsa,benign,benign,0,0,0,deutsch_jozsa
benign_deutsch_jozsa_v1_000116,benign_deutsch_jozsa_v1_000116,deutsch_jozsa,benign,benign,2,1,1,deutsch_jozsa
benign_deutsch_jozsa_v1_000117,benign_deutsch_jozsa_v1_000117,deutsch_jozsa,benign,benign,2,2,1,deutsch_jozsa
benign_deutsch_jozsa_v1_000118,benign_deutsch_jozsa_v1_000118,deutsch_jozsa,benign,benign,0,4,2,deutsch_jozsa
benign_deutsch_jozsa_v1_000119,benign_deutsch_jozsa_v1_000119,deutsch_jozsa,benign,benign,0,2,4,deutsch_jozsa
benign_deutsch_jozsa_v1_000120,benign_deutsch_jozsa_v1_000120,deutsch_jozsa,benign,benign,4,2,1,deutsch_jozsa
benign_deutsch_jozsa_v1_000121,benign_deutsch_jozsa_v1_000121,deutsch_jozsa,benign,benign,2,1,4,deutsch_jozsa
benign_deutsch_jozsa_v1_000122,benign_deutsch_jozsa_v1_000122,deutsch_jozsa,benign,benign,3,3,2,deutsch_jozsa
benign_deutsch_jozsa_v1_000123,benign_deutsch_jozsa_v1_000123,deutsch_jozsa,benign,benign,4,4,3,deutsch_jozsa
benign_deutsch_jozsa_v1_000124,benign_deutsch_jozsa_v1_000124,deutsch_jozsa,benign,benign,0,0,3,deutsch_jozsa
benign_deutsch_jozsa_v1_000125,benign_deutsch_jozsa_v1_000125,deutsch_jozsa,benign,benign,4,2,0,deutsch_jozsa
benign_deutsch_jozsa_v1_000126,benign_deutsch_jozsa_v1_000126,deutsch_jozsa,benign,benign,4,1,4,deutsch_jozsa
benign_deutsch_jozsa_v1_000127,benign_deutsch_jozsa_v1_000127,deutsch_jozsa,benign,benign,1,1,0,deutsch_jozsa
benign_deutsch_jozsa_v1_000128,benign_deutsch_jozsa_v1_000128,deutsch_jozsa,benign,benign,3,1,1,deutsch_jozsa
benign_deutsch_jozsa_v1_000129,benign_deutsch_jozsa_v1_000129,deutsch_jozsa,benign,benign,2,4,3,deutsch_jozsa
benign_deutsch_jozsa_v1_000130,benign_deutsch_jozsa_v1_000130,deutsch_jozsa,benign,benign,4,1,4,deutsch_jozsa
benign_deutsch_jozsa_v1_000131,benign_deutsch_jozsa_v1_000131,deutsch_jozsa,benign,benign,3,0,1,deutsch_jozsa
benign_deutsch_jozsa_v1_000132,benign_deutsch_jozsa_v1_000132,deutsch_jozsa,benign,benign,1,2,2,deutsch_jozsa
benign_deutsch_jozsa_v1_000133,benign_deutsch_jozsa_v1_000133,deutsch_jozsa,benign,benign,4,2,4,deutsch_jozsa
benign_deutsch_jozsa_v1_000134,benign_deutsch_jozsa_v1_000134,deutsch_jozsa,benign,benign,2,1,4,deutsch_jozsa
benign_deutsch_jozsa_v1_000135,benign_deutsch_jozsa_v1_000135,deutsch_jozsa,benign,benign,3,4,0,deutsch_jozsa
benign_deutsch_jozsa_v1_000136,benign_deutsch_jozsa_v1_000136,deutsch_jozsa,benign,benign,1,1,2,deutsch_jozsa
benign_deutsch_jozsa_v1_000137,benign_deutsch_jozsa_v1_000137,deutsch_jozsa,benign,benign,0,1,4,deutsch_jozsa
benign_deutsch_jozsa_v1_000138,benign_deutsch_jozsa_v1_000138,deutsch_jozsa,benign,benign,1,2,0,deutsch_jozsa
benign_deutsch_jozsa_v1_000139,benign_deutsch_jozsa_v1_000139,deutsch_jozsa,benign,benign,4,2,2,deutsch_jozsa
benign_deutsch_jozsa_v1_000140,benign_deutsch_jozsa_v1_000140,deutsch_jozsa,benign,benign,0,1,3,deutsch_jozsa
benign_deutsch_jozsa_v1_000141,benign_deutsch_jozsa_v1_000141,deutsch_jozsa,benign,benign,4,4,2,deutsch_jozsa
benign_deutsch_jozsa_v1_000142,benign_deutsch_jozsa_v1_000142,deutsch_jozsa,benign,benign,2,1,4,deutsch_jozsa
benign_deutsch_jozsa_v1_000143,benign_deutsch_jozsa_v1_000143,deutsch_jozsa,benign,benign,2,4,3,deutsch_jozsa
benign_deutsch_jozsa_v1_000144,benign_deutsch_jozsa_v1_000144,deutsch_jozsa,benign,benign,0,0,3,deutsch_jozsa
benign_deutsch_jozsa_v1_000145,benign_deutsch_jozsa_v1_000145,deutsch_jozsa,benign,benign,1,2,3,deutsch_jozsa
benign_deutsch_jozsa_v1_000146,benign_deutsch_jozsa_v1_000146,deutsch_jozsa,benign,benign,0,2,3,deutsch_jozsa
benign_deutsch_jozsa_v1_000147,benign_deutsch_jozsa_v1_000147,deutsch_jozsa,benign,benign,4,3,0,deutsch_jozsa
benign_deutsch_jozsa_v1_000148,benign_deutsch_jozsa_v1_000148,deutsch_jozsa,benign,benign,2,2,3,deutsch_jozsa
benign_deutsch_jozsa_v1_000149,benign_deutsch_jozsa_v1_000149,deutsch_jozsa,benign,benign,3,0,3,deutsch_jozsa
benign_deutsch_jozsa_v1_000150,benign_deutsch_jozsa_v1_000150,deutsch_jozsa,benign,benign,0,3,4,deutsch_jozsa
benign_deutsch_jozsa_v1_000151,benign_deutsch_jozsa_v1_000151,deutsch_jozsa,benign,benign,2,1,3,deutsch_jozsa
benign_deutsch_jozsa_v1_000152,benign_deutsch_jozsa_v1_000152,deutsch_jozsa,benign,benign,1,2,4,deutsch_jozsa
benign_deutsch_jozsa_v1_000153,benign_deutsch_jozsa_v1_000153,deutsch_jozsa,benign,benign,1,3,4,deutsch_jozsa
benign_deutsch_jozsa_v1_000154,benign_deutsch_jozsa_v1_000154,deutsch_jozsa,benign,benign,2,1,2,deutsch_jozsa
benign_deutsch_jozsa_v1_000155,benign_deutsch_jozsa_v1_000155,deutsch_jozsa,benign,benign,1,1,0,deutsch_jozsa
benign_deutsch_jozsa_v1_000156,benign_deutsch_jozsa_v1_000156,deutsch_jozsa,benign,benign,3,4,2,deutsch_jozsa
benign_deutsch_jozsa_v1_000157,benign_deutsch_jozsa_v1_000157,deutsch_jozsa,benign,benign,1,1,3,deutsch_jozsa
benign_deutsch_jozsa_v1_000158,benign_deutsch_jozsa_v1_000158,deutsch_jozsa,benign,benign,4,1,2,deutsch_jozsa
benign_deutsch_jozsa_v1_000159,benign_deutsch_jozsa_v1_000159,deutsch_jozsa,benign,benign,3,3,2,deutsch_jozsa
benign_deutsch_jozsa_v1_000160,benign_deutsch_jozsa_v1_000160,deutsch_jozsa,benign,benign,2,0,0,deutsch_jozsa
benign_deutsch_jozsa_v1_000161,benign_deutsch_jozsa_v1_000161,deutsch_jozsa,benign,benign,2,0,1,deutsch_jozsa
benign_deutsch_jozsa_v1_000162,benign_deutsch_jozsa_v1_000162,deutsch_jozsa,benign,benign,1,1,2,deutsch_jozsa
benign_deutsch_jozsa_v1_000163,benign_deutsch_jozsa_v1_000163,deutsch_jozsa,benign,benign,0,3,4,deutsch_jozsa
benign_deutsch_jozsa_v1_000164,benign_deutsch_jozsa_v1_000164,deutsch_jozsa,benign,benign,1,2,3,deutsch_jozsa
benign_deutsch_jozsa_v1_000165,benign_deutsch_jozsa_v1_000165,deutsch_jozsa,benign,benign,3,4,3,deutsch_jozsa
benign_deutsch_jozsa_v1_000166,benign_deutsch_jozsa_v1_000166,deutsch_jozsa,benign,benign,4,1,3,deutsch_jozsa
benign_deutsch_jozsa_v1_000167,benign_deutsch_jozsa_v1_000167,deutsch_jozsa,benign,benign,0,1,0,deutsch_jozsa
benign_deutsch_jozsa_v1_000168,benign_deutsch_jozsa_v1_000168,deutsch_jozsa,benign,benign,3,0,0,deutsch_jozsa
benign_deutsch_jozsa_v1_000169,benign_deutsch_jozsa_v1_000169,deutsch_jozsa,benign,benign,1,4,4,deutsch_jozsa
benign_deutsch_jozsa_v1_000170,benign_deutsch_jozsa_v1_000170,deutsch_jozsa,benign,benign,4,4,1,deutsch_jozsa
benign_deutsch_jozsa_v1_000171,benign_deutsch_jozsa_v1_000171,deutsch_jozsa,benign,benign,4,1,2,deutsch_jozsa
benign_deutsch_jozsa_v1_000172,benign_deutsch_jozsa_v1_000172,deutsch_jozsa,benign,benign,3,2,4,deutsch_jozsa
benign_deutsch_jozsa_v1_000173,benign_deutsch_jozsa_v1_000173,deutsch_jozsa,benign,benign,2,3,1,deutsch_jozsa
benign_deutsch_jozsa_v1_000174,benign_deutsch_jozsa_v1_000174,deutsch_jozsa,benign,benign,3,3,1,deutsch_jozsa
benign_deutsch_jozsa_v1_000175,benign_deutsch_jozsa_v1_000175,deutsch_jozsa,benign,benign,4,4,0,deutsch_jozsa
benign_deutsch_jozsa_v1_000176,benign_deutsch_jozsa_v1_000176,deutsch_jozsa,benign,benign,0,0,4,deutsch_jozsa
benign_deutsch_jozsa_v1_000177,benign_deutsch_jozsa_v1_000177,deutsch_jozsa,benign,benign,0,0,4,deutsch_jozsa
benign_deutsch_jozsa_v1_000178,benign_deutsch_jozsa_v1_000178,deutsch_jozsa,benign,benign,0,4,1,deutsch_jozsa
benign_deutsch_jozsa_v1_000179,benign_deutsch_jozsa_v1_000179,deutsch_jozsa,benign,benign,1,0,3,deutsch_jozsa
benign_deutsch_jozsa_v1_000180,benign_deutsch_jozsa_v1_000180,deutsch_jozsa,benign,benign,4,4,1,deutsch_jozsa
benign_deutsch_jozsa_v1_000181,benign_deutsch_jozsa_v1_000181,deutsch_jozsa,benign,benign,0,4,0,deutsch_jozsa
benign_deutsch_jozsa_v1_000182,benign_deutsch_jozsa_v1_000182,deutsch_jozsa,benign,benign,2,2,1,deutsch_jozsa
benign_deutsch_jozsa_v1_000183,benign_deutsch_jozsa_v1_000183,deutsch_jozsa,benign,benign,1,1,3,deutsch_jozsa
benign_deutsch_jozsa_v1_000184,benign_deutsch_jozsa_v1_000184,deutsch_jozsa,benign,benign,0,1,0,deutsch_jozsa
benign_deutsch_jozsa_v1_000185,benign_deutsch_jozsa_v1_000185,deutsch_jozsa,benign,benign,4,3,2,deutsch_jozsa
benign_deutsch_jozsa_v1_000186,benign_deutsch_jozsa_v1_000186,deutsch_jozsa,benign,benign,3,1,1,deutsch_jozsa
benign_deutsch_jozsa_v1_000187,benign_deutsch_jozsa_v1_000187,deutsch_jozsa,benign,benign,4,4,1,deutsch_jozsa
benign_deutsch_jozsa_v1_000188,benign_deutsch_jozsa_v1_000188,deutsch_jozsa,benign,benign,4,4,3,deutsch_jozsa
benign_deutsch_jozsa_v1_000189,benign_deutsch_jozsa_v1_000189,deutsch_jozsa,benign,benign,1,3,0,deutsch_jozsa
benign_deutsch_jozsa_v1_000190,benign_deutsch_jozsa_v1_000190,deutsch_jozsa,benign,benign,4,2,2,deutsch_jozsa
benign_deutsch_jozsa_v1_000191,benign_deutsch_jozsa_v1_000191,deutsch_jozsa,benign,benign,3,1,1,deutsch_jozsa
benign_deutsch_jozsa_v1_000192,benign_deutsch_jozsa_v1_000192,deutsch_jozsa,benign,benign,4,3,3,deutsch_jozsa
benign_deutsch_jozsa_v1_000193,benign_deutsch_jozsa_v1_000193,deutsch_jozsa,benign,benign,3,0,3,deutsch_jozsa
benign_deutsch_jozsa_v1_000194,benign_deutsch_jozsa_v1_000194,deutsch_jozsa,benign,benign,2,0,3,deutsch_jozsa
benign_deutsch_jozsa_v1_000195,benign_deutsch_jozsa_v1_000195,deutsch_jozsa,benign,benign,1,1,2,deutsch_jozsa
benign_deutsch_jozsa_v1_000196,benign_deutsch_jozsa_v1_000196,deutsch_jozsa,benign,benign,4,3,0,deutsch_jozsa
benign_deutsch_jozsa_v1_000197,benign_deutsch_jozsa_v1_000197,deutsch_jozsa,benign,benign,1,0,2,deutsch_jozsa
benign_deutsch_jozsa_v1_000198,benign_deutsch_jozsa_v1_000198,deutsch_jozsa,benign,benign,3,1,2,deutsch_jozsa
benign_deutsch_jozsa_v1_000199,benign_deutsch_jozsa_v1_000199,deutsch_jozsa,benign,benign,0,2,4,deutsch_jozsa
benign_deutsch_jozsa_v1_000200,benign_deutsch_jozsa_v1_000200,deutsch_jozsa,benign,benign,4,0,2,deutsch_jozsa
benign_deutsch_jozsa_v1_000201,benign_deutsch_jozsa_v1_000201,deutsch_jozsa,benign,benign,0,4,4,deutsch_jozsa
benign_deutsch_jozsa_v1_000202,benign_deutsch_jozsa_v1_000202,deutsch_jozsa,benign,benign,2,1,3,deutsch_jozsa
benign_deutsch_jozsa_v1_000203,benign_deutsch_jozsa_v1_000203,deutsch_jozsa,benign,benign,0,3,4,deutsch_jozsa
benign_deutsch_jozsa_v1_000204,benign_deutsch_jozsa_v1_000204,deutsch_jozsa,benign,benign,4,2,2,deutsch_jozsa
benign_deutsch_jozsa_v1_000205,benign_deutsch_jozsa_v1_000205,deutsch_jozsa,benign,benign,3,4,2,deutsch_jozsa
benign_deutsch_jozsa_v1_000206,benign_deutsch_jozsa_v1_000206,deutsch_jozsa,benign,benign,1,4,1,deutsch_jozsa
benign_deutsch_jozsa_v1_000207,benign_deutsch_jozsa_v1_000207,deutsch_jozsa,benign,benign,0,0,0,deutsch_jozsa
benign_deutsch_jozsa_v1_000208,benign_deutsch_jozsa_v1_000208,deutsch_jozsa,benign,benign,0,2,1,deutsch_jozsa
benign_deutsch_jozsa_v1_000209,benign_deutsch_jozsa_v1_000209,deutsch_jozsa,benign,benign,2,0,1,deutsch_jozsa
benign_deutsch_jozsa_v1_000210,benign_deutsch_jozsa_v1_000210,deutsch_jozsa,benign,benign,0,3,2,deutsch_jozsa
benign_deutsch_jozsa_v1_000211,benign_deutsch_jozsa_v1_000211,deutsch_jozsa,benign,benign,1,1,1,deutsch_jozsa
benign_deutsch_jozsa_v1_000212,benign_deutsch_jozsa_v1_000212,deutsch_jozsa,benign,benign,3,3,0,deutsch_jozsa
benign_deutsch_jozsa_v1_000213,benign_deutsch_jozsa_v1_000213,deutsch_jozsa,benign,benign,4,0,0,deutsch_jozsa
benign_deutsch_jozsa_v1_000214,benign_deutsch_jozsa_v1_000214,deutsch_jozsa,benign,benign,2,4,0,deutsch_jozsa
benign_deutsch_jozsa_v1_000215,benign_deutsch_jozsa_v1_000215,deutsch_jozsa,benign,benign,1,1,0,deutsch_jozsa
benign_deutsch_jozsa_v1_000216,benign_deutsch_jozsa_v1_000216,deutsch_jozsa,benign,benign,3,3,0,deutsch_jozsa
benign_deutsch_jozsa_v1_000217,benign_deutsch_jozsa_v1_000217,deutsch_jozsa,benign,benign,2,2,2,deutsch_jozsa
benign_deutsch_jozsa_v1_000218,benign_deutsch_jozsa_v1_000218,deutsch_jozsa,benign,benign,2,0,2,deutsch_jozsa
benign_deutsch_jozsa_v1_000219,benign_deutsch_jozsa_v1_000219,deutsch_jozsa,benign,benign,2,4,3,deutsch_jozsa
benign_deutsch_jozsa_v1_000220,benign_deutsch_jozsa_v1_000220,deutsch_jozsa,benign,benign,2,1,2,deutsch_jozsa
benign_deutsch_jozsa_v1_000221,benign_deutsch_jozsa_v1_000221,deutsch_jozsa,benign,benign,4,0,0,deutsch_jozsa
benign_deutsch_jozsa_v1_000222,benign_deutsch_jozsa_v1_000222,deutsch_jozsa,benign,benign,0,2,0,deutsch_jozsa
benign_deutsch_jozsa_v1_000223,benign_deutsch_jozsa_v1_000223,deutsch_jozsa,benign,benign,1,3,3,deutsch_jozsa
benign_deutsch_jozsa_v1_000224,benign_deutsch_jozsa_v1_000224,deutsch_jozsa,benign,benign,2,1,1,deutsch_jozsa
benign_deutsch_jozsa_v1_000225,benign_deutsch_jozsa_v1_000225,deutsch_jozsa,benign,benign,3,4,2,deutsch_jozsa
benign_deutsch_jozsa_v1_000226,benign_deutsch_jozsa_v1_000226,deutsch_jozsa,benign,benign,4,4,1,deutsch_jozsa
benign_deutsch_jozsa_v1_000227,benign_deutsch_jozsa_v1_000227,deutsch_jozsa,benign,benign,1,0,2,deutsch_jozsa
benign_deutsch_jozsa_v1_000228,benign_deutsch_jozsa_v1_000228,deutsch_jozsa,benign,benign,2,0,3,deutsch_jozsa
benign_deutsch_jozsa_v1_000229,benign_deutsch_jozsa_v1_000229,deutsch_jozsa,benign,benign,1,1,4,deutsch_jozsa
benign_deutsch_jozsa_v1_000230,benign_deutsch_jozsa_v1_000230,deutsch_jozsa,benign,benign,4,1,3,deutsch_jozsa
benign_deutsch_jozsa_v1_000231,benign_deutsch_jozsa_v1_000231,deutsch_jozsa,benign,benign,2,0,0,deutsch_jozsa
benign_deutsch_jozsa_v1_000232,benign_deutsch_jozsa_v1_000232,deutsch_jozsa,benign,benign,4,0,0,deutsch_jozsa
benign_deutsch_jozsa_v1_000233,benign_deutsch_jozsa_v1_000233,deutsch_jozsa,benign,benign,4,4,2,deutsch_jozsa
benign_deutsch_jozsa_v1_000234,benign_deutsch_jozsa_v1_000234,deutsch_jozsa,benign,benign,3,2,4,deutsch_jozsa
benign_deutsch_jozsa_v1_000235,benign_deutsch_jozsa_v1_000235,deutsch_jozsa,benign,benign,1,0,4,deutsch_jozsa
benign_deutsch_jozsa_v1_000236,benign_deutsch_jozsa_v1_000236,deutsch_jozsa,benign,benign,2,0,2,deutsch_jozsa
benign_deutsch_jozsa_v1_000237,benign_deutsch_jozsa_v1_000237,deutsch_jozsa,benign,benign,0,0,1,deutsch_jozsa
benign_deutsch_jozsa_v1_000238,benign_deutsch_jozsa_v1_000238,deutsch_jozsa,benign,benign,0,4,1,deutsch_jozsa
benign_deutsch_jozsa_v1_000239,benign_deutsch_jozsa_v1_000239,deutsch_jozsa,benign,benign,4,1,2,deutsch_jozsa
benign_deutsch_jozsa_v1_000240,benign_deutsch_jozsa_v1_000240,deutsch_jozsa,benign,benign,1,2,2,deutsch_jozsa
benign_deutsch_jozsa_v1_000241,benign_deutsch_jozsa_v1_000241,deutsch_jozsa,benign,benign,1,3,0,deutsch_jozsa
benign_deutsch_jozsa_v1_000242,benign_deutsch_jozsa_v1_000242,deutsch_jozsa,benign,benign,4,0,1,deutsch_jozsa
benign_deutsch_jozsa_v1_000243,benign_deutsch_jozsa_v1_000243,deutsch_jozsa,benign,benign,1,1,0,deutsch_jozsa
benign_deutsch_jozsa_v1_000244,benign_deutsch_jozsa_v1_000244,deutsch_jozsa,benign,benign,3,3,2,deutsch_jozsa
benign_deutsch_jozsa_v1_000245,benign_deutsch_jozsa_v1_000245,deutsch_jozsa,benign,benign,0,2,1,deutsch_jozsa
benign_deutsch_jozsa_v1_000246,benign_deutsch_jozsa_v1_000246,deutsch_jozsa,benign,benign,2,3,3,deutsch_jozsa
benign_deutsch_jozsa_v1_000247,benign_deutsch_jozsa_v1_000247,deutsch_jozsa,benign,benign,0,3,0,deutsch_jozsa
benign_deutsch_jozsa_v1_000248,benign_deutsch_jozsa_v1_000248,deutsch_jozsa,benign,benign,1,1,3,deutsch_jozsa
benign_deutsch_jozsa_v1_000249,benign_deutsch_jozsa_v1_000249,deutsch_jozsa,benign,benign,1,3,2,deutsch_jozsa
benign_deutsch_jozsa_v1_000250,benign_deutsch_jozsa_v1_000250,deutsch_jozsa,benign,benign,2,2,2,deutsch_jozsa
benign_deutsch_jozsa_v1_000251,benign_deutsch_jozsa_v1_000251,deutsch_jozsa,benign,benign,2,4,0,deutsch_jozsa
benign_deutsch_jozsa_v1_000252,benign_deutsch_jozsa_v1_000252,deutsch_jozsa,benign,benign,1,4,0,deutsch_jozsa
benign_deutsch_jozsa_v1_000253,benign_deutsch_jozsa_v1_000253,deutsch_jozsa,benign,benign,0,4,4,deutsch_jozsa
benign_deutsch_jozsa_v1_000254,benign_deutsch_jozsa_v1_000254,deutsch_jozsa,benign,benign,2,3,3,deutsch_jozsa
benign_deutsch_jozsa_v1_000255,benign_deutsch_jozsa_v1_000255,deutsch_jozsa,benign,benign,4,3,2,deutsch_jozsa
benign_deutsch_jozsa_v1_000256,benign_deutsch_jozsa_v1_000256,deutsch_jozsa,benign,benign,2,3,3,deutsch_jozsa
benign_deutsch_jozsa_v1_000257,benign_deutsch_jozsa_v1_000257,deutsch_jozsa,benign,benign,4,2,1,deutsch_jozsa
benign_deutsch_jozsa_v1_000258,benign_deutsch_jozsa_v1_000258,deutsch_jozsa,benign,benign,3,4,4,deutsch_jozsa
benign_deutsch_jozsa_v1_000259,benign_deutsch_jozsa_v1_000259,deutsch_jozsa,benign,benign,0,1,2,deutsch_jozsa
benign_deutsch_jozsa_v1_000260,benign_deutsch_jozsa_v1_000260,deutsch_jozsa,benign,benign,1,2,3,deutsch_jozsa
benign_deutsch_jozsa_v1_000261,benign_deutsch_jozsa_v1_000261,deutsch_jozsa,benign,benign,4,0,0,deutsch_jozsa
benign_deutsch_jozsa_v1_000262,benign_deutsch_jozsa_v1_000262,deutsch_jozsa,benign,benign,3,4,1,deutsch_jozsa
benign_deutsch_jozsa_v1_000263,benign_deutsch_jozsa_v1_000263,deutsch_jozsa,benign,benign,0,1,2,deutsch_jozsa
benign_deutsch_jozsa_v1_000264,benign_deutsch_jozsa_v1_000264,deutsch_jozsa,benign,benign,2,1,1,deutsch_jozsa
benign_deutsch_jozsa_v1_000265,benign_deutsch_jozsa_v1_000265,deutsch_jozsa,benign,benign,1,1,4,deutsch_jozsa
benign_deutsch_jozsa_v1_000266,benign_deutsch_jozsa_v1_000266,deutsch_jozsa,benign,benign,0,0,4,deutsch_jozsa
benign_deutsch_jozsa_v1_000267,benign_deutsch_jozsa_v1_000267,deutsch_jozsa,benign,benign,2,1,0,deutsch_jozsa
benign_deutsch_jozsa_v1_000268,benign_deutsch_jozsa_v1_000268,deutsch_jozsa,benign,benign,0,3,2,deutsch_jozsa
benign_deutsch_jozsa_v1_000269,benign_deutsch_jozsa_v1_000269,deutsch_jozsa,benign,benign,2,3,2,deutsch_jozsa
benign_deutsch_jozsa_v1_000270,benign_deutsch_jozsa_v1_000270,deutsch_jozsa,benign,benign,2,4,4,deutsch_jozsa
benign_deutsch_jozsa_v1_000271,benign_deutsch_jozsa_v1_000271,deutsch_jozsa,benign,benign,4,1,2,deutsch_jozsa
benign_deutsch_jozsa_v1_000272,benign_deutsch_jozsa_v1_000272,deutsch_jozsa,benign,benign,1,2,4,deutsch_jozsa
benign_deutsch_jozsa_v1_000273,benign_deutsch_jozsa_v1_000273,deutsch_jozsa,benign,benign,4,2,2,deutsch_jozsa
benign_deutsch_jozsa_v1_000274,benign_deutsch_jozsa_v1_000274,deutsch_jozsa,benign,benign,3,2,4,deutsch_jozsa
benign_deutsch_jozsa_v1_000275,benign_deutsch_jozsa_v1_000275,deutsch_jozsa,benign,benign,1,4,0,deutsch_jozsa
benign_deutsch_jozsa_v1_000276,benign_deutsch_jozsa_v1_000276,deutsch_jozsa,benign,benign,1,1,4,deutsch_jozsa
benign_deutsch_jozsa_v1_000277,benign_deutsch_jozsa_v1_000277,deutsch_jozsa,benign,benign,3,4,3,deutsch_jozsa
benign_deutsch_jozsa_v1_000278,benign_deutsch_jozsa_v1_000278,deutsch_jozsa,benign,benign,3,4,1,deutsch_jozsa
benign_deutsch_jozsa_v1_000279,benign_deutsch_jozsa_v1_000279,deutsch_jozsa,benign,benign,1,4,4,deutsch_jozsa
benign_deutsch_jozsa_v1_000280,benign_deutsch_jozsa_v1_000280,deutsch_jozsa,benign,benign,2,4,3,deutsch_jozsa
benign_deutsch_jozsa_v1_000281,benign_deutsch_jozsa_v1_000281,deutsch_jozsa,benign,benign,1,4,4,deutsch_jozsa
benign_deutsch_jozsa_v1_000282,benign_deutsch_jozsa_v1_000282,deutsch_jozsa,benign,benign,2,3,1,deutsch_jozsa
benign_deutsch_jozsa_v1_000283,benign_deutsch_jozsa_v1_000283,deutsch_jozsa,benign,benign,1,0,1,deutsch_jozsa
benign_deutsch_jozsa_v1_000284,benign_deutsch_jozsa_v1_000284,deutsch_jozsa,benign,benign,0,4,3,deutsch_jozsa
benign_deutsch_jozsa_v1_000285,benign_deutsch_jozsa_v1_000285,deutsch_jozsa,benign,benign,4,0,0,deutsch_jozsa
benign_deutsch_jozsa_v1_000286,benign_deutsch_jozsa_v1_000286,deutsch_jozsa,benign,benign,2,1,2,deutsch_jozsa
benign_deutsch_jozsa_v1_000287,benign_deutsch_jozsa_v1_000287,deutsch_jozsa,benign,benign,2,1,0,deutsch_jozsa
benign_deutsch_jozsa_v1_000288,benign_deutsch_jozsa_v1_000288,deutsch_jozsa,benign,benign,1,3,4,deutsch_jozsa
benign_deutsch_jozsa_v1_000289,benign_deutsch_jozsa_v1_000289,deutsch_jozsa,benign,benign,0,1,4,deutsch_jozsa
benign_deutsch_jozsa_v1_000290,benign_deutsch_jozsa_v1_000290,deutsch_jozsa,benign,benign,0,0,3,deutsch_jozsa
benign_deutsch_jozsa_v1_000291,benign_deutsch_jozsa_v1_000291,deutsch_jozsa,benign,benign,2,4,0,deutsch_jozsa
benign_deutsch_jozsa_v1_000292,benign_deutsch_jozsa_v1_000292,deutsch_jozsa,benign,benign,0,0,3,deutsch_jozsa
benign_deutsch_jozsa_v1_000293,benign_deutsch_jozsa_v1_000293,deutsch_jozsa,benign,benign,2,0,0,deutsch_jozsa
benign_deutsch_jozsa_v1_000294,benign_deutsch_jozsa_v1_000294,deutsch_jozsa,benign,benign,2,3,2,deutsch_jozsa
benign_deutsch_jozsa_v1_000295,benign_deutsch_jozsa_v1_000295,deutsch_jozsa,benign,benign,2,0,3,deutsch_jozsa
benign_deutsch_jozsa_v1_000296,benign_deutsch_jozsa_v1_000296,deutsch_jozsa,benign,benign,4,0,0,deutsch_jozsa
benign_deutsch_jozsa_v1_000297,benign_deutsch_jozsa_v1_000297,deutsch_jozsa,benign,benign,0,1,2,deutsch_jozsa
benign_deutsch_jozsa_v1_000298,benign_deutsch_jozsa_v1_000298,deutsch_jozsa,benign,benign,1,2,0,deutsch_jozsa
benign_deutsch_jozsa_v1_000299,benign_deutsch_jozsa_v1_000299,deutsch_jozsa,benign,benign,2,2,0,deutsch_jozsa
benign_deutsch_jozsa_v1_000300,benign_deutsch_jozsa_v1_000300,deutsch_jozsa,benign,benign,1,1,3,deutsch_jozsa
benign_deutsch_jozsa_v1_000301,benign_deutsch_jozsa_v1_000301,deutsch_jozsa,benign,benign,0,0,0,deutsch_jozsa
benign_deutsch_jozsa_v1_000302,benign_deutsch_jozsa_v1_000302,deutsch_jozsa,benign,benign,4,3,1,deutsch_jozsa
benign_deutsch_jozsa_v1_000303,benign_deutsch_jozsa_v1_000303,deutsch_jozsa,benign,benign,1,2,4,deutsch_jozsa
benign_deutsch_jozsa_v1_000304,benign_deutsch_jozsa_v1_000304,deutsch_jozsa,benign,benign,3,2,4,deutsch_jozsa
benign_deutsch_jozsa_v1_000305,benign_deutsch_jozsa_v1_000305,deutsch_jozsa,benign,benign,1,2,0,deutsch_jozsa
benign_deutsch_jozsa_v1_000306,benign_deutsch_jozsa_v1_000306,deutsch_jozsa,benign,benign,3,1,4,deutsch_jozsa
benign_deutsch_jozsa_v1_000307,benign_deutsch_jozsa_v1_000307,deutsch_jozsa,benign,benign,2,2,4,deutsch_jozsa
benign_deutsch_jozsa_v1_000308,benign_deutsch_jozsa_v1_000308,deutsch_jozsa,benign,benign,4,1,3,deutsch_jozsa
benign_deutsch_jozsa_v1_000309,benign_deutsch_jozsa_v1_000309,deutsch_jozsa,benign,benign,3,0,0,deutsch_jozsa
benign_deutsch_jozsa_v1_000310,benign_deutsch_jozsa_v1_000310,deutsch_jozsa,benign,benign,3,4,3,deutsch_jozsa
benign_deutsch_jozsa_v1_000311,benign_deutsch_jozsa_v1_000311,deutsch_jozsa,benign,benign,4,3,4,deutsch_jozsa
benign_deutsch_jozsa_v1_000312,benign_deutsch_jozsa_v1_000312,deutsch_jozsa,benign,benign,1,2,2,deutsch_jozsa
benign_deutsch_jozsa_v1_000313,benign_deutsch_jozsa_v1_000313,deutsch_jozsa,benign,benign,3,3,3,deutsch_jozsa
benign_deutsch_jozsa_v1_000314,benign_deutsch_jozsa_v1_000314,deutsch_jozsa,benign,benign,1,4,1,deutsch_jozsa
benign_deutsch_jozsa_v1_000315,benign_deutsch_jozsa_v1_000315,deutsch_jozsa,benign,benign,1,0,3,deutsch_jozsa
benign_deutsch_jozsa_v1_000316,benign_deutsch_jozsa_v1_000316,deutsch_jozsa,benign,benign,4,3,3,deutsch_jozsa
benign_deutsch_jozsa_v1_000317,benign_deutsch_jozsa_v1_000317,deutsch_jozsa,benign,benign,0,2,3,deutsch_jozsa
benign_deutsch_jozsa_v1_000318,benign_deutsch_jozsa_v1_000318,deutsch_jozsa,benign,benign,4,3,4,deutsch_jozsa
benign_deutsch_jozsa_v1_000319,benign_deutsch_jozsa_v1_000319,deutsch_jozsa,benign,benign,3,2,1,deutsch_jozsa
benign_deutsch_jozsa_v1_000320,benign_deutsch_jozsa_v1_000320,deutsch_jozsa,benign,benign,0,2,0,deutsch_jozsa
benign_deutsch_jozsa_v1_000321,benign_deutsch_jozsa_v1_000321,deutsch_jozsa,benign,benign,1,3,0,deutsch_jozsa
benign_deutsch_jozsa_v1_000322,benign_deutsch_jozsa_v1_000322,deutsch_jozsa,benign,benign,2,2,4,deutsch_jozsa
benign_deutsch_jozsa_v1_000323,benign_deutsch_jozsa_v1_000323,deutsch_jozsa,benign,benign,4,0,0,deutsch_jozsa
benign_deutsch_jozsa_v1_000324,benign_deutsch_jozsa_v1_000324,deutsch_jozsa,benign,benign,3,2,2,deutsch_jozsa
benign_deutsch_jozsa_v1_000325,benign_deutsch_jozsa_v1_000325,deutsch_jozsa,benign,benign,2,0,4,deutsch_jozsa
benign_deutsch_jozsa_v1_000326,benign_deutsch_jozsa_v1_000326,deutsch_jozsa,benign,benign,2,3,1,deutsch_jozsa
benign_deutsch_jozsa_v1_000327,benign_deutsch_jozsa_v1_000327,deutsch_jozsa,benign,benign,4,4,1,deutsch_jozsa
benign_deutsch_jozsa_v1_000328,benign_deutsch_jozsa_v1_000328,deutsch_jozsa,benign,benign,3,1,4,deutsch_jozsa
benign_deutsch_jozsa_v1_000329,benign_deutsch_jozsa_v1_000329,deutsch_jozsa,benign,benign,4,4,3,deutsch_jozsa
benign_deutsch_jozsa_v1_000330,benign_deutsch_jozsa_v1_000330,deutsch_jozsa,benign,benign,2,3,3,deutsch_jozsa
benign_deutsch_jozsa_v1_000331,benign_deutsch_jozsa_v1_000331,deutsch_jozsa,benign,benign,4,1,0,deutsch_jozsa
benign_deutsch_jozsa_v1_000332,benign_deutsch_jozsa_v1_000332,deutsch_jozsa,benign,benign,2,0,0,deutsch_jozsa
benign_deutsch_jozsa_v1_000333,benign_deutsch_jozsa_v1_000333,deutsch_jozsa,benign,benign,0,0,4,deutsch_jozsa
benign_deutsch_jozsa_v1_000334,benign_deutsch_jozsa_v1_000334,deutsch_jozsa,benign,benign,3,3,4,deutsch_jozsa
benign_deutsch_jozsa_v1_000335,benign_deutsch_jozsa_v1_000335,deutsch_jozsa,benign,benign,2,2,1,deutsch_jozsa
benign_deutsch_jozsa_v1_000336,benign_deutsch_jozsa_v1_000336,deutsch_jozsa,benign,benign,0,0,3,deutsch_jozsa
benign_deutsch_jozsa_v1_000337,benign_deutsch_jozsa_v1_000337,deutsch_jozsa,benign,benign,3,4,1,deutsch_jozsa
benign_deutsch_jozsa_v1_000338,benign_deutsch_jozsa_v1_000338,deutsch_jozsa,benign,benign,1,2,4,deutsch_jozsa
benign_deutsch_jozsa_v1_000339,benign_deutsch_jozsa_v1_000339,deutsch_jozsa,benign,benign,4,2,3,deutsch_jozsa
benign_deutsch_jozsa_v1_000340,benign_deutsch_jozsa_v1_000340,deutsch_jozsa,benign,benign,0,0,2,deutsch_jozsa
benign_deutsch_jozsa_v1_000341,benign_deutsch_jozsa_v1_000341,deutsch_jozsa,benign,benign,0,4,3,deutsch_jozsa
benign_deutsch_jozsa_v1_000342,benign_deutsch_jozsa_v1_000342,deutsch_jozsa,benign,benign,3,3,3,deutsch_jozsa
benign_deutsch_jozsa_v1_000343,benign_deutsch_jozsa_v1_000343,deutsch_jozsa,benign,benign,1,2,2,deutsch_jozsa
benign_deutsch_jozsa_v1_000344,benign_deutsch_jozsa_v1_000344,deutsch_jozsa,benign,benign,2,1,1,deutsch_jozsa
benign_deutsch_jozsa_v1_000345,benign_deutsch_jozsa_v1_000345,deutsch_jozsa,benign,benign,1,1,4,deutsch_jozsa
benign_deutsch_jozsa_v1_000346,benign_deutsch_jozsa_v1_000346,deutsch_jozsa,benign,benign,3,1,2,deutsch_jozsa
benign_deutsch_jozsa_v1_000347,benign_deutsch_jozsa_v1_000347,deutsch_jozsa,benign,benign,0,4,1,deutsch_jozsa
benign_deutsch_jozsa_v1_000348,benign_deutsch_jozsa_v1_000348,deutsch_jozsa,benign,benign,3,1,3,deutsch_jozsa
benign_deutsch_jozsa_v1_000349,benign_deutsch_jozsa_v1_000349,deutsch_jozsa,benign,benign,4,2,1,deutsch_jozsa
benign_deutsch_jozsa_v1_000350,benign_deutsch_jozsa_v1_000350,deutsch_jozsa,benign,benign,1,1,0,deutsch_jozsa
benign_deutsch_jozsa_v1_000351,benign_deutsch_jozsa_v1_000351,deutsch_jozsa,benign,benign,4,2,1,deutsch_jozsa
benign_deutsch_jozsa_v1_000352,benign_deutsch_jozsa_v1_000352,deutsch_jozsa,benign,benign,4,3,0,deutsch_jozsa
benign_deutsch_jozsa_v1_000353,benign_deutsch_jozsa_v1_000353,deutsch_jozsa,benign,benign,0,2,3,deutsch_jozsa
benign_deutsch_jozsa_v1_000354,benign_deutsch_jozsa_v1_000354,deutsch_jozsa,benign,benign,1,0,3,deutsch_jozsa
benign_deutsch_jozsa_v1_000355,benign_deutsch_jozsa_v1_000355,deutsch_jozsa,benign,benign,1,1,2,deutsch_jozsa
benign_deutsch_jozsa_v1_000356,benign_deutsch_jozsa_v1_000356,deutsch_jozsa,benign,benign,4,0,3,deutsch_jozsa
benign_deutsch_jozsa_v1_000357,benign_deutsch_jozsa_v1_000357,deutsch_jozsa,benign,benign,0,1,4,deutsch_jozsa
benign_deutsch_jozsa_v1_000358,benign_deutsch_jozsa_v1_000358,deutsch_jozsa,benign,benign,0,2,0,deutsch_jozsa
benign_deutsch_jozsa_v1_000359,benign_deutsch_jozsa_v1_000359,deutsch_jozsa,benign,benign,0,4,3,deutsch_jozsa
benign_deutsch_jozsa_v1_000360,benign_deutsch_jozsa_v1_000360,deutsch_jozsa,benign,benign,0,4,4,deutsch_jozsa
benign_deutsch_jozsa_v1_000361,benign_deutsch_jozsa_v1_000361,deutsch_jozsa,benign,benign,2,2,2,deutsch_jozsa
benign_deutsch_jozsa_v1_000362,benign_deutsch_jozsa_v1_000362,deutsch_jozsa,benign,benign,2,3,1,deutsch_jozsa
benign_deutsch_jozsa_v1_000363,benign_deutsch_jozsa_v1_000363,deutsch_jozsa,benign,benign,0,4,2,deutsch_jozsa
benign_deutsch_jozsa_v1_000364,benign_deutsch_jozsa_v1_000364,deutsch_jozsa,benign,benign,3,2,4,deutsch_jozsa
benign_deutsch_jozsa_v1_000365,benign_deutsch_jozsa_v1_000365,deutsch_jozsa,benign,benign,2,2,1,deutsch_jozsa
benign_deutsch_jozsa_v1_000366,benign_deutsch_jozsa_v1_000366,deutsch_jozsa,benign,benign,4,4,0,deutsch_jozsa
benign_deutsch_jozsa_v1_000367,benign_deutsch_jozsa_v1_000367,deutsch_jozsa,benign,benign,3,0,3,deutsch_jozsa
benign_deutsch_jozsa_v1_000368,benign_deutsch_jozsa_v1_000368,deutsch_jozsa,benign,benign,1,0,3,deutsch_jozsa
benign_deutsch_jozsa_v1_000369,benign_deutsch_jozsa_v1_000369,deutsch_jozsa,benign,benign,0,2,1,deutsch_jozsa
benign_deutsch_jozsa_v1_000370,benign_deutsch_jozsa_v1_000370,deutsch_jozsa,benign,benign,2,0,3,deutsch_jozsa
benign_deutsch_jozsa_v1_000371,benign_deutsch_jozsa_v1_000371,deutsch_jozsa,benign,benign,0,4,1,deutsch_jozsa
benign_deutsch_jozsa_v1_000372,benign_deutsch_jozsa_v1_000372,deutsch_jozsa,benign,benign,1,1,2,deutsch_jozsa
benign_deutsch_jozsa_v1_000373,benign_deutsch_jozsa_v1_000373,deutsch_jozsa,benign,benign,1,4,4,deutsch_jozsa
benign_deutsch_jozsa_v1_000374,benign_deutsch_jozsa_v1_000374,deutsch_jozsa,benign,benign,1,1,4,deutsch_jozsa
benign_deutsch_jozsa_v1_000375,benign_deutsch_jozsa_v1_000375,deutsch_jozsa,benign,benign,1,0,4,deutsch_jozsa
benign_deutsch_jozsa_v1_000376,benign_deutsch_jozsa_v1_000376,deutsch_jozsa,benign,benign,1,2,3,deutsch_jozsa
benign_deutsch_jozsa_v1_000377,benign_deutsch_jozsa_v1_000377,deutsch_jozsa,benign,benign,3,4,1,deutsch_jozsa
benign_deutsch_jozsa_v1_000378,benign_deutsch_jozsa_v1_000378,deutsch_jozsa,benign,benign,3,2,3,deutsch_jozsa
benign_deutsch_jozsa_v1_000379,benign_deutsch_jozsa_v1_000379,deutsch_jozsa,benign,benign,0,4,2,deutsch_jozsa
benign_deutsch_jozsa_v1_000380,benign_deutsch_jozsa_v1_000380,deutsch_jozsa,benign,benign,1,4,4,deutsch_jozsa
benign_deutsch_jozsa_v1_000381,benign_deutsch_jozsa_v1_000381,deutsch_jozsa,benign,benign,3,2,3,deutsch_jozsa
benign_deutsch_jozsa_v1_000382,benign_deutsch_jozsa_v1_000382,deutsch_jozsa,benign,benign,1,1,0,deutsch_jozsa
benign_deutsch_jozsa_v1_000383,benign_deutsch_jozsa_v1_000383,deutsch_jozsa,benign,benign,0,4,2,deutsch_jozsa
benign_deutsch_jozsa_v1_000384,benign_deutsch_jozsa_v1_000384,deutsch_jozsa,benign,benign,0,1,3,deutsch_jozsa
benign_deutsch_jozsa_v1_000385,benign_deutsch_jozsa_v1_000385,deutsch_jozsa,benign,benign,3,3,3,deutsch_jozsa
benign_deutsch_jozsa_v1_000386,benign_deutsch_jozsa_v1_000386,deutsch_jozsa,benign,benign,3,2,1,deutsch_jozsa
benign_deutsch_jozsa_v1_000387,benign_deutsch_jozsa_v1_000387,deutsch_jozsa,benign,benign,3,0,1,deutsch_jozsa
benign_deutsch_jozsa_v1_000388,benign_deutsch_jozsa_v1_000388,deutsch_jozsa,benign,benign,2,2,1,deutsch_jozsa
benign_deutsch_jozsa_v1_000389,benign_deutsch_jozsa_v1_000389,deutsch_jozsa,benign,benign,0,3,3,deutsch_jozsa
benign_deutsch_jozsa_v1_000390,benign_deutsch_jozsa_v1_000390,deutsch_jozsa,benign,benign,0,3,1,deutsch_jozsa
benign_deutsch_jozsa_v1_000391,benign_deutsch_jozsa_v1_000391,deutsch_jozsa,benign,benign,1,0,1,deutsch_jozsa
benign_deutsch_jozsa_v1_000392,benign_deutsch_jozsa_v1_000392,deutsch_jozsa,benign,benign,2,0,2,deutsch_jozsa
benign_deutsch_jozsa_v1_000393,benign_deutsch_jozsa_v1_000393,deutsch_jozsa,benign,benign,4,0,3,deutsch_jozsa
benign_deutsch_jozsa_v1_000394,benign_deutsch_jozsa_v1_000394,deutsch_jozsa,benign,benign,3,4,2,deutsch_jozsa
benign_deutsch_jozsa_v1_000395,benign_deutsch_jozsa_v1_000395,deutsch_jozsa,benign,benign,3,0,1,deutsch_jozsa
benign_deutsch_jozsa_v1_000396,benign_deutsch_jozsa_v1_000396,deutsch_jozsa,benign,benign,0,3,2,deutsch_jozsa
benign_deutsch_jozsa_v1_000397,benign_deutsch_jozsa_v1_000397,deutsch_jozsa,benign,benign,4,1,4,deutsch_jozsa
benign_deutsch_jozsa_v1_000398,benign_deutsch_jozsa_v1_000398,deutsch_jozsa,benign,benign,1,4,3,deutsch_jozsa
benign_deutsch_jozsa_v1_000399,benign_deutsch_jozsa_v1_000399,deutsch_jozsa,benign,benign,1,1,4,deutsch_jozsa
benign_deutsch_jozsa_v1_000400,benign_deutsch_jozsa_v1_000400,deutsch_jozsa,benign,benign,3,3,0,deutsch_jozsa
benign_deutsch_jozsa_v1_000401,benign_deutsch_jozsa_v1_000401,deutsch_jozsa,benign,benign,0,3,0,deutsch_jozsa
benign_deutsch_jozsa_v1_000402,benign_deutsch_jozsa_v1_000402,deutsch_jozsa,benign,benign,4,4,4,deutsch_jozsa
benign_deutsch_jozsa_v1_000403,benign_deutsch_jozsa_v1_000403,deutsch_jozsa,benign,benign,1,0,1,deutsch_jozsa
benign_deutsch_jozsa_v1_000404,benign_deutsch_jozsa_v1_000404,deutsch_jozsa,benign,benign,4,1,2,deutsch_jozsa
benign_deutsch_jozsa_v1_000405,benign_deutsch_jozsa_v1_000405,deutsch_jozsa,benign,benign,4,4,1,deutsch_jozsa
benign_deutsch_jozsa_v1_000406,benign_deutsch_jozsa_v1_000406,deutsch_jozsa,benign,benign,1,0,2,deutsch_jozsa
benign_deutsch_jozsa_v1_000407,benign_deutsch_jozsa_v1_000407,deutsch_jozsa,benign,benign,2,1,1,deutsch_jozsa
benign_deutsch_jozsa_v1_000408,benign_deutsch_jozsa_v1_000408,deutsch_jozsa,benign,benign,4,1,3,deutsch_jozsa
benign_deutsch_jozsa_v1_000409,benign_deutsch_jozsa_v1_000409,deutsch_jozsa,benign,benign,2,3,0,deutsch_jozsa
benign_deutsch_jozsa_v1_000410,benign_deutsch_jozsa_v1_000410,deutsch_jozsa,benign,benign,1,0,2,deutsch_jozsa
benign_deutsch_jozsa_v1_000411,benign_deutsch_jozsa_v1_000411,deutsch_jozsa,benign,benign,1,1,2,deutsch_jozsa
benign_deutsch_jozsa_v1_000412,benign_deutsch_jozsa_v1_000412,deutsch_jozsa,benign,benign,4,3,4,deutsch_jozsa
benign_deutsch_jozsa_v1_000413,benign_deutsch_jozsa_v1_000413,deutsch_jozsa,benign,benign,3,2,1,deutsch_jozsa
benign_deutsch_jozsa_v1_000414,benign_deutsch_jozsa_v1_000414,deutsch_jozsa,benign,benign,4,2,3,deutsch_jozsa
benign_deutsch_jozsa_v1_000415,benign_deutsch_jozsa_v1_000415,deutsch_jozsa,benign,benign,2,1,0,deutsch_jozsa
benign_deutsch_jozsa_v1_000416,benign_deutsch_jozsa_v1_000416,deutsch_jozsa,benign,benign,3,0,0,deutsch_jozsa
benign_deutsch_jozsa_v1_000417,benign_deutsch_jozsa_v1_000417,deutsch_jozsa,benign,benign,4,3,2,deutsch_jozsa
benign_deutsch_jozsa_v1_000418,benign_deutsch_jozsa_v1_000418,deutsch_jozsa,benign,benign,2,0,2,deutsch_jozsa
benign_deutsch_jozsa_v1_000419,benign_deutsch_jozsa_v1_000419,deutsch_jozsa,benign,benign,2,0,2,deutsch_jozsa
benign_deutsch_jozsa_v1_000420,benign_deutsch_jozsa_v1_000420,deutsch_jozsa,benign,benign,4,2,4,deutsch_jozsa
benign_deutsch_jozsa_v1_000421,benign_deutsch_jozsa_v1_000421,deutsch_jozsa,benign,benign,3,4,3,deutsch_jozsa
benign_deutsch_jozsa_v1_000422,benign_deutsch_jozsa_v1_000422,deutsch_jozsa,benign,benign,3,4,1,deutsch_jozsa
benign_deutsch_jozsa_v1_000423,benign_deutsch_jozsa_v1_000423,deutsch_jozsa,benign,benign,3,1,0,deutsch_jozsa
benign_deutsch_jozsa_v1_000424,benign_deutsch_jozsa_v1_000424,deutsch_jozsa,benign,benign,0,3,1,deutsch_jozsa
benign_deutsch_jozsa_v1_000425,benign_deutsch_jozsa_v1_000425,deutsch_jozsa,benign,benign,2,2,1,deutsch_jozsa
benign_deutsch_jozsa_v1_000426,benign_deutsch_jozsa_v1_000426,deutsch_jozsa,benign,benign,3,3,1,deutsch_jozsa
benign_deutsch_jozsa_v1_000427,benign_deutsch_jozsa_v1_000427,deutsch_jozsa,benign,benign,4,2,3,deutsch_jozsa
benign_deutsch_jozsa_v1_000428,benign_deutsch_jozsa_v1_000428,deutsch_jozsa,benign,benign,4,0,0,deutsch_jozsa
benign_deutsch_jozsa_v1_000429,benign_deutsch_jozsa_v1_000429,deutsch_jozsa,benign,benign,1,3,4,deutsch_jozsa
benign_deutsch_jozsa_v1_000430,benign_deutsch_jozsa_v1_000430,deutsch_jozsa,benign,benign,2,0,4,deutsch_jozsa
benign_deutsch_jozsa_v1_000431,benign_deutsch_jozsa_v1_000431,deutsch_jozsa,benign,benign,2,0,3,deutsch_jozsa
benign_deutsch_jozsa_v1_000432,benign_deutsch_jozsa_v1_000432,deutsch_jozsa,benign,benign,4,2,2,deutsch_jozsa
benign_deutsch_jozsa_v1_000433,benign_deutsch_jozsa_v1_000433,deutsch_jozsa,benign,benign,4,4,0,deutsch_jozsa
benign_deutsch_jozsa_v1_000434,benign_deutsch_jozsa_v1_000434,deutsch_jozsa,benign,benign,1,4,4,deutsch_jozsa
benign_deutsch_jozsa_v1_000435,benign_deutsch_jozsa_v1_000435,deutsch_jozsa,benign,benign,1,3,3,deutsch_jozsa
benign_deutsch_jozsa_v1_000436,benign_deutsch_jozsa_v1_000436,deutsch_jozsa,benign,benign,4,0,4,deutsch_jozsa
benign_deutsch_jozsa_v1_000437,benign_deutsch_jozsa_v1_000437,deutsch_jozsa,benign,benign,2,1,3,deutsch_jozsa
benign_deutsch_jozsa_v1_000438,benign_deutsch_jozsa_v1_000438,deutsch_jozsa,benign,benign,0,2,0,deutsch_jozsa
benign_deutsch_jozsa_v1_000439,benign_deutsch_jozsa_v1_000439,deutsch_jozsa,benign,benign,4,0,3,deutsch_jozsa
benign_deutsch_jozsa_v1_000440,benign_deutsch_jozsa_v1_000440,deutsch_jozsa,benign,benign,1,1,4,deutsch_jozsa
benign_deutsch_jozsa_v1_000441,benign_deutsch_jozsa_v1_000441,deutsch_jozsa,benign,benign,2,4,1,deutsch_jozsa
benign_deutsch_jozsa_v1_000442,benign_deutsch_jozsa_v1_000442,deutsch_jozsa,benign,benign,0,3,2,deutsch_jozsa
benign_deutsch_jozsa_v1_000443,benign_deutsch_jozsa_v1_000443,deutsch_jozsa,benign,benign,0,1,0,deutsch_jozsa
benign_deutsch_jozsa_v1_000444,benign_deutsch_jozsa_v1_000444,deutsch_jozsa,benign,benign,0,1,4,deutsch_jozsa
benign_deutsch_jozsa_v1_000445,benign_deutsch_jozsa_v1_000445,deutsch_jozsa,benign,benign,3,4,1,deutsch_jozsa
benign_deutsch_jozsa_v1_000446,benign_deutsch_jozsa_v1_000446,deutsch_jozsa,benign,benign,0,0,4,deutsch_jozsa
benign_deutsch_jozsa_v1_000447,benign_deutsch_jozsa_v1_000447,deutsch_jozsa,benign,benign,4,4,4,deutsch_jozsa
benign_deutsch_jozsa_v1_000448,benign_deutsch_jozsa_v1_000448,deutsch_jozsa,benign,benign,3,0,2,deutsch_jozsa
benign_deutsch_jozsa_v1_000449,benign_deutsch_jozsa_v1_000449,deutsch_jozsa,benign,benign,2,0,4,deutsch_jozsa
benign_deutsch_jozsa_v1_000450,benign_deutsch_jozsa_v1_000450,deutsch_jozsa,benign,benign,3,0,2,deutsch_jozsa
benign_deutsch_jozsa_v1_000451,benign_deutsch_jozsa_v1_000451,deutsch_jozsa,benign,benign,1,2,4,deutsch_jozsa
benign_deutsch_jozsa_v1_000452,benign_deutsch_jozsa_v1_000452,deutsch_jozsa,benign,benign,1,3,0,deutsch_jozsa
benign_deutsch_jozsa_v1_000453,benign_deutsch_jozsa_v1_000453,deutsch_jozsa,benign,benign,0,3,4,deutsch_jozsa
benign_deutsch_jozsa_v1_000454,benign_deutsch_jozsa_v1_000454,deutsch_jozsa,benign,benign,2,4,0,deutsch_jozsa
benign_deutsch_jozsa_v1_000455,benign_deutsch_jozsa_v1_000455,deutsch_jozsa,benign,benign,1,2,2,deutsch_jozsa
benign_deutsch_jozsa_v1_000456,benign_deutsch_jozsa_v1_000456,deutsch_jozsa,benign,benign,3,0,1,deutsch_jozsa
benign_deutsch_jozsa_v1_000457,benign_deutsch_jozsa_v1_000457,deutsch_jozsa,benign,benign,0,2,1,deutsch_jozsa
benign_deutsch_jozsa_v1_000458,benign_deutsch_jozsa_v1_000458,deutsch_jozsa,benign,benign,3,0,3,deutsch_jozsa
benign_deutsch_jozsa_v1_000459,benign_deutsch_jozsa_v1_000459,deutsch_jozsa,benign,benign,1,4,0,deutsch_jozsa
benign_deutsch_jozsa_v1_000460,benign_deutsch_jozsa_v1_000460,deutsch_jozsa,benign,benign,3,3,4,deutsch_jozsa
benign_deutsch_jozsa_v1_000461,benign_deutsch_jozsa_v1_000461,deutsch_jozsa,benign,benign,2,3,1,deutsch_jozsa
benign_deutsch_jozsa_v1_000462,benign_deutsch_jozsa_v1_000462,deutsch_jozsa,benign,benign,4,1,1,deutsch_jozsa
benign_deutsch_jozsa_v1_000463,benign_deutsch_jozsa_v1_000463,deutsch_jozsa,benign,benign,2,3,0,deutsch_jozsa
benign_deutsch_jozsa_v1_000464,benign_deutsch_jozsa_v1_000464,deutsch_jozsa,benign,benign,3,0,2,deutsch_jozsa
benign_deutsch_jozsa_v1_000465,benign_deutsch_jozsa_v1_000465,deutsch_jozsa,benign,benign,4,0,2,deutsch_jozsa
benign_deutsch_jozsa_v1_000466,benign_deutsch_jozsa_v1_000466,deutsch_jozsa,benign,benign,3,3,1,deutsch_jozsa
benign_deutsch_jozsa_v1_000467,benign_deutsch_jozsa_v1_000467,deutsch_jozsa,benign,benign,1,4,1,deutsch_jozsa
benign_deutsch_jozsa_v1_000468,benign_deutsch_jozsa_v1_000468,deutsch_jozsa,benign,benign,0,2,0,deutsch_jozsa
benign_deutsch_jozsa_v1_000469,benign_deutsch_jozsa_v1_000469,deutsch_jozsa,benign,benign,0,3,0,deutsch_jozsa
benign_deutsch_jozsa_v1_000470,benign_deutsch_jozsa_v1_000470,deutsch_jozsa,benign,benign,2,1,1,deutsch_jozsa
benign_deutsch_jozsa_v1_000471,benign_deutsch_jozsa_v1_000471,deutsch_jozsa,benign,benign,2,0,1,deutsch_jozsa
benign_deutsch_jozsa_v1_000472,benign_deutsch_jozsa_v1_000472,deutsch_jozsa,benign,benign,3,2,2,deutsch_jozsa
benign_deutsch_jozsa_v1_000473,benign_deutsch_jozsa_v1_000473,deutsch_jozsa,benign,benign,4,3,3,deutsch_jozsa
benign_deutsch_jozsa_v1_000474,benign_deutsch_jozsa_v1_000474,deutsch_jozsa,benign,benign,0,1,4,deutsch_jozsa
benign_deutsch_jozsa_v1_000475,benign_deutsch_jozsa_v1_000475,deutsch_jozsa,benign,benign,0,0,4,deutsch_jozsa
benign_deutsch_jozsa_v1_000476,benign_deutsch_jozsa_v1_000476,deutsch_jozsa,benign,benign,2,2,1,deutsch_jozsa
benign_deutsch_jozsa_v1_000477,benign_deutsch_jozsa_v1_000477,deutsch_jozsa,benign,benign,1,4,2,deutsch_jozsa
benign_deutsch_jozsa_v1_000478,benign_deutsch_jozsa_v1_000478,deutsch_jozsa,benign,benign,3,2,1,deutsch_jozsa
benign_deutsch_jozsa_v1_000479,benign_deutsch_jozsa_v1_000479,deutsch_jozsa,benign,benign,3,1,3,deutsch_jozsa
benign_deutsch_jozsa_v1_000480,benign_deutsch_jozsa_v1_000480,deutsch_jozsa,benign,benign,4,2,4,deutsch_jozsa
benign_deutsch_jozsa_v1_000481,benign_deutsch_jozsa_v1_000481,deutsch_jozsa,benign,benign,0,3,0,deutsch_jozsa
benign_deutsch_jozsa_v1_000482,benign_deutsch_jozsa_v1_000482,deutsch_jozsa,benign,benign,3,2,0,deutsch_jozsa
benign_deutsch_jozsa_v1_000483,benign_deutsch_jozsa_v1_000483,deutsch_jozsa,benign,benign,3,1,1,deutsch_jozsa
benign_deutsch_jozsa_v1_000484,benign_deutsch_jozsa_v1_000484,deutsch_jozsa,benign,benign,0,2,2,deutsch_jozsa
benign_deutsch_jozsa_v1_000485,benign_deutsch_jozsa_v1_000485,deutsch_jozsa,benign,benign,4,3,4,deutsch_jozsa
benign_deutsch_jozsa_v1_000486,benign_deutsch_jozsa_v1_000486,deutsch_jozsa,benign,benign,3,4,0,deutsch_jozsa
benign_deutsch_jozsa_v1_000487,benign_deutsch_jozsa_v1_000487,deutsch_jozsa,benign,benign,3,3,1,deutsch_jozsa
benign_deutsch_jozsa_v1_000488,benign_deutsch_jozsa_v1_000488,deutsch_jozsa,benign,benign,0,0,0,deutsch_jozsa
benign_deutsch_jozsa_v1_000489,benign_deutsch_jozsa_v1_000489,deutsch_jozsa,benign,benign,4,0,2,deutsch_jozsa
benign_deutsch_jozsa_v1_000490,benign_deutsch_jozsa_v1_000490,deutsch_jozsa,benign,benign,3,2,2,deutsch_jozsa
benign_deutsch_jozsa_v1_000491,benign_deutsch_jozsa_v1_000491,deutsch_jozsa,benign,benign,4,2,3,deutsch_jozsa
benign_deutsch_jozsa_v1_000492,benign_deutsch_jozsa_v1_000492,deutsch_jozsa,benign,benign,0,4,3,deutsch_jozsa
benign_deutsch_jozsa_v1_000493,benign_deutsch_jozsa_v1_000493,deutsch_jozsa,benign,benign,0,3,4,deutsch_jozsa
benign_deutsch_jozsa_v1_000494,benign_deutsch_jozsa_v1_000494,deutsch_jozsa,benign,benign,4,2,2,deutsch_jozsa
benign_deutsch_jozsa_v1_000495,benign_deutsch_jozsa_v1_000495,deutsch_jozsa,benign,benign,4,0,1,deutsch_jozsa
benign_deutsch_jozsa_v1_000496,benign_deutsch_jozsa_v1_000496,deutsch_jozsa,benign,benign,1,3,4,deutsch_jozsa
benign_deutsch_jozsa_v1_000497,benign_deutsch_jozsa_v1_000497,deutsch_jozsa,benign,benign,2,4,1,deutsch_jozsa
benign_deutsch_jozsa_v1_000498,benign_deutsch_jozsa_v1_000498,deutsch_jozsa,benign,benign,4,0,4,deutsch_jozsa
benign_deutsch_jozsa_v1_000499,benign_deutsch_jozsa_v1_000499,deutsch_jozsa,benign,benign,2,0,2,deutsch_jozsa
benign_deutsch_jozsa_v1_000500,benign_deutsch_jozsa_v1_000500,deutsch_jozsa,benign,benign,3,0,0,deutsch_jozsa
benign_deutsch_jozsa_v1_000501,benign_deutsch_jozsa_v1_000501,deutsch_jozsa,benign,benign,2,0,3,deutsch_jozsa
benign_deutsch_jozsa_v1_000502,benign_deutsch_jozsa_v1_000502,deutsch_jozsa,benign,benign,2,0,1,deutsch_jozsa
benign_deutsch_jozsa_v1_000503,benign_deutsch_jozsa_v1_000503,deutsch_jozsa,benign,benign,4,0,1,deutsch_jozsa
benign_deutsch_jozsa_v1_000504,benign_deutsch_jozsa_v1_000504,deutsch_jozsa,benign,benign,2,0,0,deutsch_jozsa
benign_deutsch_jozsa_v1_000505,benign_deutsch_jozsa_v1_000505,deutsch_jozsa,benign,benign,3,3,2,deutsch_jozsa
benign_deutsch_jozsa_v1_000506,benign_deutsch_jozsa_v1_000506,deutsch_jozsa,benign,benign,1,0,0,deutsch_jozsa
benign_deutsch_jozsa_v1_000507,benign_deutsch_jozsa_v1_000507,deutsch_jozsa,benign,benign,3,1,0,deutsch_jozsa
benign_deutsch_jozsa_v1_000508,benign_deutsch_jozsa_v1_000508,deutsch_jozsa,benign,benign,0,2,0,deutsch_jozsa
benign_deutsch_jozsa_v1_000509,benign_deutsch_jozsa_v1_000509,deutsch_jozsa,benign,benign,3,3,0,deutsch_jozsa
benign_deutsch_jozsa_v1_000510,benign_deutsch_jozsa_v1_000510,deutsch_jozsa,benign,benign,4,3,2,deutsch_jozsa
benign_deutsch_jozsa_v1_000511,benign_deutsch_jozsa_v1_000511,deutsch_jozsa,benign,benign,3,1,3,deutsch_jozsa
benign_deutsch_jozsa_v1_000512,benign_deutsch_jozsa_v1_000512,deutsch_jozsa,benign,benign,0,2,1,deutsch_jozsa
benign_deutsch_jozsa_v1_000513,benign_deutsch_jozsa_v1_000513,deutsch_jozsa,benign,benign,1,2,3,deutsch_jozsa
benign_deutsch_jozsa_v1_000514,benign_deutsch_jozsa_v1_000514,deutsch_jozsa,benign,benign,0,3,3,deutsch_jozsa
benign_deutsch_jozsa_v1_000515,benign_deutsch_jozsa_v1_000515,deutsch_jozsa,benign,benign,0,4,3,deutsch_jozsa
benign_deutsch_jozsa_v1_000516,benign_deutsch_jozsa_v1_000516,deutsch_jozsa,benign,benign,1,2,1,deutsch_jozsa
benign_deutsch_jozsa_v1_000517,benign_deutsch_jozsa_v1_000517,deutsch_jozsa,benign,benign,0,3,0,deutsch_jozsa
benign_deutsch_jozsa_v1_000518,benign_deutsch_jozsa_v1_000518,deutsch_jozsa,benign,benign,3,1,0,deutsch_jozsa
benign_deutsch_jozsa_v1_000519,benign_deutsch_jozsa_v1_000519,deutsch_jozsa,benign,benign,4,1,1,deutsch_jozsa
benign_deutsch_jozsa_v1_000520,benign_deutsch_jozsa_v1_000520,deutsch_jozsa,benign,benign,1,1,4,deutsch_jozsa
benign_deutsch_jozsa_v1_000521,benign_deutsch_jozsa_v1_000521,deutsch_jozsa,benign,benign,0,3,1,deutsch_jozsa
benign_deutsch_jozsa_v1_000522,benign_deutsch_jozsa_v1_000522,deutsch_jozsa,benign,benign,4,3,3,deutsch_jozsa
benign_deutsch_jozsa_v1_000523,benign_deutsch_jozsa_v1_000523,deutsch_jozsa,benign,benign,2,3,4,deutsch_jozsa
benign_deutsch_jozsa_v1_000524,benign_deutsch_jozsa_v1_000524,deutsch_jozsa,benign,benign,3,0,1,deutsch_jozsa
benign_deutsch_jozsa_v1_000525,benign_deutsch_jozsa_v1_000525,deutsch_jozsa,benign,benign,0,0,4,deutsch_jozsa
benign_deutsch_jozsa_v1_000526,benign_deutsch_jozsa_v1_000526,deutsch_jozsa,benign,benign,1,1,4,deutsch_jozsa
benign_deutsch_jozsa_v1_000527,benign_deutsch_jozsa_v1_000527,deutsch_jozsa,benign,benign,3,3,3,deutsch_jozsa
benign_deutsch_jozsa_v1_000528,benign_deutsch_jozsa_v1_000528,deutsch_jozsa,benign,benign,4,4,0,deutsch_jozsa
benign_deutsch_jozsa_v1_000529,benign_deutsch_jozsa_v1_000529,deutsch_jozsa,benign,benign,1,3,4,deutsch_jozsa
benign_deutsch_jozsa_v1_000530,benign_deutsch_jozsa_v1_000530,deutsch_jozsa,benign,benign,0,2,4,deutsch_jozsa
benign_deutsch_jozsa_v1_000531,benign_deutsch_jozsa_v1_000531,deutsch_jozsa,benign,benign,3,0,0,deutsch_jozsa
benign_deutsch_jozsa_v1_000532,benign_deutsch_jozsa_v1_000532,deutsch_jozsa,benign,benign,3,3,0,deutsch_jozsa
benign_deutsch_jozsa_v1_000533,benign_deutsch_jozsa_v1_000533,deutsch_jozsa,benign,benign,4,4,0,deutsch_jozsa
benign_deutsch_jozsa_v1_000534,benign_deutsch_jozsa_v1_000534,deutsch_jozsa,benign,benign,3,4,3,deutsch_jozsa
benign_deutsch_jozsa_v1_000535,benign_deutsch_jozsa_v1_000535,deutsch_jozsa,benign,benign,3,4,2,deutsch_jozsa
benign_deutsch_jozsa_v1_000536,benign_deutsch_jozsa_v1_000536,deutsch_jozsa,benign,benign,0,0,0,deutsch_jozsa
benign_deutsch_jozsa_v1_000537,benign_deutsch_jozsa_v1_000537,deutsch_jozsa,benign,benign,2,0,4,deutsch_jozsa
benign_deutsch_jozsa_v1_000538,benign_deutsch_jozsa_v1_000538,deutsch_jozsa,benign,benign,2,2,2,deutsch_jozsa
benign_deutsch_jozsa_v1_000539,benign_deutsch_jozsa_v1_000539,deutsch_jozsa,benign,benign,1,4,0,deutsch_jozsa
benign_deutsch_jozsa_v1_000540,benign_deutsch_jozsa_v1_000540,deutsch_jozsa,benign,benign,2,0,3,deutsch_jozsa
benign_deutsch_jozsa_v1_000541,benign_deutsch_jozsa_v1_000541,deutsch_jozsa,benign,benign,0,0,3,deutsch_jozsa
benign_deutsch_jozsa_v1_000542,benign_deutsch_jozsa_v1_000542,deutsch_jozsa,benign,benign,1,1,4,deutsch_jozsa
benign_deutsch_jozsa_v1_000543,benign_deutsch_jozsa_v1_000543,deutsch_jozsa,benign,benign,0,2,0,deutsch_jozsa
benign_deutsch_jozsa_v1_000544,benign_deutsch_jozsa_v1_000544,deutsch_jozsa,benign,benign,2,1,0,deutsch_jozsa
benign_deutsch_jozsa_v1_000545,benign_deutsch_jozsa_v1_000545,deutsch_jozsa,benign,benign,0,1,1,deutsch_jozsa
benign_deutsch_jozsa_v1_000546,benign_deutsch_jozsa_v1_000546,deutsch_jozsa,benign,benign,1,3,2,deutsch_jozsa
benign_deutsch_jozsa_v1_000547,benign_deutsch_jozsa_v1_000547,deutsch_jozsa,benign,benign,4,3,0,deutsch_jozsa
benign_deutsch_jozsa_v1_000548,benign_deutsch_jozsa_v1_000548,deutsch_jozsa,benign,benign,4,4,4,deutsch_jozsa
benign_deutsch_jozsa_v1_000549,benign_deutsch_jozsa_v1_000549,deutsch_jozsa,benign,benign,3,4,3,deutsch_jozsa
benign_deutsch_jozsa_v1_000550,benign_deutsch_jozsa_v1_000550,deutsch_jozsa,benign,benign,4,2,3,deutsch_jozsa
benign_deutsch_jozsa_v1_000551,benign_deutsch_jozsa_v1_000551,deutsch_jozsa,benign,benign,0,3,2,deutsch_jozsa
benign_deutsch_jozsa_v1_000552,benign_deutsch_jozsa_v1_000552,deutsch_jozsa,benign,benign,2,4,1,deutsch_jozsa
benign_deutsch_jozsa_v1_000553,benign_deutsch_jozsa_v1_000553,deutsch_jozsa,benign,benign,4,4,4,deutsch_jozsa
benign_deutsch_jozsa_v1_000554,benign_deutsch_jozsa_v1_000554,deutsch_jozsa,benign,benign,3,2,4,deutsch_jozsa
benign_deutsch_jozsa_v1_000555,benign_deutsch_jozsa_v1_000555,deutsch_jozsa,benign,benign,2,4,2,deutsch_jozsa
benign_deutsch_jozsa_v1_000556,benign_deutsch_jozsa_v1_000556,deutsch_jozsa,benign,benign,2,4,3,deutsch_jozsa
benign_deutsch_jozsa_v1_000557,benign_deutsch_jozsa_v1_000557,deutsch_jozsa,benign,benign,3,3,4,deutsch_jozsa
benign_deutsch_jozsa_v1_000558,benign_deutsch_jozsa_v1_000558,deutsch_jozsa,benign,benign,3,2,0,deutsch_jozsa
benign_deutsch_jozsa_v1_000559,benign_deutsch_jozsa_v1_000559,deutsch_jozsa,benign,benign,4,1,2,deutsch_jozsa
benign_deutsch_jozsa_v1_000560,benign_deutsch_jozsa_v1_000560,deutsch_jozsa,benign,benign,2,2,1,deutsch_jozsa
benign_deutsch_jozsa_v1_000561,benign_deutsch_jozsa_v1_000561,deutsch_jozsa,benign,benign,1,1,0,deutsch_jozsa
benign_deutsch_jozsa_v1_000562,benign_deutsch_jozsa_v1_000562,deutsch_jozsa,benign,benign,4,1,1,deutsch_jozsa
benign_deutsch_jozsa_v1_000563,benign_deutsch_jozsa_v1_000563,deutsch_jozsa,benign,benign,1,1,2,deutsch_jozsa
benign_deutsch_jozsa_v1_000564,benign_deutsch_jozsa_v1_000564,deutsch_jozsa,benign,benign,2,4,4,deutsch_jozsa
benign_deutsch_jozsa_v1_000565,benign_deutsch_jozsa_v1_000565,deutsch_jozsa,benign,benign,0,2,4,deutsch_jozsa
benign_deutsch_jozsa_v1_000566,benign_deutsch_jozsa_v1_000566,deutsch_jozsa,benign,benign,1,3,0,deutsch_jozsa
benign_deutsch_jozsa_v1_000567,benign_deutsch_jozsa_v1_000567,deutsch_jozsa,benign,benign,2,4,2,deutsch_jozsa
benign_deutsch_jozsa_v1_000568,benign_deutsch_jozsa_v1_000568,deutsch_jozsa,benign,benign,4,4,3,deutsch_jozsa
benign_deutsch_jozsa_v1_000569,benign_deutsch_jozsa_v1_000569,deutsch_jozsa,benign,benign,3,2,2,deutsch_jozsa
benign_deutsch_jozsa_v1_000570,benign_deutsch_jozsa_v1_000570,deutsch_jozsa,benign,benign,3,1,4,deutsch_jozsa
benign_deutsch_jozsa_v1_000571,benign_deutsch_jozsa_v1_000571,deutsch_jozsa,benign,benign,4,3,3,deutsch_jozsa
benign_deutsch_jozsa_v1_000572,benign_deutsch_jozsa_v1_000572,deutsch_jozsa,benign,benign,1,3,0,deutsch_jozsa
benign_deutsch_jozsa_v1_000573,benign_deutsch_jozsa_v1_000573,deutsch_jozsa,benign,benign,4,3,2,deutsch_jozsa
benign_deutsch_jozsa_v1_000574,benign_deutsch_jozsa_v1_000574,deutsch_jozsa,benign,benign,0,4,4,deutsch_jozsa
benign_deutsch_jozsa_v1_000575,benign_deutsch_jozsa_v1_000575,deutsch_jozsa,benign,benign,1,3,4,deutsch_jozsa
benign_deutsch_jozsa_v1_000576,benign_deutsch_jozsa_v1_000576,deutsch_jozsa,benign,benign,2,1,1,deutsch_jozsa
benign_deutsch_jozsa_v1_000577,benign_deutsch_jozsa_v1_000577,deutsch_jozsa,benign,benign,2,3,3,deutsch_jozsa
benign_deutsch_jozsa_v1_000578,benign_deutsch_jozsa_v1_000578,deutsch_jozsa,benign,benign,3,3,3,deutsch_jozsa
benign_deutsch_jozsa_v1_000579,benign_deutsch_jozsa_v1_000579,deutsch_jozsa,benign,benign,3,0,0,deutsch_jozsa
benign_deutsch_jozsa_v1_000580,benign_deutsch_jozsa_v1_000580,deutsch_jozsa,benign,benign,4,1,2,deutsch_jozsa
benign_deutsch_jozsa_v1_000581,benign_deutsch_jozsa_v1_000581,deutsch_jozsa,benign,benign,1,1,1,deutsch_jozsa
benign_deutsch_jozsa_v1_000582,benign_deutsch_jozsa_v1_000582,deutsch_jozsa,benign,benign,2,4,2,deutsch_jozsa
benign_deutsch_jozsa_v1_000583,benign_deutsch_jozsa_v1_000583,deutsch_jozsa,benign,benign,2,4,2,deutsch_jozsa
benign_deutsch_jozsa_v1_000584,benign_deutsch_jozsa_v1_000584,deutsch_jozsa,benign,benign,4,2,2,deutsch_jozsa
benign_deutsch_jozsa_v1_000585,benign_deutsch_jozsa_v1_000585,deutsch_jozsa,benign,benign,2,2,0,deutsch_jozsa
benign_deutsch_jozsa_v1_000586,benign_deutsch_jozsa_v1_000586,deutsch_jozsa,benign,benign,4,2,1,deutsch_jozsa
benign_deutsch_jozsa_v1_000587,benign_deutsch_jozsa_v1_000587,deutsch_jozsa,benign,benign,4,1,1,deutsch_jozsa
benign_deutsch_jozsa_v1_000588,benign_deutsch_jozsa_v1_000588,deutsch_jozsa,benign,benign,2,4,2,deutsch_jozsa
benign_deutsch_jozsa_v1_000589,benign_deutsch_jozsa_v1_000589,deutsch_jozsa,benign,benign,2,0,3,deutsch_jozsa
benign_deutsch_jozsa_v1_000590,benign_deutsch_jozsa_v1_000590,deutsch_jozsa,benign,benign,3,2,4,deutsch_jozsa
benign_deutsch_jozsa_v1_000591,benign_deutsch_jozsa_v1_000591,deutsch_jozsa,benign,benign,2,3,0,deutsch_jozsa
benign_deutsch_jozsa_v1_000592,benign_deutsch_jozsa_v1_000592,deutsch_jozsa,benign,benign,4,3,3,deutsch_jozsa
benign_deutsch_jozsa_v1_000593,benign_deutsch_jozsa_v1_000593,deutsch_jozsa,benign,benign,4,1,0,deutsch_jozsa
benign_deutsch_jozsa_v1_000594,benign_deutsch_jozsa_v1_000594,deutsch_jozsa,benign,benign,1,3,2,deutsch_jozsa
benign_deutsch_jozsa_v1_000595,benign_deutsch_jozsa_v1_000595,deutsch_jozsa,benign,benign,3,1,3,deutsch_jozsa
benign_deutsch_jozsa_v1_000596,benign_deutsch_jozsa_v1_000596,deutsch_jozsa,benign,benign,0,1,4,deutsch_jozsa
benign_deutsch_jozsa_v1_000597,benign_deutsch_jozsa_v1_000597,deutsch_jozsa,benign,benign,1,2,4,deutsch_jozsa
benign_deutsch_jozsa_v1_000598,benign_deutsch_jozsa_v1_000598,deutsch_jozsa,benign,benign,3,1,1,deutsch_jozsa
benign_deutsch_jozsa_v1_000599,benign_deutsch_jozsa_v1_000599,deutsch_jozsa,benign,benign,4,1,3,deutsch_jozsa
benign_grover_v1_000000,benign_grover_v1_000000,grover,benign,benign,1,1,1,grover
benign_grover_v1_000001,benign_grover_v1_000001,grover,benign,benign,0,1,3,grover
benign_grover_v1_000002,benign_grover_v1_000002,grover,benign,benign,1,3,2,grover
benign_grover_v1_000003,benign_grover_v1_000003,grover,benign,benign,4,2,3,grover
benign_grover_v1_000004,benign_grover_v1_000004,grover,benign,benign,0,0,1,grover
benign_grover_v1_000005,benign_grover_v1_000005,grover,benign,benign,2,4,3,grover
benign_grover_v1_000006,benign_grover_v1_000006,grover,benign,benign,1,2,3,grover
benign_grover_v1_000007,benign_grover_v1_000007,grover,benign,benign,1,3,2,grover
benign_grover_v1_000008,benign_grover_v1_000008,grover,benign,benign,3,2,3,grover
benign_grover_v1_000009,benign_grover_v1_000009,grover,benign,benign,3,2,3,grover
benign_grover_v1_000010,benign_grover_v1_000010,grover,benign,benign,4,3,2,grover
benign_grover_v1_000011,benign_grover_v1_000011,grover,benign,benign,0,0,3,grover
benign_grover_v1_000012,benign_grover_v1_000012,grover,benign,benign,4,1,2,grover
benign_grover_v1_000013,benign_grover_v1_000013,grover,benign,benign,2,2,3,grover
benign_grover_v1_000014,benign_grover_v1_000014,grover,benign,benign,0,2,2,grover
benign_grover_v1_000015,benign_grover_v1_000015,grover,benign,benign,3,4,0,grover
benign_grover_v1_000016,benign_grover_v1_000016,grover,benign,benign,2,2,3,grover
benign_grover_v1_000017,benign_grover_v1_000017,grover,benign,benign,4,2,0,grover
benign_grover_v1_000018,benign_grover_v1_000018,grover,benign,benign,4,1,2,grover
benign_grover_v1_000019,benign_grover_v1_000019,grover,benign,benign,3,0,4,grover
benign_grover_v1_000020,benign_grover_v1_000020,grover,benign,benign,4,3,4,grover
benign_grover_v1_000021,benign_grover_v1_000021,grover,benign,benign,2,1,1,grover
benign_grover_v1_000022,benign_grover_v1_000022,grover,benign,benign,1,4,0,grover
benign_grover_v1_000023,benign_grover_v1_000023,grover,benign,benign,4,1,4,grover
benign_grover_v1_000024,benign_grover_v1_000024,grover,benign,benign,2,4,1,grover
benign_grover_v1_000025,benign_grover_v1_000025,grover,benign,benign,3,1,0,grover
benign_grover_v1_000026,benign_grover_v1_000026,grover,benign,benign,1,4,2,grover
benign_grover_v1_000027,benign_grover_v1_000027,grover,benign,benign,0,2,0,grover
benign_grover_v1_000028,benign_grover_v1_000028,grover,benign,benign,4,2,1,grover
benign_grover_v1_000029,benign_grover_v1_000029,grover,benign,benign,2,2,3,grover
benign_grover_v1_000030,benign_grover_v1_000030,grover,benign,benign,4,0,0,grover
benign_grover_v1_000031,benign_grover_v1_000031,grover,benign,benign,3,3,0,grover
benign_grover_v1_000032,benign_grover_v1_000032,grover,benign,benign,4,2,0,grover
benign_grover_v1_000033,benign_grover_v1_000033,grover,benign,benign,0,3,3,grover
benign_grover_v1_000034,benign_grover_v1_000034,grover,benign,benign,3,4,4,grover
benign_grover_v1_000035,benign_grover_v1_000035,grover,benign,benign,4,2,2,grover
benign_grover_v1_000036,benign_grover_v1_000036,grover,benign,benign,4,3,2,grover
benign_grover_v1_000037,benign_grover_v1_000037,grover,benign,benign,2,4,1,grover
benign_grover_v1_000038,benign_grover_v1_000038,grover,benign,benign,1,3,1,grover
benign_grover_v1_000039,benign_grover_v1_000039,grover,benign,benign,1,1,2,grover
benign_grover_v1_000040,benign_grover_v1_000040,grover,benign,benign,1,1,1,grover
benign_grover_v1_000041,benign_grover_v1_000041,grover,benign,benign,2,0,1,grover
benign_grover_v1_000042,benign_grover_v1_000042,grover,benign,benign,4,2,0,grover
benign_grover_v1_000043,benign_grover_v1_000043,grover,benign,benign,3,3,0,grover
benign_grover_v1_000044,benign_grover_v1_000044,grover,benign,benign,4,0,2,grover
benign_grover_v1_000045,benign_grover_v1_000045,grover,benign,benign,2,0,2,grover
benign_grover_v1_000046,benign_grover_v1_000046,grover,benign,benign,3,3,0,grover
benign_grover_v1_000047,benign_grover_v1_000047,grover,benign,benign,0,1,3,grover
benign_grover_v1_000048,benign_grover_v1_000048,grover,benign,benign,3,4,2,grover
benign_grover_v1_000049,benign_grover_v1_000049,grover,benign,benign,2,0,2,grover
benign_grover_v1_000050,benign_grover_v1_000050,grover,benign,benign,0,2,4,grover
benign_grover_v1_000051,benign_grover_v1_000051,grover,benign,benign,4,1,4,grover
benign_grover_v1_000052,benign_grover_v1_000052,grover,benign,benign,4,3,1,grover
benign_grover_v1_000053,benign_grover_v1_000053,grover,benign,benign,4,0,2,grover
benign_grover_v1_000054,benign_grover_v1_000054,grover,benign,benign,0,4,3,grover
benign_grover_v1_000055,benign_grover_v1_000055,grover,benign,benign,1,4,2,grover
benign_grover_v1_000056,benign_grover_v1_000056,grover,benign,benign,1,3,1,grover
benign_grover_v1_000057,benign_grover_v1_000057,grover,benign,benign,4,3,4,grover
benign_grover_v1_000058,benign_grover_v1_000058,grover,benign,benign,1,4,0,grover
benign_grover_v1_000059,benign_grover_v1_000059,grover,benign,benign,0,4,3,grover
benign_grover_v1_000060,benign_grover_v1_000060,grover,benign,benign,0,0,2,grover
benign_grover_v1_000061,benign_grover_v1_000061,grover,benign,benign,2,1,0,grover
benign_grover_v1_000062,benign_grover_v1_000062,grover,benign,benign,3,4,0,grover
benign_grover_v1_000063,benign_grover_v1_000063,grover,benign,benign,3,3,1,grover
benign_grover_v1_000064,benign_grover_v1_000064,grover,benign,benign,0,1,0,grover
benign_grover_v1_000065,benign_grover_v1_000065,grover,benign,benign,2,0,2,grover
benign_grover_v1_000066,benign_grover_v1_000066,grover,benign,benign,2,4,3,grover
benign_grover_v1_000067,benign_grover_v1_000067,grover,benign,benign,1,0,3,grover
benign_grover_v1_000068,benign_grover_v1_000068,grover,benign,benign,1,4,2,grover
benign_grover_v1_000069,benign_grover_v1_000069,grover,benign,benign,4,2,3,grover
benign_grover_v1_000070,benign_grover_v1_000070,grover,benign,benign,0,3,4,grover
benign_grover_v1_000071,benign_grover_v1_000071,grover,benign,benign,0,3,4,grover
benign_grover_v1_000072,benign_grover_v1_000072,grover,benign,benign,4,2,3,grover
benign_grover_v1_000073,benign_grover_v1_000073,grover,benign,benign,0,0,3,grover
benign_grover_v1_000074,benign_grover_v1_000074,grover,benign,benign,2,1,2,grover
benign_grover_v1_000075,benign_grover_v1_000075,grover,benign,benign,0,3,0,grover
benign_grover_v1_000076,benign_grover_v1_000076,grover,benign,benign,0,0,3,grover
benign_grover_v1_000077,benign_grover_v1_000077,grover,benign,benign,1,3,3,grover
benign_grover_v1_000078,benign_grover_v1_000078,grover,benign,benign,0,4,4,grover
benign_grover_v1_000079,benign_grover_v1_000079,grover,benign,benign,1,1,4,grover
benign_grover_v1_000080,benign_grover_v1_000080,grover,benign,benign,1,3,1,grover
benign_grover_v1_000081,benign_grover_v1_000081,grover,benign,benign,2,3,1,grover
benign_grover_v1_000082,benign_grover_v1_000082,grover,benign,benign,2,0,4,grover
benign_grover_v1_000083,benign_grover_v1_000083,grover,benign,benign,3,3,1,grover
benign_grover_v1_000084,benign_grover_v1_000084,grover,benign,benign,2,1,3,grover
benign_grover_v1_000085,benign_grover_v1_000085,grover,benign,benign,0,1,0,grover
benign_grover_v1_000086,benign_grover_v1_000086,grover,benign,benign,4,4,1,grover
benign_grover_v1_000087,benign_grover_v1_000087,grover,benign,benign,4,1,3,grover
benign_grover_v1_000088,benign_grover_v1_000088,grover,benign,benign,0,4,0,grover
benign_grover_v1_000089,benign_grover_v1_000089,grover,benign,benign,1,2,0,grover
benign_grover_v1_000090,benign_grover_v1_000090,grover,benign,benign,4,1,1,grover
benign_grover_v1_000091,benign_grover_v1_000091,grover,benign,benign,2,1,0,grover
benign_grover_v1_000092,benign_grover_v1_000092,grover,benign,benign,1,2,0,grover
benign_grover_v1_000093,benign_grover_v1_000093,grover,benign,benign,0,2,1,grover
benign_grover_v1_000094,benign_grover_v1_000094,grover,benign,benign,0,1,0,grover
benign_grover_v1_000095,benign_grover_v1_000095,grover,benign,benign,0,1,3,grover
benign_grover_v1_000096,benign_grover_v1_000096,grover,benign,benign,4,4,4,grover
benign_grover_v1_000097,benign_grover_v1_000097,grover,benign,benign,1,1,1,grover
benign_grover_v1_000098,benign_grover_v1_000098,grover,benign,benign,3,1,0,grover
benign_grover_v1_000099,benign_grover_v1_000099,grover,benign,benign,4,1,3,grover
benign_grover_v1_000100,benign_grover_v1_000100,grover,benign,benign,2,1,2,grover
benign_grover_v1_000101,benign_grover_v1_000101,grover,benign,benign,4,0,3,grover
benign_grover_v1_000102,benign_grover_v1_000102,grover,benign,benign,3,4,0,grover
benign_grover_v1_000103,benign_grover_v1_000103,grover,benign,benign,0,4,0,grover
benign_grover_v1_000104,benign_grover_v1_000104,grover,benign,benign,4,4,4,grover
benign_grover_v1_000105,benign_grover_v1_000105,grover,benign,benign,3,0,4,grover
benign_grover_v1_000106,benign_grover_v1_000106,grover,benign,benign,0,0,0,grover
benign_grover_v1_000107,benign_grover_v1_000107,grover,benign,benign,0,3,0,grover
benign_grover_v1_000108,benign_grover_v1_000108,grover,benign,benign,4,4,0,grover
benign_grover_v1_000109,benign_grover_v1_000109,grover,benign,benign,0,4,4,grover
benign_grover_v1_000110,benign_grover_v1_000110,grover,benign,benign,4,2,3,grover
benign_grover_v1_000111,benign_grover_v1_000111,grover,benign,benign,2,4,0,grover
benign_grover_v1_000112,benign_grover_v1_000112,grover,benign,benign,0,2,4,grover
benign_grover_v1_000113,benign_grover_v1_000113,grover,benign,benign,3,4,2,grover
benign_grover_v1_000114,benign_grover_v1_000114,grover,benign,benign,3,2,1,grover
benign_grover_v1_000115,benign_grover_v1_000115,grover,benign,benign,3,2,0,grover
benign_grover_v1_000116,benign_grover_v1_000116,grover,benign,benign,0,1,4,grover
benign_grover_v1_000117,benign_grover_v1_000117,grover,benign,benign,1,0,4,grover
benign_grover_v1_000118,benign_grover_v1_000118,grover,benign,benign,3,1,4,grover
benign_grover_v1_000119,benign_grover_v1_000119,grover,benign,benign,1,0,1,grover
benign_grover_v1_000120,benign_grover_v1_000120,grover,benign,benign,4,4,1,grover
benign_grover_v1_000121,benign_grover_v1_000121,grover,benign,benign,3,1,3,grover
benign_grover_v1_000122,benign_grover_v1_000122,grover,benign,benign,4,2,0,grover
benign_grover_v1_000123,benign_grover_v1_000123,grover,benign,benign,2,4,1,grover
benign_grover_v1_000124,benign_grover_v1_000124,grover,benign,benign,4,3,0,grover
benign_grover_v1_000125,benign_grover_v1_000125,grover,benign,benign,0,0,3,grover
benign_grover_v1_000126,benign_grover_v1_000126,grover,benign,benign,2,3,1,grover
benign_grover_v1_000127,benign_grover_v1_000127,grover,benign,benign,0,4,1,grover
benign_grover_v1_000128,benign_grover_v1_000128,grover,benign,benign,0,2,4,grover
benign_grover_v1_000129,benign_grover_v1_000129,grover,benign,benign,3,0,1,grover
benign_grover_v1_000130,benign_grover_v1_000130,grover,benign,benign,0,0,1,grover
benign_grover_v1_000131,benign_grover_v1_000131,grover,benign,benign,4,1,3,grover
benign_grover_v1_000132,benign_grover_v1_000132,grover,benign,benign,0,0,2,grover
benign_grover_v1_000133,benign_grover_v1_000133,grover,benign,benign,0,3,1,grover
benign_grover_v1_000134,benign_grover_v1_000134,grover,benign,benign,1,0,1,grover
benign_grover_v1_000135,benign_grover_v1_000135,grover,benign,benign,4,1,0,grover
benign_grover_v1_000136,benign_grover_v1_000136,grover,benign,benign,2,0,4,grover
benign_grover_v1_000137,benign_grover_v1_000137,grover,benign,benign,0,3,1,grover
benign_grover_v1_000138,benign_grover_v1_000138,grover,benign,benign,2,3,2,grover
benign_grover_v1_000139,benign_grover_v1_000139,grover,benign,benign,0,3,2,grover
benign_grover_v1_000140,benign_grover_v1_000140,grover,benign,benign,1,4,1,grover
benign_grover_v1_000141,benign_grover_v1_000141,grover,benign,benign,3,4,3,grover
benign_grover_v1_000142,benign_grover_v1_000142,grover,benign,benign,3,4,2,grover
benign_grover_v1_000143,benign_grover_v1_000143,grover,benign,benign,0,0,1,grover
benign_grover_v1_000144,benign_grover_v1_000144,grover,benign,benign,3,1,4,grover
benign_grover_v1_000145,benign_grover_v1_000145,grover,benign,benign,2,2,4,grover
benign_grover_v1_000146,benign_grover_v1_000146,grover,benign,benign,1,4,1,grover
benign_grover_v1_000147,benign_grover_v1_000147,grover,benign,benign,1,3,2,grover
benign_grover_v1_000148,benign_grover_v1_000148,grover,benign,benign,1,4,2,grover
benign_grover_v1_000149,benign_grover_v1_000149,grover,benign,benign,2,2,0,grover
benign_grover_v1_000150,benign_grover_v1_000150,grover,benign,benign,4,1,1,grover
benign_grover_v1_000151,benign_grover_v1_000151,grover,benign,benign,1,3,2,grover
benign_grover_v1_000152,benign_grover_v1_000152,grover,benign,benign,0,3,2,grover
benign_grover_v1_000153,benign_grover_v1_000153,grover,benign,benign,2,1,0,grover
benign_grover_v1_000154,benign_grover_v1_000154,grover,benign,benign,3,0,3,grover
benign_grover_v1_000155,benign_grover_v1_000155,grover,benign,benign,0,4,1,grover
benign_grover_v1_000156,benign_grover_v1_000156,grover,benign,benign,2,2,0,grover
benign_grover_v1_000157,benign_grover_v1_000157,grover,benign,benign,0,2,1,grover
benign_grover_v1_000158,benign_grover_v1_000158,grover,benign,benign,4,4,2,grover
benign_grover_v1_000159,benign_grover_v1_000159,grover,benign,benign,2,4,4,grover
benign_grover_v1_000160,benign_grover_v1_000160,grover,benign,benign,2,1,4,grover
benign_grover_v1_000161,benign_grover_v1_000161,grover,benign,benign,2,0,1,grover
benign_grover_v1_000162,benign_grover_v1_000162,grover,benign,benign,4,3,1,grover
benign_grover_v1_000163,benign_grover_v1_000163,grover,benign,benign,2,4,1,grover
benign_grover_v1_000164,benign_grover_v1_000164,grover,benign,benign,2,2,0,grover
benign_grover_v1_000165,benign_grover_v1_000165,grover,benign,benign,1,0,3,grover
benign_grover_v1_000166,benign_grover_v1_000166,grover,benign,benign,4,0,2,grover
benign_grover_v1_000167,benign_grover_v1_000167,grover,benign,benign,0,4,0,grover
benign_grover_v1_000168,benign_grover_v1_000168,grover,benign,benign,3,1,2,grover
benign_grover_v1_000169,benign_grover_v1_000169,grover,benign,benign,2,2,4,grover
benign_grover_v1_000170,benign_grover_v1_000170,grover,benign,benign,3,0,1,grover
benign_grover_v1_000171,benign_grover_v1_000171,grover,benign,benign,1,1,2,grover
benign_grover_v1_000172,benign_grover_v1_000172,grover,benign,benign,1,3,3,grover
benign_grover_v1_000173,benign_grover_v1_000173,grover,benign,benign,1,3,0,grover
benign_grover_v1_000174,benign_grover_v1_000174,grover,benign,benign,0,4,0,grover
benign_grover_v1_000175,benign_grover_v1_000175,grover,benign,benign,4,3,1,grover
benign_grover_v1_000176,benign_grover_v1_000176,grover,benign,benign,0,3,2,grover
benign_grover_v1_000177,benign_grover_v1_000177,grover,benign,benign,4,3,0,grover
benign_grover_v1_000178,benign_grover_v1_000178,grover,benign,benign,1,4,2,grover
benign_grover_v1_000179,benign_grover_v1_000179,grover,benign,benign,0,3,3,grover
benign_grover_v1_000180,benign_grover_v1_000180,grover,benign,benign,0,4,3,grover
benign_grover_v1_000181,benign_grover_v1_000181,grover,benign,benign,2,1,3,grover
benign_grover_v1_000182,benign_grover_v1_000182,grover,benign,benign,0,0,1,grover
benign_grover_v1_000183,benign_grover_v1_000183,grover,benign,benign,3,1,4,grover
benign_grover_v1_000184,benign_grover_v1_000184,grover,benign,benign,0,2,3,grover
benign_grover_v1_000185,benign_grover_v1_000185,grover,benign,benign,4,1,0,grover
benign_grover_v1_000186,benign_grover_v1_000186,grover,benign,benign,1,3,1,grover
benign_grover_v1_000187,benign_grover_v1_000187,grover,benign,benign,1,1,1,grover
benign_grover_v1_000188,benign_grover_v1_000188,grover,benign,benign,3,2,2,grover
benign_grover_v1_000189,benign_grover_v1_000189,grover,benign,benign,1,1,0,grover
benign_grover_v1_000190,benign_grover_v1_000190,grover,benign,benign,0,1,4,grover
benign_grover_v1_000191,benign_grover_v1_000191,grover,benign,benign,4,1,2,grover
benign_grover_v1_000192,benign_grover_v1_000192,grover,benign,benign,1,4,0,grover
benign_grover_v1_000193,benign_grover_v1_000193,grover,benign,benign,1,1,3,grover
benign_grover_v1_000194,benign_grover_v1_000194,grover,benign,benign,3,0,0,grover
benign_grover_v1_000195,benign_grover_v1_000195,grover,benign,benign,3,2,3,grover
benign_grover_v1_000196,benign_grover_v1_000196,grover,benign,benign,1,4,2,grover
benign_grover_v1_000197,benign_grover_v1_000197,grover,benign,benign,3,4,4,grover
benign_grover_v1_000198,benign_grover_v1_000198,grover,benign,benign,1,4,0,grover
benign_grover_v1_000199,benign_grover_v1_000199,grover,benign,benign,3,2,4,grover
benign_grover_v1_000200,benign_grover_v1_000200,grover,benign,benign,2,0,1,grover
benign_grover_v1_000201,benign_grover_v1_000201,grover,benign,benign,1,4,4,grover
benign_grover_v1_000202,benign_grover_v1_000202,grover,benign,benign,3,4,2,grover
benign_grover_v1_000203,benign_grover_v1_000203,grover,benign,benign,2,0,2,grover
benign_grover_v1_000204,benign_grover_v1_000204,grover,benign,benign,2,1,3,grover
benign_grover_v1_000205,benign_grover_v1_000205,grover,benign,benign,2,3,4,grover
benign_grover_v1_000206,benign_grover_v1_000206,grover,benign,benign,3,3,4,grover
benign_grover_v1_000207,benign_grover_v1_000207,grover,benign,benign,3,0,0,grover
benign_grover_v1_000208,benign_grover_v1_000208,grover,benign,benign,4,4,4,grover
benign_grover_v1_000209,benign_grover_v1_000209,grover,benign,benign,0,4,4,grover
benign_grover_v1_000210,benign_grover_v1_000210,grover,benign,benign,3,3,3,grover
benign_grover_v1_000211,benign_grover_v1_000211,grover,benign,benign,3,0,4,grover
benign_grover_v1_000212,benign_grover_v1_000212,grover,benign,benign,3,0,3,grover
benign_grover_v1_000213,benign_grover_v1_000213,grover,benign,benign,3,3,3,grover
benign_grover_v1_000214,benign_grover_v1_000214,grover,benign,benign,2,2,3,grover
benign_grover_v1_000215,benign_grover_v1_000215,grover,benign,benign,4,3,4,grover
benign_grover_v1_000216,benign_grover_v1_000216,grover,benign,benign,2,3,4,grover
benign_grover_v1_000217,benign_grover_v1_000217,grover,benign,benign,1,4,4,grover
benign_grover_v1_000218,benign_grover_v1_000218,grover,benign,benign,1,0,1,grover
benign_grover_v1_000219,benign_grover_v1_000219,grover,benign,benign,1,4,2,grover
benign_grover_v1_000220,benign_grover_v1_000220,grover,benign,benign,0,3,0,grover
benign_grover_v1_000221,benign_grover_v1_000221,grover,benign,benign,4,2,3,grover
benign_grover_v1_000222,benign_grover_v1_000222,grover,benign,benign,0,4,3,grover
benign_grover_v1_000223,benign_grover_v1_000223,grover,benign,benign,0,2,4,grover
benign_grover_v1_000224,benign_grover_v1_000224,grover,benign,benign,2,2,4,grover
benign_grover_v1_000225,benign_grover_v1_000225,grover,benign,benign,4,1,4,grover
benign_grover_v1_000226,benign_grover_v1_000226,grover,benign,benign,1,2,0,grover
benign_grover_v1_000227,benign_grover_v1_000227,grover,benign,benign,3,3,3,grover
benign_grover_v1_000228,benign_grover_v1_000228,grover,benign,benign,4,4,3,grover
benign_grover_v1_000229,benign_grover_v1_000229,grover,benign,benign,4,0,4,grover
benign_grover_v1_000230,benign_grover_v1_000230,grover,benign,benign,3,3,2,grover
benign_grover_v1_000231,benign_grover_v1_000231,grover,benign,benign,3,4,0,grover
benign_grover_v1_000232,benign_grover_v1_000232,grover,benign,benign,2,3,2,grover
benign_grover_v1_000233,benign_grover_v1_000233,grover,benign,benign,1,0,3,grover
benign_grover_v1_000234,benign_grover_v1_000234,grover,benign,benign,4,4,4,grover
benign_grover_v1_000235,benign_grover_v1_000235,grover,benign,benign,1,2,2,grover
benign_grover_v1_000236,benign_grover_v1_000236,grover,benign,benign,2,0,4,grover
benign_grover_v1_000237,benign_grover_v1_000237,grover,benign,benign,1,0,3,grover
benign_grover_v1_000238,benign_grover_v1_000238,grover,benign,benign,2,0,1,grover
benign_grover_v1_000239,benign_grover_v1_000239,grover,benign,benign,3,4,1,grover
benign_grover_v1_000240,benign_grover_v1_000240,grover,benign,benign,1,2,1,grover
benign_grover_v1_000241,benign_grover_v1_000241,grover,benign,benign,0,3,4,grover
benign_grover_v1_000242,benign_grover_v1_000242,grover,benign,benign,3,1,4,grover
benign_grover_v1_000243,benign_grover_v1_000243,grover,benign,benign,3,2,3,grover
benign_grover_v1_000244,benign_grover_v1_000244,grover,benign,benign,3,1,3,grover
benign_grover_v1_000245,benign_grover_v1_000245,grover,benign,benign,0,4,1,grover
benign_grover_v1_000246,benign_grover_v1_000246,grover,benign,benign,0,1,1,grover
benign_grover_v1_000247,benign_grover_v1_000247,grover,benign,benign,4,3,3,grover
benign_grover_v1_000248,benign_grover_v1_000248,grover,benign,benign,2,0,1,grover
benign_grover_v1_000249,benign_grover_v1_000249,grover,benign,benign,3,4,4,grover
benign_grover_v1_000250,benign_grover_v1_000250,grover,benign,benign,1,1,2,grover
benign_grover_v1_000251,benign_grover_v1_000251,grover,benign,benign,0,4,1,grover
benign_grover_v1_000252,benign_grover_v1_000252,grover,benign,benign,1,0,2,grover
benign_grover_v1_000253,benign_grover_v1_000253,grover,benign,benign,4,2,1,grover
benign_grover_v1_000254,benign_grover_v1_000254,grover,benign,benign,1,4,2,grover
benign_grover_v1_000255,benign_grover_v1_000255,grover,benign,benign,2,0,4,grover
benign_grover_v1_000256,benign_grover_v1_000256,grover,benign,benign,3,2,0,grover
benign_grover_v1_000257,benign_grover_v1_000257,grover,benign,benign,4,0,2,grover
benign_grover_v1_000258,benign_grover_v1_000258,grover,benign,benign,1,0,2,grover
benign_grover_v1_000259,benign_grover_v1_000259,grover,benign,benign,3,4,2,grover
benign_grover_v1_000260,benign_grover_v1_000260,grover,benign,benign,0,2,0,grover
benign_grover_v1_000261,benign_grover_v1_000261,grover,benign,benign,0,0,0,grover
benign_grover_v1_000262,benign_grover_v1_000262,grover,benign,benign,0,3,0,grover
benign_grover_v1_000263,benign_grover_v1_000263,grover,benign,benign,0,2,3,grover
benign_grover_v1_000264,benign_grover_v1_000264,grover,benign,benign,4,2,2,grover
benign_grover_v1_000265,benign_grover_v1_000265,grover,benign,benign,2,1,3,grover
benign_grover_v1_000266,benign_grover_v1_000266,grover,benign,benign,4,4,1,grover
benign_grover_v1_000267,benign_grover_v1_000267,grover,benign,benign,3,3,0,grover
benign_grover_v1_000268,benign_grover_v1_000268,grover,benign,benign,3,2,1,grover
benign_grover_v1_000269,benign_grover_v1_000269,grover,benign,benign,1,3,0,grover
benign_grover_v1_000270,benign_grover_v1_000270,grover,benign,benign,1,1,0,grover
benign_grover_v1_000271,benign_grover_v1_000271,grover,benign,benign,1,1,1,grover
benign_grover_v1_000272,benign_grover_v1_000272,grover,benign,benign,0,2,4,grover
benign_grover_v1_000273,benign_grover_v1_000273,grover,benign,benign,3,1,1,grover
benign_grover_v1_000274,benign_grover_v1_000274,grover,benign,benign,0,1,0,grover
benign_grover_v1_000275,benign_grover_v1_000275,grover,benign,benign,1,4,1,grover
benign_grover_v1_000276,benign_grover_v1_000276,grover,benign,benign,1,4,1,grover
benign_grover_v1_000277,benign_grover_v1_000277,grover,benign,benign,1,0,1,grover
benign_grover_v1_000278,benign_grover_v1_000278,grover,benign,benign,2,2,3,grover
benign_grover_v1_000279,benign_grover_v1_000279,grover,benign,benign,3,4,3,grover
benign_grover_v1_000280,benign_grover_v1_000280,grover,benign,benign,4,0,4,grover
benign_grover_v1_000281,benign_grover_v1_000281,grover,benign,benign,2,0,1,grover
benign_grover_v1_000282,benign_grover_v1_000282,grover,benign,benign,3,3,1,grover
benign_grover_v1_000283,benign_grover_v1_000283,grover,benign,benign,0,2,0,grover
benign_grover_v1_000284,benign_grover_v1_000284,grover,benign,benign,1,1,2,grover
benign_grover_v1_000285,benign_grover_v1_000285,grover,benign,benign,3,0,2,grover
benign_grover_v1_000286,benign_grover_v1_000286,grover,benign,benign,4,2,2,grover
benign_grover_v1_000287,benign_grover_v1_000287,grover,benign,benign,2,2,0,grover
benign_grover_v1_000288,benign_grover_v1_000288,grover,benign,benign,0,0,4,grover
benign_grover_v1_000289,benign_grover_v1_000289,grover,benign,benign,2,2,0,grover
benign_grover_v1_000290,benign_grover_v1_000290,grover,benign,benign,3,3,4,grover
benign_grover_v1_000291,benign_grover_v1_000291,grover,benign,benign,4,2,0,grover
benign_grover_v1_000292,benign_grover_v1_000292,grover,benign,benign,4,1,4,grover
benign_grover_v1_000293,benign_grover_v1_000293,grover,benign,benign,2,2,4,grover
benign_grover_v1_000294,benign_grover_v1_000294,grover,benign,benign,0,4,4,grover
benign_grover_v1_000295,benign_grover_v1_000295,grover,benign,benign,3,4,2,grover
benign_grover_v1_000296,benign_grover_v1_000296,grover,benign,benign,3,4,1,grover
benign_grover_v1_000297,benign_grover_v1_000297,grover,benign,benign,2,0,1,grover
benign_grover_v1_000298,benign_grover_v1_000298,grover,benign,benign,2,4,0,grover
benign_grover_v1_000299,benign_grover_v1_000299,grover,benign,benign,4,3,2,grover
benign_grover_v1_000300,benign_grover_v1_000300,grover,benign,benign,2,3,0,grover
benign_grover_v1_000301,benign_grover_v1_000301,grover,benign,benign,3,1,0,grover
benign_grover_v1_000302,benign_grover_v1_000302,grover,benign,benign,2,2,4,grover
benign_grover_v1_000303,benign_grover_v1_000303,grover,benign,benign,0,3,2,grover
benign_grover_v1_000304,benign_grover_v1_000304,grover,benign,benign,2,1,1,grover
benign_grover_v1_000305,benign_grover_v1_000305,grover,benign,benign,3,1,1,grover
benign_grover_v1_000306,benign_grover_v1_000306,grover,benign,benign,1,2,3,grover
benign_grover_v1_000307,benign_grover_v1_000307,grover,benign,benign,4,3,0,grover
benign_grover_v1_000308,benign_grover_v1_000308,grover,benign,benign,4,3,3,grover
benign_grover_v1_000309,benign_grover_v1_000309,grover,benign,benign,3,4,3,grover
benign_grover_v1_000310,benign_grover_v1_000310,grover,benign,benign,4,3,4,grover
benign_grover_v1_000311,benign_grover_v1_000311,grover,benign,benign,4,4,2,grover
benign_grover_v1_000312,benign_grover_v1_000312,grover,benign,benign,1,4,4,grover
benign_grover_v1_000313,benign_grover_v1_000313,grover,benign,benign,4,4,2,grover
benign_grover_v1_000314,benign_grover_v1_000314,grover,benign,benign,4,3,4,grover
benign_grover_v1_000315,benign_grover_v1_000315,grover,benign,benign,0,0,3,grover
benign_grover_v1_000316,benign_grover_v1_000316,grover,benign,benign,1,0,4,grover
benign_grover_v1_000317,benign_grover_v1_000317,grover,benign,benign,0,4,2,grover
benign_grover_v1_000318,benign_grover_v1_000318,grover,benign,benign,2,4,2,grover
benign_grover_v1_000319,benign_grover_v1_000319,grover,benign,benign,4,2,4,grover
benign_grover_v1_000320,benign_grover_v1_000320,grover,benign,benign,2,4,4,grover
benign_grover_v1_000321,benign_grover_v1_000321,grover,benign,benign,3,0,0,grover
benign_grover_v1_000322,benign_grover_v1_000322,grover,benign,benign,0,3,4,grover
benign_grover_v1_000323,benign_grover_v1_000323,grover,benign,benign,4,3,0,grover
benign_grover_v1_000324,benign_grover_v1_000324,grover,benign,benign,0,3,0,grover
benign_grover_v1_000325,benign_grover_v1_000325,grover,benign,benign,0,1,4,grover
benign_grover_v1_000326,benign_grover_v1_000326,grover,benign,benign,3,4,0,grover
benign_grover_v1_000327,benign_grover_v1_000327,grover,benign,benign,2,2,0,grover
benign_grover_v1_000328,benign_grover_v1_000328,grover,benign,benign,0,4,0,grover
benign_grover_v1_000329,benign_grover_v1_000329,grover,benign,benign,2,1,4,grover
benign_grover_v1_000330,benign_grover_v1_000330,grover,benign,benign,2,3,0,grover
benign_grover_v1_000331,benign_grover_v1_000331,grover,benign,benign,0,1,0,grover
benign_grover_v1_000332,benign_grover_v1_000332,grover,benign,benign,1,3,4,grover
benign_grover_v1_000333,benign_grover_v1_000333,grover,benign,benign,3,1,1,grover
benign_grover_v1_000334,benign_grover_v1_000334,grover,benign,benign,3,0,2,grover
benign_grover_v1_000335,benign_grover_v1_000335,grover,benign,benign,3,1,2,grover
benign_grover_v1_000336,benign_grover_v1_000336,grover,benign,benign,2,2,4,grover
benign_grover_v1_000337,benign_grover_v1_000337,grover,benign,benign,4,3,3,grover
benign_grover_v1_000338,benign_grover_v1_000338,grover,benign,benign,1,1,0,grover
benign_grover_v1_000339,benign_grover_v1_000339,grover,benign,benign,0,4,2,grover
benign_grover_v1_000340,benign_grover_v1_000340,grover,benign,benign,3,3,1,grover
benign_grover_v1_000341,benign_grover_v1_000341,grover,benign,benign,2,2,3,grover
benign_grover_v1_000342,benign_grover_v1_000342,grover,benign,benign,3,3,1,grover
benign_grover_v1_000343,benign_grover_v1_000343,grover,benign,benign,1,0,2,grover
benign_grover_v1_000344,benign_grover_v1_000344,grover,benign,benign,3,4,4,grover
benign_grover_v1_000345,benign_grover_v1_000345,grover,benign,benign,0,3,4,grover
benign_grover_v1_000346,benign_grover_v1_000346,grover,benign,benign,3,1,4,grover
benign_grover_v1_000347,benign_grover_v1_000347,grover,benign,benign,3,0,2,grover
benign_grover_v1_000348,benign_grover_v1_000348,grover,benign,benign,2,0,1,grover
benign_grover_v1_000349,benign_grover_v1_000349,grover,benign,benign,4,2,1,grover
benign_grover_v1_000350,benign_grover_v1_000350,grover,benign,benign,4,3,2,grover
benign_grover_v1_000351,benign_grover_v1_000351,grover,benign,benign,0,0,2,grover
benign_grover_v1_000352,benign_grover_v1_000352,grover,benign,benign,3,1,4,grover
benign_grover_v1_000353,benign_grover_v1_000353,grover,benign,benign,4,2,1,grover
benign_grover_v1_000354,benign_grover_v1_000354,grover,benign,benign,4,0,3,grover
benign_grover_v1_000355,benign_grover_v1_000355,grover,benign,benign,1,1,3,grover
benign_grover_v1_000356,benign_grover_v1_000356,grover,benign,benign,1,4,0,grover
benign_grover_v1_000357,benign_grover_v1_000357,grover,benign,benign,2,2,0,grover
benign_grover_v1_000358,benign_grover_v1_000358,grover,benign,benign,3,3,1,grover
benign_grover_v1_000359,benign_grover_v1_000359,grover,benign,benign,0,4,3,grover
benign_grover_v1_000360,benign_grover_v1_000360,grover,benign,benign,3,4,2,grover
benign_grover_v1_000361,benign_grover_v1_000361,grover,benign,benign,0,0,4,grover
benign_grover_v1_000362,benign_grover_v1_000362,grover,benign,benign,0,3,0,grover
benign_grover_v1_000363,benign_grover_v1_000363,grover,benign,benign,4,1,3,grover
benign_grover_v1_000364,benign_grover_v1_000364,grover,benign,benign,1,0,1,grover
benign_grover_v1_000365,benign_grover_v1_000365,grover,benign,benign,2,4,1,grover
benign_grover_v1_000366,benign_grover_v1_000366,grover,benign,benign,3,0,1,grover
benign_grover_v1_000367,benign_grover_v1_000367,grover,benign,benign,2,3,4,grover
benign_grover_v1_000368,benign_grover_v1_000368,grover,benign,benign,3,0,2,grover
benign_grover_v1_000369,benign_grover_v1_000369,grover,benign,benign,2,0,0,grover
benign_grover_v1_000370,benign_grover_v1_000370,grover,benign,benign,4,0,2,grover
benign_grover_v1_000371,benign_grover_v1_000371,grover,benign,benign,3,3,0,grover
benign_grover_v1_000372,benign_grover_v1_000372,grover,benign,benign,1,2,4,grover
benign_grover_v1_000373,benign_grover_v1_000373,grover,benign,benign,4,1,0,grover
benign_grover_v1_000374,benign_grover_v1_000374,grover,benign,benign,3,1,1,grover
benign_grover_v1_000375,benign_grover_v1_000375,grover,benign,benign,1,0,2,grover
benign_grover_v1_000376,benign_grover_v1_000376,grover,benign,benign,4,3,4,grover
benign_grover_v1_000377,benign_grover_v1_000377,grover,benign,benign,3,2,2,grover
benign_grover_v1_000378,benign_grover_v1_000378,grover,benign,benign,2,0,0,grover
benign_grover_v1_000379,benign_grover_v1_000379,grover,benign,benign,2,3,3,grover
benign_grover_v1_000380,benign_grover_v1_000380,grover,benign,benign,2,0,1,grover
benign_grover_v1_000381,benign_grover_v1_000381,grover,benign,benign,0,3,1,grover
benign_grover_v1_000382,benign_grover_v1_000382,grover,benign,benign,0,3,0,grover
benign_grover_v1_000383,benign_grover_v1_000383,grover,benign,benign,0,3,0,grover
benign_grover_v1_000384,benign_grover_v1_000384,grover,benign,benign,3,0,4,grover
benign_grover_v1_000385,benign_grover_v1_000385,grover,benign,benign,0,3,1,grover
benign_grover_v1_000386,benign_grover_v1_000386,grover,benign,benign,2,0,4,grover
benign_grover_v1_000387,benign_grover_v1_000387,grover,benign,benign,2,0,4,grover
benign_grover_v1_000388,benign_grover_v1_000388,grover,benign,benign,3,2,4,grover
benign_grover_v1_000389,benign_grover_v1_000389,grover,benign,benign,1,0,3,grover
benign_grover_v1_000390,benign_grover_v1_000390,grover,benign,benign,2,1,2,grover
benign_grover_v1_000391,benign_grover_v1_000391,grover,benign,benign,3,2,2,grover
benign_grover_v1_000392,benign_grover_v1_000392,grover,benign,benign,4,4,0,grover
benign_grover_v1_000393,benign_grover_v1_000393,grover,benign,benign,3,0,4,grover
benign_grover_v1_000394,benign_grover_v1_000394,grover,benign,benign,0,0,2,grover
benign_grover_v1_000395,benign_grover_v1_000395,grover,benign,benign,2,1,0,grover
benign_grover_v1_000396,benign_grover_v1_000396,grover,benign,benign,3,3,2,grover
benign_grover_v1_000397,benign_grover_v1_000397,grover,benign,benign,4,0,4,grover
benign_grover_v1_000398,benign_grover_v1_000398,grover,benign,benign,4,4,4,grover
benign_grover_v1_000399,benign_grover_v1_000399,grover,benign,benign,4,3,1,grover
benign_grover_v1_000400,benign_grover_v1_000400,grover,benign,benign,2,0,4,grover
benign_grover_v1_000401,benign_grover_v1_000401,grover,benign,benign,4,3,2,grover
benign_grover_v1_000402,benign_grover_v1_000402,grover,benign,benign,4,3,1,grover
benign_grover_v1_000403,benign_grover_v1_000403,grover,benign,benign,4,4,4,grover
benign_grover_v1_000404,benign_grover_v1_000404,grover,benign,benign,1,2,0,grover
benign_grover_v1_000405,benign_grover_v1_000405,grover,benign,benign,4,1,0,grover
benign_grover_v1_000406,benign_grover_v1_000406,grover,benign,benign,2,1,1,grover
benign_grover_v1_000407,benign_grover_v1_000407,grover,benign,benign,2,1,4,grover
benign_grover_v1_000408,benign_grover_v1_000408,grover,benign,benign,1,3,1,grover
benign_grover_v1_000409,benign_grover_v1_000409,grover,benign,benign,1,4,3,grover
benign_grover_v1_000410,benign_grover_v1_000410,grover,benign,benign,2,1,4,grover
benign_grover_v1_000411,benign_grover_v1_000411,grover,benign,benign,2,3,2,grover
benign_grover_v1_000412,benign_grover_v1_000412,grover,benign,benign,3,2,1,grover
benign_grover_v1_000413,benign_grover_v1_000413,grover,benign,benign,2,1,2,grover
benign_grover_v1_000414,benign_grover_v1_000414,grover,benign,benign,4,2,0,grover
benign_grover_v1_000415,benign_grover_v1_000415,grover,benign,benign,4,2,4,grover
benign_grover_v1_000416,benign_grover_v1_000416,grover,benign,benign,3,0,2,grover
benign_grover_v1_000417,benign_grover_v1_000417,grover,benign,benign,1,1,1,grover
benign_grover_v1_000418,benign_grover_v1_000418,grover,benign,benign,2,3,2,grover
benign_grover_v1_000419,benign_grover_v1_000419,grover,benign,benign,0,1,3,grover
benign_grover_v1_000420,benign_grover_v1_000420,grover,benign,benign,4,1,2,grover
benign_grover_v1_000421,benign_grover_v1_000421,grover,benign,benign,0,1,1,grover
benign_grover_v1_000422,benign_grover_v1_000422,grover,benign,benign,4,2,3,grover
benign_grover_v1_000423,benign_grover_v1_000423,grover,benign,benign,1,3,2,grover
benign_grover_v1_000424,benign_grover_v1_000424,grover,benign,benign,0,2,2,grover
benign_grover_v1_000425,benign_grover_v1_000425,grover,benign,benign,0,4,0,grover
benign_grover_v1_000426,benign_grover_v1_000426,grover,benign,benign,2,0,4,grover
benign_grover_v1_000427,benign_grover_v1_000427,grover,benign,benign,1,2,1,grover
benign_grover_v1_000428,benign_grover_v1_000428,grover,benign,benign,3,1,2,grover
benign_grover_v1_000429,benign_grover_v1_000429,grover,benign,benign,2,4,3,grover
benign_grover_v1_000430,benign_grover_v1_000430,grover,benign,benign,3,0,4,grover
benign_grover_v1_000431,benign_grover_v1_000431,grover,benign,benign,4,2,3,grover
benign_grover_v1_000432,benign_grover_v1_000432,grover,benign,benign,1,1,2,grover
benign_grover_v1_000433,benign_grover_v1_000433,grover,benign,benign,0,1,0,grover
benign_grover_v1_000434,benign_grover_v1_000434,grover,benign,benign,3,0,2,grover
benign_grover_v1_000435,benign_grover_v1_000435,grover,benign,benign,4,0,3,grover
benign_grover_v1_000436,benign_grover_v1_000436,grover,benign,benign,1,0,4,grover
benign_grover_v1_000437,benign_grover_v1_000437,grover,benign,benign,3,4,2,grover
benign_grover_v1_000438,benign_grover_v1_000438,grover,benign,benign,1,2,3,grover
benign_grover_v1_000439,benign_grover_v1_000439,grover,benign,benign,0,3,0,grover
benign_grover_v1_000440,benign_grover_v1_000440,grover,benign,benign,3,0,3,grover
benign_grover_v1_000441,benign_grover_v1_000441,grover,benign,benign,1,2,3,grover
benign_grover_v1_000442,benign_grover_v1_000442,grover,benign,benign,0,1,2,grover
benign_grover_v1_000443,benign_grover_v1_000443,grover,benign,benign,0,3,1,grover
benign_grover_v1_000444,benign_grover_v1_000444,grover,benign,benign,1,0,4,grover
benign_grover_v1_000445,benign_grover_v1_000445,grover,benign,benign,3,1,2,grover
benign_grover_v1_000446,benign_grover_v1_000446,grover,benign,benign,0,0,2,grover
benign_grover_v1_000447,benign_grover_v1_000447,grover,benign,benign,0,2,0,grover
benign_grover_v1_000448,benign_grover_v1_000448,grover,benign,benign,2,0,2,grover
benign_grover_v1_000449,benign_grover_v1_000449,grover,benign,benign,1,2,1,grover
benign_grover_v1_000450,benign_grover_v1_000450,grover,benign,benign,1,1,2,grover
benign_grover_v1_000451,benign_grover_v1_000451,grover,benign,benign,1,2,4,grover
benign_grover_v1_000452,benign_grover_v1_000452,grover,benign,benign,2,4,3,grover
benign_grover_v1_000453,benign_grover_v1_000453,grover,benign,benign,4,2,4,grover
benign_grover_v1_000454,benign_grover_v1_000454,grover,benign,benign,4,4,3,grover
benign_grover_v1_000455,benign_grover_v1_000455,grover,benign,benign,4,1,4,grover
benign_grover_v1_000456,benign_grover_v1_000456,grover,benign,benign,1,0,2,grover
benign_grover_v1_000457,benign_grover_v1_000457,grover,benign,benign,4,3,0,grover
benign_grover_v1_000458,benign_grover_v1_000458,grover,benign,benign,2,0,3,grover
benign_grover_v1_000459,benign_grover_v1_000459,grover,benign,benign,0,3,2,grover
benign_grover_v1_000460,benign_grover_v1_000460,grover,benign,benign,4,4,1,grover
benign_grover_v1_000461,benign_grover_v1_000461,grover,benign,benign,4,2,1,grover
benign_grover_v1_000462,benign_grover_v1_000462,grover,benign,benign,2,3,2,grover
benign_grover_v1_000463,benign_grover_v1_000463,grover,benign,benign,1,1,3,grover
benign_grover_v1_000464,benign_grover_v1_000464,grover,benign,benign,1,4,3,grover
benign_grover_v1_000465,benign_grover_v1_000465,grover,benign,benign,2,3,4,grover
benign_grover_v1_000466,benign_grover_v1_000466,grover,benign,benign,2,3,0,grover
benign_grover_v1_000467,benign_grover_v1_000467,grover,benign,benign,0,1,3,grover
benign_grover_v1_000468,benign_grover_v1_000468,grover,benign,benign,1,1,3,grover
benign_grover_v1_000469,benign_grover_v1_000469,grover,benign,benign,2,1,0,grover
benign_grover_v1_000470,benign_grover_v1_000470,grover,benign,benign,3,4,0,grover
benign_grover_v1_000471,benign_grover_v1_000471,grover,benign,benign,0,2,2,grover
benign_grover_v1_000472,benign_grover_v1_000472,grover,benign,benign,0,0,3,grover
benign_grover_v1_000473,benign_grover_v1_000473,grover,benign,benign,1,2,4,grover
benign_grover_v1_000474,benign_grover_v1_000474,grover,benign,benign,3,3,4,grover
benign_grover_v1_000475,benign_grover_v1_000475,grover,benign,benign,3,4,1,grover
benign_grover_v1_000476,benign_grover_v1_000476,grover,benign,benign,4,4,4,grover
benign_grover_v1_000477,benign_grover_v1_000477,grover,benign,benign,0,4,4,grover
benign_grover_v1_000478,benign_grover_v1_000478,grover,benign,benign,3,2,4,grover
benign_grover_v1_000479,benign_grover_v1_000479,grover,benign,benign,4,2,4,grover
benign_grover_v1_000480,benign_grover_v1_000480,grover,benign,benign,3,1,4,grover
benign_grover_v1_000481,benign_grover_v1_000481,grover,benign,benign,4,0,3,grover
benign_grover_v1_000482,benign_grover_v1_000482,grover,benign,benign,1,0,0,grover
benign_grover_v1_000483,benign_grover_v1_000483,grover,benign,benign,3,4,1,grover
benign_grover_v1_000484,benign_grover_v1_000484,grover,benign,benign,2,4,1,grover
benign_grover_v1_000485,benign_grover_v1_000485,grover,benign,benign,3,0,3,grover
benign_grover_v1_000486,benign_grover_v1_000486,grover,benign,benign,4,2,3,grover
benign_grover_v1_000487,benign_grover_v1_000487,grover,benign,benign,0,0,3,grover
benign_grover_v1_000488,benign_grover_v1_000488,grover,benign,benign,4,4,3,grover
benign_grover_v1_000489,benign_grover_v1_000489,grover,benign,benign,1,2,0,grover
benign_grover_v1_000490,benign_grover_v1_000490,grover,benign,benign,1,2,3,grover
benign_grover_v1_000491,benign_grover_v1_000491,grover,benign,benign,0,1,0,grover
benign_grover_v1_000492,benign_grover_v1_000492,grover,benign,benign,2,2,2,grover
benign_grover_v1_000493,benign_grover_v1_000493,grover,benign,benign,1,0,0,grover
benign_grover_v1_000494,benign_grover_v1_000494,grover,benign,benign,3,0,1,grover
benign_grover_v1_000495,benign_grover_v1_000495,grover,benign,benign,4,3,3,grover
benign_grover_v1_000496,benign_grover_v1_000496,grover,benign,benign,2,1,3,grover
benign_grover_v1_000497,benign_grover_v1_000497,grover,benign,benign,1,2,1,grover
benign_grover_v1_000498,benign_grover_v1_000498,grover,benign,benign,3,0,4,grover
benign_grover_v1_000499,benign_grover_v1_000499,grover,benign,benign,2,4,0,grover
benign_grover_v1_000500,benign_grover_v1_000500,grover,benign,benign,0,3,4,grover
benign_grover_v1_000501,benign_grover_v1_000501,grover,benign,benign,0,0,2,grover
benign_grover_v1_000502,benign_grover_v1_000502,grover,benign,benign,3,3,2,grover
benign_grover_v1_000503,benign_grover_v1_000503,grover,benign,benign,2,0,3,grover
benign_grover_v1_000504,benign_grover_v1_000504,grover,benign,benign,2,3,2,grover
benign_grover_v1_000505,benign_grover_v1_000505,grover,benign,benign,1,2,1,grover
benign_grover_v1_000506,benign_grover_v1_000506,grover,benign,benign,2,1,1,grover
benign_grover_v1_000507,benign_grover_v1_000507,grover,benign,benign,3,0,3,grover
benign_grover_v1_000508,benign_grover_v1_000508,grover,benign,benign,4,1,3,grover
benign_grover_v1_000509,benign_grover_v1_000509,grover,benign,benign,1,0,0,grover
benign_grover_v1_000510,benign_grover_v1_000510,grover,benign,benign,4,1,0,grover
benign_grover_v1_000511,benign_grover_v1_000511,grover,benign,benign,1,1,0,grover
benign_grover_v1_000512,benign_grover_v1_000512,grover,benign,benign,3,4,2,grover
benign_grover_v1_000513,benign_grover_v1_000513,grover,benign,benign,2,4,3,grover
benign_grover_v1_000514,benign_grover_v1_000514,grover,benign,benign,0,1,4,grover
benign_grover_v1_000515,benign_grover_v1_000515,grover,benign,benign,0,3,0,grover
benign_grover_v1_000516,benign_grover_v1_000516,grover,benign,benign,3,3,1,grover
benign_grover_v1_000517,benign_grover_v1_000517,grover,benign,benign,2,2,1,grover
benign_grover_v1_000518,benign_grover_v1_000518,grover,benign,benign,4,1,2,grover
benign_grover_v1_000519,benign_grover_v1_000519,grover,benign,benign,0,2,3,grover
benign_grover_v1_000520,benign_grover_v1_000520,grover,benign,benign,1,1,1,grover
benign_grover_v1_000521,benign_grover_v1_000521,grover,benign,benign,3,2,4,grover
benign_grover_v1_000522,benign_grover_v1_000522,grover,benign,benign,2,3,3,grover
benign_grover_v1_000523,benign_grover_v1_000523,grover,benign,benign,3,4,3,grover
benign_grover_v1_000524,benign_grover_v1_000524,grover,benign,benign,2,3,0,grover
benign_grover_v1_000525,benign_grover_v1_000525,grover,benign,benign,4,1,3,grover
benign_grover_v1_000526,benign_grover_v1_000526,grover,benign,benign,4,1,4,grover
benign_grover_v1_000527,benign_grover_v1_000527,grover,benign,benign,0,2,2,grover
benign_grover_v1_000528,benign_grover_v1_000528,grover,benign,benign,3,3,4,grover
benign_grover_v1_000529,benign_grover_v1_000529,grover,benign,benign,1,1,2,grover
benign_grover_v1_000530,benign_grover_v1_000530,grover,benign,benign,0,4,3,grover
benign_grover_v1_000531,benign_grover_v1_000531,grover,benign,benign,1,0,3,grover
benign_grover_v1_000532,benign_grover_v1_000532,grover,benign,benign,4,2,4,grover
benign_grover_v1_000533,benign_grover_v1_000533,grover,benign,benign,1,2,3,grover
benign_grover_v1_000534,benign_grover_v1_000534,grover,benign,benign,3,0,3,grover
benign_grover_v1_000535,benign_grover_v1_000535,grover,benign,benign,4,2,3,grover
benign_grover_v1_000536,benign_grover_v1_000536,grover,benign,benign,0,2,1,grover
benign_grover_v1_000537,benign_grover_v1_000537,grover,benign,benign,2,4,4,grover
benign_grover_v1_000538,benign_grover_v1_000538,grover,benign,benign,4,1,4,grover
benign_grover_v1_000539,benign_grover_v1_000539,grover,benign,benign,3,2,1,grover
benign_grover_v1_000540,benign_grover_v1_000540,grover,benign,benign,3,4,0,grover
benign_grover_v1_000541,benign_grover_v1_000541,grover,benign,benign,4,1,1,grover
benign_grover_v1_000542,benign_grover_v1_000542,grover,benign,benign,4,2,0,grover
benign_grover_v1_000543,benign_grover_v1_000543,grover,benign,benign,2,1,0,grover
benign_grover_v1_000544,benign_grover_v1_000544,grover,benign,benign,0,0,1,grover
benign_grover_v1_000545,benign_grover_v1_000545,grover,benign,benign,4,1,1,grover
benign_grover_v1_000546,benign_grover_v1_000546,grover,benign,benign,0,0,2,grover
benign_grover_v1_000547,benign_grover_v1_000547,grover,benign,benign,3,2,4,grover
benign_grover_v1_000548,benign_grover_v1_000548,grover,benign,benign,0,0,1,grover
benign_grover_v1_000549,benign_grover_v1_000549,grover,benign,benign,0,4,3,grover
benign_grover_v1_000550,benign_grover_v1_000550,grover,benign,benign,3,2,4,grover
benign_grover_v1_000551,benign_grover_v1_000551,grover,benign,benign,1,3,2,grover
benign_grover_v1_000552,benign_grover_v1_000552,grover,benign,benign,2,3,3,grover
benign_grover_v1_000553,benign_grover_v1_000553,grover,benign,benign,4,1,4,grover
benign_grover_v1_000554,benign_grover_v1_000554,grover,benign,benign,1,0,0,grover
benign_grover_v1_000555,benign_grover_v1_000555,grover,benign,benign,2,1,2,grover
benign_grover_v1_000556,benign_grover_v1_000556,grover,benign,benign,2,4,3,grover
benign_grover_v1_000557,benign_grover_v1_000557,grover,benign,benign,4,2,0,grover
benign_grover_v1_000558,benign_grover_v1_000558,grover,benign,benign,1,3,3,grover
benign_grover_v1_000559,benign_grover_v1_000559,grover,benign,benign,2,2,1,grover
benign_grover_v1_000560,benign_grover_v1_000560,grover,benign,benign,3,2,2,grover
benign_grover_v1_000561,benign_grover_v1_000561,grover,benign,benign,2,1,0,grover
benign_grover_v1_000562,benign_grover_v1_000562,grover,benign,benign,1,1,2,grover
benign_grover_v1_000563,benign_grover_v1_000563,grover,benign,benign,3,2,3,grover
benign_grover_v1_000564,benign_grover_v1_000564,grover,benign,benign,4,4,3,grover
benign_grover_v1_000565,benign_grover_v1_000565,grover,benign,benign,3,3,3,grover
benign_grover_v1_000566,benign_grover_v1_000566,grover,benign,benign,4,2,2,grover
benign_grover_v1_000567,benign_grover_v1_000567,grover,benign,benign,1,2,1,grover
benign_grover_v1_000568,benign_grover_v1_000568,grover,benign,benign,4,2,3,grover
benign_grover_v1_000569,benign_grover_v1_000569,grover,benign,benign,0,4,4,grover
benign_grover_v1_000570,benign_grover_v1_000570,grover,benign,benign,2,2,1,grover
benign_grover_v1_000571,benign_grover_v1_000571,grover,benign,benign,2,1,0,grover
benign_grover_v1_000572,benign_grover_v1_000572,grover,benign,benign,0,4,1,grover
benign_grover_v1_000573,benign_grover_v1_000573,grover,benign,benign,1,4,0,grover
benign_grover_v1_000574,benign_grover_v1_000574,grover,benign,benign,2,4,4,grover
benign_grover_v1_000575,benign_grover_v1_000575,grover,benign,benign,1,0,0,grover
benign_grover_v1_000576,benign_grover_v1_000576,grover,benign,benign,1,3,1,grover
benign_grover_v1_000577,benign_grover_v1_000577,grover,benign,benign,1,0,2,grover
benign_grover_v1_000578,benign_grover_v1_000578,grover,benign,benign,4,0,0,grover
benign_grover_v1_000579,benign_grover_v1_000579,grover,benign,benign,2,1,0,grover
benign_grover_v1_000580,benign_grover_v1_000580,grover,benign,benign,1,2,1,grover
benign_grover_v1_000581,benign_grover_v1_000581,grover,benign,benign,2,0,1,grover
benign_grover_v1_000582,benign_grover_v1_000582,grover,benign,benign,3,0,1,grover
benign_grover_v1_000583,benign_grover_v1_000583,grover,benign,benign,1,3,2,grover
benign_grover_v1_000584,benign_grover_v1_000584,grover,benign,benign,4,4,3,grover
benign_grover_v1_000585,benign_grover_v1_000585,grover,benign,benign,1,2,3,grover
benign_grover_v1_000586,benign_grover_v1_000586,grover,benign,benign,0,3,4,grover
benign_grover_v1_000587,benign_grover_v1_000587,grover,benign,benign,1,4,3,grover
benign_grover_v1_000588,benign_grover_v1_000588,grover,benign,benign,1,3,0,grover
benign_grover_v1_000589,benign_grover_v1_000589,grover,benign,benign,1,3,1,grover
benign_grover_v1_000590,benign_grover_v1_000590,grover,benign,benign,0,1,2,grover
benign_grover_v1_000591,benign_grover_v1_000591,grover,benign,benign,2,4,2,grover
benign_grover_v1_000592,benign_grover_v1_000592,grover,benign,benign,0,3,2,grover
benign_grover_v1_000593,benign_grover_v1_000593,grover,benign,benign,3,0,4,grover
benign_grover_v1_000594,benign_grover_v1_000594,grover,benign,benign,1,3,3,grover
benign_grover_v1_000595,benign_grover_v1_000595,grover,benign,benign,2,0,0,grover
benign_grover_v1_000596,benign_grover_v1_000596,grover,benign,benign,2,3,1,grover
benign_grover_v1_000597,benign_grover_v1_000597,grover,benign,benign,2,2,1,grover
benign_grover_v1_000598,benign_grover_v1_000598,grover,benign,benign,1,1,2,grover
benign_grover_v1_000599,benign_grover_v1_000599,grover,benign,benign,0,2,2,grover
benign_qaoa_v1_000000,benign_qaoa_v1_000000,qaoa,benign,benign,1,3,0,qaoa
benign_qaoa_v1_000001,benign_qaoa_v1_000001,qaoa,benign,benign,0,4,0,qaoa
benign_qaoa_v1_000002,benign_qaoa_v1_000002,qaoa,benign,benign,1,4,3,qaoa
benign_qaoa_v1_000003,benign_qaoa_v1_000003,qaoa,benign,benign,4,1,0,qaoa
benign_qaoa_v1_000004,benign_qaoa_v1_000004,qaoa,benign,benign,1,3,4,qaoa
benign_qaoa_v1_000005,benign_qaoa_v1_000005,qaoa,benign,benign,3,3,2,qaoa
benign_qaoa_v1_000006,benign_qaoa_v1_000006,qaoa,benign,benign,3,0,3,qaoa
benign_qaoa_v1_000007,benign_qaoa_v1_000007,qaoa,benign,benign,2,1,1,qaoa
benign_qaoa_v1_000008,benign_qaoa_v1_000008,qaoa,benign,benign,4,3,3,qaoa
benign_qaoa_v1_000009,benign_qaoa_v1_000009,qaoa,benign,benign,1,3,0,qaoa
benign_qaoa_v1_000010,benign_qaoa_v1_000010,qaoa,benign,benign,3,3,2,qaoa
benign_qaoa_v1_000011,benign_qaoa_v1_000011,qaoa,benign,benign,1,1,2,qaoa
benign_qaoa_v1_000012,benign_qaoa_v1_000012,qaoa,benign,benign,3,1,3,qaoa
benign_qaoa_v1_000013,benign_qaoa_v1_000013,qaoa,benign,benign,1,1,4,qaoa
benign_qaoa_v1_000014,benign_qaoa_v1_000014,qaoa,benign,benign,2,0,4,qaoa
benign_qaoa_v1_000015,benign_qaoa_v1_000015,qaoa,benign,benign,2,4,2,qaoa
benign_qaoa_v1_000016,benign_qaoa_v1_000016,qaoa,benign,benign,0,0,2,qaoa
benign_qaoa_v1_000017,benign_qaoa_v1_000017,qaoa,benign,benign,2,2,1,qaoa
benign_qaoa_v1_000018,benign_qaoa_v1_000018,qaoa,benign,benign,4,4,0,qaoa
benign_qaoa_v1_000019,benign_qaoa_v1_000019,qaoa,benign,benign,2,0,4,qaoa
benign_qaoa_v1_000020,benign_qaoa_v1_000020,qaoa,benign,benign,3,3,1,qaoa
benign_qaoa_v1_000021,benign_qaoa_v1_000021,qaoa,benign,benign,2,0,4,qaoa
benign_qaoa_v1_000022,benign_qaoa_v1_000022,qaoa,benign,benign,4,4,3,qaoa
benign_qaoa_v1_000023,benign_qaoa_v1_000023,qaoa,benign,benign,3,3,2,qaoa
benign_qaoa_v1_000024,benign_qaoa_v1_000024,qaoa,benign,benign,3,3,0,qaoa
benign_qaoa_v1_000025,benign_qaoa_v1_000025,qaoa,benign,benign,1,1,1,qaoa
benign_qaoa_v1_000026,benign_qaoa_v1_000026,qaoa,benign,benign,4,0,2,qaoa
benign_qaoa_v1_000027,benign_qaoa_v1_000027,qaoa,benign,benign,3,2,3,qaoa
benign_qaoa_v1_000028,benign_qaoa_v1_000028,qaoa,benign,benign,0,4,4,qaoa
benign_qaoa_v1_000029,benign_qaoa_v1_000029,qaoa,benign,benign,4,1,4,qaoa
benign_qaoa_v1_000030,benign_qaoa_v1_000030,qaoa,benign,benign,4,1,4,qaoa
benign_qaoa_v1_000031,benign_qaoa_v1_000031,qaoa,benign,benign,4,4,2,qaoa
benign_qaoa_v1_000032,benign_qaoa_v1_000032,qaoa,benign,benign,0,1,3,qaoa
benign_qaoa_v1_000033,benign_qaoa_v1_000033,qaoa,benign,benign,1,4,3,qaoa
benign_qaoa_v1_000034,benign_qaoa_v1_000034,qaoa,benign,benign,3,2,2,qaoa
benign_qaoa_v1_000035,benign_qaoa_v1_000035,qaoa,benign,benign,1,1,3,qaoa
benign_qaoa_v1_000036,benign_qaoa_v1_000036,qaoa,benign,benign,4,0,4,qaoa
benign_qaoa_v1_000037,benign_qaoa_v1_000037,qaoa,benign,benign,2,1,2,qaoa
benign_qaoa_v1_000038,benign_qaoa_v1_000038,qaoa,benign,benign,3,4,4,qaoa
benign_qaoa_v1_000039,benign_qaoa_v1_000039,qaoa,benign,benign,3,0,1,qaoa
benign_qaoa_v1_000040,benign_qaoa_v1_000040,qaoa,benign,benign,1,3,2,qaoa
benign_qaoa_v1_000041,benign_qaoa_v1_000041,qaoa,benign,benign,3,2,2,qaoa
benign_qaoa_v1_000042,benign_qaoa_v1_000042,qaoa,benign,benign,3,3,2,qaoa
benign_qaoa_v1_000043,benign_qaoa_v1_000043,qaoa,benign,benign,4,2,1,qaoa
benign_qaoa_v1_000044,benign_qaoa_v1_000044,qaoa,benign,benign,1,2,4,qaoa
benign_qaoa_v1_000045,benign_qaoa_v1_000045,qaoa,benign,benign,1,1,2,qaoa
benign_qaoa_v1_000046,benign_qaoa_v1_000046,qaoa,benign,benign,4,4,1,qaoa
benign_qaoa_v1_000047,benign_qaoa_v1_000047,qaoa,benign,benign,2,1,1,qaoa
benign_qaoa_v1_000048,benign_qaoa_v1_000048,qaoa,benign,benign,4,2,2,qaoa
benign_qaoa_v1_000049,benign_qaoa_v1_000049,qaoa,benign,benign,4,2,1,qaoa
benign_qaoa_v1_000050,benign_qaoa_v1_000050,qaoa,benign,benign,4,0,3,qaoa
benign_qaoa_v1_000051,benign_qaoa_v1_000051,qaoa,benign,benign,3,1,3,qaoa
benign_qaoa_v1_000052,benign_qaoa_v1_000052,qaoa,benign,benign,2,4,3,qaoa
benign_qaoa_v1_000053,benign_qaoa_v1_000053,qaoa,benign,benign,0,4,3,qaoa
benign_qaoa_v1_000054,benign_qaoa_v1_000054,qaoa,benign,benign,1,0,2,qaoa
benign_qaoa_v1_000055,benign_qaoa_v1_000055,qaoa,benign,benign,3,1,2,qaoa
benign_qaoa_v1_000056,benign_qaoa_v1_000056,qaoa,benign,benign,1,1,4,qaoa
benign_qaoa_v1_000057,benign_qaoa_v1_000057,qaoa,benign,benign,2,1,3,qaoa
benign_qaoa_v1_000058,benign_qaoa_v1_000058,qaoa,benign,benign,4,3,4,qaoa
benign_qaoa_v1_000059,benign_qaoa_v1_000059,qaoa,benign,benign,0,1,0,qaoa
benign_qaoa_v1_000060,benign_qaoa_v1_000060,qaoa,benign,benign,2,0,4,qaoa
benign_qaoa_v1_000061,benign_qaoa_v1_000061,qaoa,benign,benign,2,1,0,qaoa
benign_qaoa_v1_000062,benign_qaoa_v1_000062,qaoa,benign,benign,4,3,0,qaoa
benign_qaoa_v1_000063,benign_qaoa_v1_000063,qaoa,benign,benign,3,2,2,qaoa
benign_qaoa_v1_000064,benign_qaoa_v1_000064,qaoa,benign,benign,2,1,2,qaoa
benign_qaoa_v1_000065,benign_qaoa_v1_000065,qaoa,benign,benign,1,1,0,qaoa
benign_qaoa_v1_000066,benign_qaoa_v1_000066,qaoa,benign,benign,3,2,3,qaoa
benign_qaoa_v1_000067,benign_qaoa_v1_000067,qaoa,benign,benign,3,1,4,qaoa
benign_qaoa_v1_000068,benign_qaoa_v1_000068,qaoa,benign,benign,3,3,3,qaoa
benign_qaoa_v1_000069,benign_qaoa_v1_000069,qaoa,benign,benign,0,2,2,qaoa
benign_qaoa_v1_000070,benign_qaoa_v1_000070,qaoa,benign,benign,2,1,2,qaoa
benign_qaoa_v1_000071,benign_qaoa_v1_000071,qaoa,benign,benign,3,3,2,qaoa
benign_qaoa_v1_000072,benign_qaoa_v1_000072,qaoa,benign,benign,0,0,2,qaoa
benign_qaoa_v1_000073,benign_qaoa_v1_000073,qaoa,benign,benign,2,3,4,qaoa
benign_qaoa_v1_000074,benign_qaoa_v1_000074,qaoa,benign,benign,4,2,1,qaoa
benign_qaoa_v1_000075,benign_qaoa_v1_000075,qaoa,benign,benign,4,3,1,qaoa
benign_qaoa_v1_000076,benign_qaoa_v1_000076,qaoa,benign,benign,2,0,0,qaoa
benign_qaoa_v1_000077,benign_qaoa_v1_000077,qaoa,benign,benign,4,3,2,qaoa
benign_qaoa_v1_000078,benign_qaoa_v1_000078,qaoa,benign,benign,3,4,4,qaoa
benign_qaoa_v1_000079,benign_qaoa_v1_000079,qaoa,benign,benign,0,2,4,qaoa
benign_qaoa_v1_000080,benign_qaoa_v1_000080,qaoa,benign,benign,4,1,1,qaoa
benign_qaoa_v1_000081,benign_qaoa_v1_000081,qaoa,benign,benign,0,0,1,qaoa
benign_qaoa_v1_000082,benign_qaoa_v1_000082,qaoa,benign,benign,3,1,2,qaoa
benign_qaoa_v1_000083,benign_qaoa_v1_000083,qaoa,benign,benign,0,4,0,qaoa
benign_qaoa_v1_000084,benign_qaoa_v1_000084,qaoa,benign,benign,2,0,3,qaoa
benign_qaoa_v1_000085,benign_qaoa_v1_000085,qaoa,benign,benign,4,1,3,qaoa
benign_qaoa_v1_000086,benign_qaoa_v1_000086,qaoa,benign,benign,4,3,0,qaoa
benign_qaoa_v1_000087,benign_qaoa_v1_000087,qaoa,benign,benign,0,2,2,qaoa
benign_qaoa_v1_000088,benign_qaoa_v1_000088,qaoa,benign,benign,0,4,0,qaoa
benign_qaoa_v1_000089,benign_qaoa_v1_000089,qaoa,benign,benign,1,1,4,qaoa
benign_qaoa_v1_000090,benign_qaoa_v1_000090,qaoa,benign,benign,1,4,0,qaoa
benign_qaoa_v1_000091,benign_qaoa_v1_000091,qaoa,benign,benign,4,1,2,qaoa
benign_qaoa_v1_000092,benign_qaoa_v1_000092,qaoa,benign,benign,0,0,3,qaoa
benign_qaoa_v1_000093,benign_qaoa_v1_000093,qaoa,benign,benign,0,0,1,qaoa
benign_qaoa_v1_000094,benign_qaoa_v1_000094,qaoa,benign,benign,2,3,2,qaoa
benign_qaoa_v1_000095,benign_qaoa_v1_000095,qaoa,benign,benign,2,4,0,qaoa
benign_qaoa_v1_000096,benign_qaoa_v1_000096,qaoa,benign,benign,0,1,1,qaoa
benign_qaoa_v1_000097,benign_qaoa_v1_000097,qaoa,benign,benign,3,0,2,qaoa
benign_qaoa_v1_000098,benign_qaoa_v1_000098,qaoa,benign,benign,0,4,4,qaoa
benign_qaoa_v1_000099,benign_qaoa_v1_000099,qaoa,benign,benign,2,2,2,qaoa
benign_qaoa_v1_000100,benign_qaoa_v1_000100,qaoa,benign,benign,3,2,3,qaoa
benign_qaoa_v1_000101,benign_qaoa_v1_000101,qaoa,benign,benign,2,2,3,qaoa
benign_qaoa_v1_000102,benign_qaoa_v1_000102,qaoa,benign,benign,3,1,3,qaoa
benign_qaoa_v1_000103,benign_qaoa_v1_000103,qaoa,benign,benign,4,0,0,qaoa
benign_qaoa_v1_000104,benign_qaoa_v1_000104,qaoa,benign,benign,3,0,4,qaoa
benign_qaoa_v1_000105,benign_qaoa_v1_000105,qaoa,benign,benign,4,2,0,qaoa
benign_qaoa_v1_000106,benign_qaoa_v1_000106,qaoa,benign,benign,1,0,1,qaoa
benign_qaoa_v1_000107,benign_qaoa_v1_000107,qaoa,benign,benign,0,4,4,qaoa
benign_qaoa_v1_000108,benign_qaoa_v1_000108,qaoa,benign,benign,1,4,1,qaoa
benign_qaoa_v1_000109,benign_qaoa_v1_000109,qaoa,benign,benign,0,0,0,qaoa
benign_qaoa_v1_000110,benign_qaoa_v1_000110,qaoa,benign,benign,4,1,1,qaoa
benign_qaoa_v1_000111,benign_qaoa_v1_000111,qaoa,benign,benign,1,3,4,qaoa
benign_qaoa_v1_000112,benign_qaoa_v1_000112,qaoa,benign,benign,3,1,4,qaoa
benign_qaoa_v1_000113,benign_qaoa_v1_000113,qaoa,benign,benign,2,3,2,qaoa
benign_qaoa_v1_000114,benign_qaoa_v1_000114,qaoa,benign,benign,1,3,3,qaoa
benign_qaoa_v1_000115,benign_qaoa_v1_000115,qaoa,benign,benign,1,2,1,qaoa
benign_qaoa_v1_000116,benign_qaoa_v1_000116,qaoa,benign,benign,0,2,4,qaoa
benign_qaoa_v1_000117,benign_qaoa_v1_000117,qaoa,benign,benign,3,4,0,qaoa
benign_qaoa_v1_000118,benign_qaoa_v1_000118,qaoa,benign,benign,4,1,3,qaoa
benign_qaoa_v1_000119,benign_qaoa_v1_000119,qaoa,benign,benign,0,0,1,qaoa
benign_qaoa_v1_000120,benign_qaoa_v1_000120,qaoa,benign,benign,4,4,3,qaoa
benign_qaoa_v1_000121,benign_qaoa_v1_000121,qaoa,benign,benign,0,2,1,qaoa
benign_qaoa_v1_000122,benign_qaoa_v1_000122,qaoa,benign,benign,4,0,2,qaoa
benign_qaoa_v1_000123,benign_qaoa_v1_000123,qaoa,benign,benign,0,0,3,qaoa
benign_qaoa_v1_000124,benign_qaoa_v1_000124,qaoa,benign,benign,3,2,0,qaoa
benign_qaoa_v1_000125,benign_qaoa_v1_000125,qaoa,benign,benign,2,0,0,qaoa
benign_qaoa_v1_000126,benign_qaoa_v1_000126,qaoa,benign,benign,3,1,3,qaoa
benign_qaoa_v1_000127,benign_qaoa_v1_000127,qaoa,benign,benign,0,4,3,qaoa
benign_qaoa_v1_000128,benign_qaoa_v1_000128,qaoa,benign,benign,0,4,2,qaoa
benign_qaoa_v1_000129,benign_qaoa_v1_000129,qaoa,benign,benign,1,1,2,qaoa
benign_qaoa_v1_000130,benign_qaoa_v1_000130,qaoa,benign,benign,2,0,1,qaoa
benign_qaoa_v1_000131,benign_qaoa_v1_000131,qaoa,benign,benign,4,0,0,qaoa
benign_qaoa_v1_000132,benign_qaoa_v1_000132,qaoa,benign,benign,2,4,0,qaoa
benign_qaoa_v1_000133,benign_qaoa_v1_000133,qaoa,benign,benign,1,1,1,qaoa
benign_qaoa_v1_000134,benign_qaoa_v1_000134,qaoa,benign,benign,0,0,1,qaoa
benign_qaoa_v1_000135,benign_qaoa_v1_000135,qaoa,benign,benign,2,0,0,qaoa
benign_qaoa_v1_000136,benign_qaoa_v1_000136,qaoa,benign,benign,0,0,4,qaoa
benign_qaoa_v1_000137,benign_qaoa_v1_000137,qaoa,benign,benign,2,3,4,qaoa
benign_qaoa_v1_000138,benign_qaoa_v1_000138,qaoa,benign,benign,1,0,0,qaoa
benign_qaoa_v1_000139,benign_qaoa_v1_000139,qaoa,benign,benign,1,3,4,qaoa
benign_qaoa_v1_000140,benign_qaoa_v1_000140,qaoa,benign,benign,3,2,0,qaoa
benign_qaoa_v1_000141,benign_qaoa_v1_000141,qaoa,benign,benign,0,1,3,qaoa
benign_qaoa_v1_000142,benign_qaoa_v1_000142,qaoa,benign,benign,1,2,3,qaoa
benign_qaoa_v1_000143,benign_qaoa_v1_000143,qaoa,benign,benign,1,0,4,qaoa
benign_qaoa_v1_000144,benign_qaoa_v1_000144,qaoa,benign,benign,2,2,1,qaoa
benign_qaoa_v1_000145,benign_qaoa_v1_000145,qaoa,benign,benign,2,1,0,qaoa
benign_qaoa_v1_000146,benign_qaoa_v1_000146,qaoa,benign,benign,3,4,3,qaoa
benign_qaoa_v1_000147,benign_qaoa_v1_000147,qaoa,benign,benign,1,0,3,qaoa
benign_qaoa_v1_000148,benign_qaoa_v1_000148,qaoa,benign,benign,0,3,0,qaoa
benign_qaoa_v1_000149,benign_qaoa_v1_000149,qaoa,benign,benign,1,1,4,qaoa
benign_qaoa_v1_000150,benign_qaoa_v1_000150,qaoa,benign,benign,4,2,0,qaoa
benign_qaoa_v1_000151,benign_qaoa_v1_000151,qaoa,benign,benign,0,1,1,qaoa
benign_qaoa_v1_000152,benign_qaoa_v1_000152,qaoa,benign,benign,2,2,3,qaoa
benign_qaoa_v1_000153,benign_qaoa_v1_000153,qaoa,benign,benign,1,4,1,qaoa
benign_qaoa_v1_000154,benign_qaoa_v1_000154,qaoa,benign,benign,0,4,3,qaoa
benign_qaoa_v1_000155,benign_qaoa_v1_000155,qaoa,benign,benign,1,0,3,qaoa
benign_qaoa_v1_000156,benign_qaoa_v1_000156,qaoa,benign,benign,0,3,0,qaoa
benign_qaoa_v1_000157,benign_qaoa_v1_000157,qaoa,benign,benign,0,4,3,qaoa
benign_qaoa_v1_000158,benign_qaoa_v1_000158,qaoa,benign,benign,2,1,0,qaoa
benign_qaoa_v1_000159,benign_qaoa_v1_000159,qaoa,benign,benign,1,1,4,qaoa
benign_qaoa_v1_000160,benign_qaoa_v1_000160,qaoa,benign,benign,1,1,3,qaoa
benign_qaoa_v1_000161,benign_qaoa_v1_000161,qaoa,benign,benign,2,2,4,qaoa
benign_qaoa_v1_000162,benign_qaoa_v1_000162,qaoa,benign,benign,4,4,3,qaoa
benign_qaoa_v1_000163,benign_qaoa_v1_000163,qaoa,benign,benign,1,1,0,qaoa
benign_qaoa_v1_000164,benign_qaoa_v1_000164,qaoa,benign,benign,2,3,4,qaoa
benign_qaoa_v1_000165,benign_qaoa_v1_000165,qaoa,benign,benign,3,3,4,qaoa
benign_qaoa_v1_000166,benign_qaoa_v1_000166,qaoa,benign,benign,4,3,1,qaoa
benign_qaoa_v1_000167,benign_qaoa_v1_000167,qaoa,benign,benign,4,0,1,qaoa
benign_qaoa_v1_000168,benign_qaoa_v1_000168,qaoa,benign,benign,3,1,2,qaoa
benign_qaoa_v1_000169,benign_qaoa_v1_000169,qaoa,benign,benign,3,4,3,qaoa
benign_qaoa_v1_000170,benign_qaoa_v1_000170,qaoa,benign,benign,0,4,1,qaoa
benign_qaoa_v1_000171,benign_qaoa_v1_000171,qaoa,benign,benign,2,2,2,qaoa
benign_qaoa_v1_000172,benign_qaoa_v1_000172,qaoa,benign,benign,2,2,4,qaoa
benign_qaoa_v1_000173,benign_qaoa_v1_000173,qaoa,benign,benign,3,1,0,qaoa
benign_qaoa_v1_000174,benign_qaoa_v1_000174,qaoa,benign,benign,3,4,3,qaoa
benign_qaoa_v1_000175,benign_qaoa_v1_000175,qaoa,benign,benign,4,4,0,qaoa
benign_qaoa_v1_000176,benign_qaoa_v1_000176,qaoa,benign,benign,1,2,4,qaoa
benign_qaoa_v1_000177,benign_qaoa_v1_000177,qaoa,benign,benign,3,2,4,qaoa
benign_qaoa_v1_000178,benign_qaoa_v1_000178,qaoa,benign,benign,1,0,0,qaoa
benign_qaoa_v1_000179,benign_qaoa_v1_000179,qaoa,benign,benign,4,2,4,qaoa
benign_qaoa_v1_000180,benign_qaoa_v1_000180,qaoa,benign,benign,1,1,4,qaoa
benign_qaoa_v1_000181,benign_qaoa_v1_000181,qaoa,benign,benign,0,4,2,qaoa
benign_qaoa_v1_000182,benign_qaoa_v1_000182,qaoa,benign,benign,4,0,3,qaoa
benign_qaoa_v1_000183,benign_qaoa_v1_000183,qaoa,benign,benign,0,4,2,qaoa
benign_qaoa_v1_000184,benign_qaoa_v1_000184,qaoa,benign,benign,0,1,3,qaoa
benign_qaoa_v1_000185,benign_qaoa_v1_000185,qaoa,benign,benign,1,3,1,qaoa
benign_qaoa_v1_000186,benign_qaoa_v1_000186,qaoa,benign,benign,0,2,2,qaoa
benign_qaoa_v1_000187,benign_qaoa_v1_000187,qaoa,benign,benign,3,4,3,qaoa
benign_qaoa_v1_000188,benign_qaoa_v1_000188,qaoa,benign,benign,2,3,2,qaoa
benign_qaoa_v1_000189,benign_qaoa_v1_000189,qaoa,benign,benign,2,0,2,qaoa
benign_qaoa_v1_000190,benign_qaoa_v1_000190,qaoa,benign,benign,3,2,4,qaoa
benign_qaoa_v1_000191,benign_qaoa_v1_000191,qaoa,benign,benign,3,1,4,qaoa
benign_qaoa_v1_000192,benign_qaoa_v1_000192,qaoa,benign,benign,1,0,3,qaoa
benign_qaoa_v1_000193,benign_qaoa_v1_000193,qaoa,benign,benign,4,2,1,qaoa
benign_qaoa_v1_000194,benign_qaoa_v1_000194,qaoa,benign,benign,1,3,1,qaoa
benign_qaoa_v1_000195,benign_qaoa_v1_000195,qaoa,benign,benign,1,4,4,qaoa
benign_qaoa_v1_000196,benign_qaoa_v1_000196,qaoa,benign,benign,0,3,2,qaoa
benign_qaoa_v1_000197,benign_qaoa_v1_000197,qaoa,benign,benign,1,4,4,qaoa
benign_qaoa_v1_000198,benign_qaoa_v1_000198,qaoa,benign,benign,0,0,0,qaoa
benign_qaoa_v1_000199,benign_qaoa_v1_000199,qaoa,benign,benign,3,0,3,qaoa
benign_qaoa_v1_000200,benign_qaoa_v1_000200,qaoa,benign,benign,2,2,0,qaoa
benign_qaoa_v1_000201,benign_qaoa_v1_000201,qaoa,benign,benign,1,2,0,qaoa
benign_qaoa_v1_000202,benign_qaoa_v1_000202,qaoa,benign,benign,2,4,3,qaoa
benign_qaoa_v1_000203,benign_qaoa_v1_000203,qaoa,benign,benign,0,1,0,qaoa
benign_qaoa_v1_000204,benign_qaoa_v1_000204,qaoa,benign,benign,3,1,2,qaoa
benign_qaoa_v1_000205,benign_qaoa_v1_000205,qaoa,benign,benign,0,4,1,qaoa
benign_qaoa_v1_000206,benign_qaoa_v1_000206,qaoa,benign,benign,1,0,0,qaoa
benign_qaoa_v1_000207,benign_qaoa_v1_000207,qaoa,benign,benign,0,0,4,qaoa
benign_qaoa_v1_000208,benign_qaoa_v1_000208,qaoa,benign,benign,4,0,1,qaoa
benign_qaoa_v1_000209,benign_qaoa_v1_000209,qaoa,benign,benign,3,2,1,qaoa
benign_qaoa_v1_000210,benign_qaoa_v1_000210,qaoa,benign,benign,2,1,2,qaoa
benign_qaoa_v1_000211,benign_qaoa_v1_000211,qaoa,benign,benign,1,1,3,qaoa
benign_qaoa_v1_000212,benign_qaoa_v1_000212,qaoa,benign,benign,0,4,0,qaoa
benign_qaoa_v1_000213,benign_qaoa_v1_000213,qaoa,benign,benign,1,4,0,qaoa
benign_qaoa_v1_000214,benign_qaoa_v1_000214,qaoa,benign,benign,2,1,2,qaoa
benign_qaoa_v1_000215,benign_qaoa_v1_000215,qaoa,benign,benign,0,3,1,qaoa
benign_qaoa_v1_000216,benign_qaoa_v1_000216,qaoa,benign,benign,1,0,1,qaoa
benign_qaoa_v1_000217,benign_qaoa_v1_000217,qaoa,benign,benign,4,2,0,qaoa
benign_qaoa_v1_000218,benign_qaoa_v1_000218,qaoa,benign,benign,0,1,1,qaoa
benign_qaoa_v1_000219,benign_qaoa_v1_000219,qaoa,benign,benign,3,4,0,qaoa
benign_qaoa_v1_000220,benign_qaoa_v1_000220,qaoa,benign,benign,0,0,2,qaoa
benign_qaoa_v1_000221,benign_qaoa_v1_000221,qaoa,benign,benign,1,2,2,qaoa
benign_qaoa_v1_000222,benign_qaoa_v1_000222,qaoa,benign,benign,1,3,1,qaoa
benign_qaoa_v1_000223,benign_qaoa_v1_000223,qaoa,benign,benign,4,0,0,qaoa
benign_qaoa_v1_000224,benign_qaoa_v1_000224,qaoa,benign,benign,0,1,1,qaoa
benign_qaoa_v1_000225,benign_qaoa_v1_000225,qaoa,benign,benign,3,4,1,qaoa
benign_qaoa_v1_000226,benign_qaoa_v1_000226,qaoa,benign,benign,2,1,1,qaoa
benign_qaoa_v1_000227,benign_qaoa_v1_000227,qaoa,benign,benign,4,2,3,qaoa
benign_qaoa_v1_000228,benign_qaoa_v1_000228,qaoa,benign,benign,1,2,4,qaoa
benign_qaoa_v1_000229,benign_qaoa_v1_000229,qaoa,benign,benign,3,4,3,qaoa
benign_qaoa_v1_000230,benign_qaoa_v1_000230,qaoa,benign,benign,1,3,1,qaoa
benign_qaoa_v1_000231,benign_qaoa_v1_000231,qaoa,benign,benign,4,2,2,qaoa
benign_qaoa_v1_000232,benign_qaoa_v1_000232,qaoa,benign,benign,3,2,3,qaoa
benign_qaoa_v1_000233,benign_qaoa_v1_000233,qaoa,benign,benign,3,4,4,qaoa
benign_qaoa_v1_000234,benign_qaoa_v1_000234,qaoa,benign,benign,3,1,0,qaoa
benign_qaoa_v1_000235,benign_qaoa_v1_000235,qaoa,benign,benign,2,4,2,qaoa
benign_qaoa_v1_000236,benign_qaoa_v1_000236,qaoa,benign,benign,0,3,3,qaoa
benign_qaoa_v1_000237,benign_qaoa_v1_000237,qaoa,benign,benign,0,1,1,qaoa
benign_qaoa_v1_000238,benign_qaoa_v1_000238,qaoa,benign,benign,1,2,4,qaoa
benign_qaoa_v1_000239,benign_qaoa_v1_000239,qaoa,benign,benign,0,3,2,qaoa
benign_qaoa_v1_000240,benign_qaoa_v1_000240,qaoa,benign,benign,4,3,3,qaoa
benign_qaoa_v1_000241,benign_qaoa_v1_000241,qaoa,benign,benign,1,2,0,qaoa
benign_qaoa_v1_000242,benign_qaoa_v1_000242,qaoa,benign,benign,4,1,0,qaoa
benign_qaoa_v1_000243,benign_qaoa_v1_000243,qaoa,benign,benign,1,3,3,qaoa
benign_qaoa_v1_000244,benign_qaoa_v1_000244,qaoa,benign,benign,2,0,0,qaoa
benign_qaoa_v1_000245,benign_qaoa_v1_000245,qaoa,benign,benign,0,2,0,qaoa
benign_qaoa_v1_000246,benign_qaoa_v1_000246,qaoa,benign,benign,0,4,1,qaoa
benign_qaoa_v1_000247,benign_qaoa_v1_000247,qaoa,benign,benign,3,1,0,qaoa
benign_qaoa_v1_000248,benign_qaoa_v1_000248,qaoa,benign,benign,1,0,0,qaoa
benign_qaoa_v1_000249,benign_qaoa_v1_000249,qaoa,benign,benign,2,0,3,qaoa
benign_qaoa_v1_000250,benign_qaoa_v1_000250,qaoa,benign,benign,2,2,2,qaoa
benign_qaoa_v1_000251,benign_qaoa_v1_000251,qaoa,benign,benign,2,4,3,qaoa
benign_qaoa_v1_000252,benign_qaoa_v1_000252,qaoa,benign,benign,3,3,0,qaoa
benign_qaoa_v1_000253,benign_qaoa_v1_000253,qaoa,benign,benign,0,4,3,qaoa
benign_qaoa_v1_000254,benign_qaoa_v1_000254,qaoa,benign,benign,0,4,3,qaoa
benign_qaoa_v1_000255,benign_qaoa_v1_000255,qaoa,benign,benign,3,0,0,qaoa
benign_qaoa_v1_000256,benign_qaoa_v1_000256,qaoa,benign,benign,3,3,4,qaoa
benign_qaoa_v1_000257,benign_qaoa_v1_000257,qaoa,benign,benign,1,1,0,qaoa
benign_qaoa_v1_000258,benign_qaoa_v1_000258,qaoa,benign,benign,0,0,3,qaoa
benign_qaoa_v1_000259,benign_qaoa_v1_000259,qaoa,benign,benign,2,0,0,qaoa
benign_qaoa_v1_000260,benign_qaoa_v1_000260,qaoa,benign,benign,3,2,1,qaoa
benign_qaoa_v1_000261,benign_qaoa_v1_000261,qaoa,benign,benign,4,4,1,qaoa
benign_qaoa_v1_000262,benign_qaoa_v1_000262,qaoa,benign,benign,2,3,2,qaoa
benign_qaoa_v1_000263,benign_qaoa_v1_000263,qaoa,benign,benign,3,0,4,qaoa
benign_qaoa_v1_000264,benign_qaoa_v1_000264,qaoa,benign,benign,1,3,2,qaoa
benign_qaoa_v1_000265,benign_qaoa_v1_000265,qaoa,benign,benign,3,0,3,qaoa
benign_qaoa_v1_000266,benign_qaoa_v1_000266,qaoa,benign,benign,2,3,2,qaoa
benign_qaoa_v1_000267,benign_qaoa_v1_000267,qaoa,benign,benign,3,0,4,qaoa
benign_qaoa_v1_000268,benign_qaoa_v1_000268,qaoa,benign,benign,4,4,1,qaoa
benign_qaoa_v1_000269,benign_qaoa_v1_000269,qaoa,benign,benign,2,4,3,qaoa
benign_qaoa_v1_000270,benign_qaoa_v1_000270,qaoa,benign,benign,1,2,1,qaoa
benign_qaoa_v1_000271,benign_qaoa_v1_000271,qaoa,benign,benign,3,0,3,qaoa
benign_qaoa_v1_000272,benign_qaoa_v1_000272,qaoa,benign,benign,3,0,4,qaoa
benign_qaoa_v1_000273,benign_qaoa_v1_000273,qaoa,benign,benign,2,1,0,qaoa
benign_qaoa_v1_000274,benign_qaoa_v1_000274,qaoa,benign,benign,3,4,3,qaoa
benign_qaoa_v1_000275,benign_qaoa_v1_000275,qaoa,benign,benign,1,0,3,qaoa
benign_qaoa_v1_000276,benign_qaoa_v1_000276,qaoa,benign,benign,2,2,1,qaoa
benign_qaoa_v1_000277,benign_qaoa_v1_000277,qaoa,benign,benign,0,4,1,qaoa
benign_qaoa_v1_000278,benign_qaoa_v1_000278,qaoa,benign,benign,1,4,1,qaoa
benign_qaoa_v1_000279,benign_qaoa_v1_000279,qaoa,benign,benign,4,1,4,qaoa
benign_qaoa_v1_000280,benign_qaoa_v1_000280,qaoa,benign,benign,3,2,4,qaoa
benign_qaoa_v1_000281,benign_qaoa_v1_000281,qaoa,benign,benign,0,3,2,qaoa
benign_qaoa_v1_000282,benign_qaoa_v1_000282,qaoa,benign,benign,2,0,4,qaoa
benign_qaoa_v1_000283,benign_qaoa_v1_000283,qaoa,benign,benign,1,3,0,qaoa
benign_qaoa_v1_000284,benign_qaoa_v1_000284,qaoa,benign,benign,4,1,4,qaoa
benign_qaoa_v1_000285,benign_qaoa_v1_000285,qaoa,benign,benign,3,4,0,qaoa
benign_qaoa_v1_000286,benign_qaoa_v1_000286,qaoa,benign,benign,4,0,1,qaoa
benign_qaoa_v1_000287,benign_qaoa_v1_000287,qaoa,benign,benign,2,1,0,qaoa
benign_qaoa_v1_000288,benign_qaoa_v1_000288,qaoa,benign,benign,0,3,3,qaoa
benign_qaoa_v1_000289,benign_qaoa_v1_000289,qaoa,benign,benign,4,4,0,qaoa
benign_qaoa_v1_000290,benign_qaoa_v1_000290,qaoa,benign,benign,0,4,4,qaoa
benign_qaoa_v1_000291,benign_qaoa_v1_000291,qaoa,benign,benign,2,4,4,qaoa
benign_qaoa_v1_000292,benign_qaoa_v1_000292,qaoa,benign,benign,3,3,4,qaoa
benign_qaoa_v1_000293,benign_qaoa_v1_000293,qaoa,benign,benign,2,4,4,qaoa
benign_qaoa_v1_000294,benign_qaoa_v1_000294,qaoa,benign,benign,1,0,4,qaoa
benign_qaoa_v1_000295,benign_qaoa_v1_000295,qaoa,benign,benign,1,1,1,qaoa
benign_qaoa_v1_000296,benign_qaoa_v1_000296,qaoa,benign,benign,4,2,4,qaoa
benign_qaoa_v1_000297,benign_qaoa_v1_000297,qaoa,benign,benign,1,2,1,qaoa
benign_qaoa_v1_000298,benign_qaoa_v1_000298,qaoa,benign,benign,4,2,3,qaoa
benign_qaoa_v1_000299,benign_qaoa_v1_000299,qaoa,benign,benign,0,0,3,qaoa
benign_qaoa_v1_000300,benign_qaoa_v1_000300,qaoa,benign,benign,4,2,1,qaoa
benign_qaoa_v1_000301,benign_qaoa_v1_000301,qaoa,benign,benign,2,2,2,qaoa
benign_qaoa_v1_000302,benign_qaoa_v1_000302,qaoa,benign,benign,0,3,3,qaoa
benign_qaoa_v1_000303,benign_qaoa_v1_000303,qaoa,benign,benign,1,1,2,qaoa
benign_qaoa_v1_000304,benign_qaoa_v1_000304,qaoa,benign,benign,4,0,4,qaoa
benign_qaoa_v1_000305,benign_qaoa_v1_000305,qaoa,benign,benign,1,3,2,qaoa
benign_qaoa_v1_000306,benign_qaoa_v1_000306,qaoa,benign,benign,3,4,1,qaoa
benign_qaoa_v1_000307,benign_qaoa_v1_000307,qaoa,benign,benign,1,3,1,qaoa
benign_qaoa_v1_000308,benign_qaoa_v1_000308,qaoa,benign,benign,1,2,2,qaoa
benign_qaoa_v1_000309,benign_qaoa_v1_000309,qaoa,benign,benign,2,0,3,qaoa
benign_qaoa_v1_000310,benign_qaoa_v1_000310,qaoa,benign,benign,2,0,2,qaoa
benign_qaoa_v1_000311,benign_qaoa_v1_000311,qaoa,benign,benign,0,3,2,qaoa
benign_qaoa_v1_000312,benign_qaoa_v1_000312,qaoa,benign,benign,4,0,2,qaoa
benign_qaoa_v1_000313,benign_qaoa_v1_000313,qaoa,benign,benign,1,2,1,qaoa
benign_qaoa_v1_000314,benign_qaoa_v1_000314,qaoa,benign,benign,0,1,1,qaoa
benign_qaoa_v1_000315,benign_qaoa_v1_000315,qaoa,benign,benign,0,0,4,qaoa
benign_qaoa_v1_000316,benign_qaoa_v1_000316,qaoa,benign,benign,2,2,4,qaoa
benign_qaoa_v1_000317,benign_qaoa_v1_000317,qaoa,benign,benign,0,2,3,qaoa
benign_qaoa_v1_000318,benign_qaoa_v1_000318,qaoa,benign,benign,1,3,1,qaoa
benign_qaoa_v1_000319,benign_qaoa_v1_000319,qaoa,benign,benign,3,1,0,qaoa
benign_qaoa_v1_000320,benign_qaoa_v1_000320,qaoa,benign,benign,4,3,1,qaoa
benign_qaoa_v1_000321,benign_qaoa_v1_000321,qaoa,benign,benign,0,2,2,qaoa
benign_qaoa_v1_000322,benign_qaoa_v1_000322,qaoa,benign,benign,0,2,2,qaoa
benign_qaoa_v1_000323,benign_qaoa_v1_000323,qaoa,benign,benign,4,0,2,qaoa
benign_qaoa_v1_000324,benign_qaoa_v1_000324,qaoa,benign,benign,4,4,1,qaoa
benign_qaoa_v1_000325,benign_qaoa_v1_000325,qaoa,benign,benign,4,2,1,qaoa
benign_qaoa_v1_000326,benign_qaoa_v1_000326,qaoa,benign,benign,3,0,3,qaoa
benign_qaoa_v1_000327,benign_qaoa_v1_000327,qaoa,benign,benign,3,0,2,qaoa
benign_qaoa_v1_000328,benign_qaoa_v1_000328,qaoa,benign,benign,1,2,2,qaoa
benign_qaoa_v1_000329,benign_qaoa_v1_000329,qaoa,benign,benign,2,4,3,qaoa
benign_qaoa_v1_000330,benign_qaoa_v1_000330,qaoa,benign,benign,2,3,4,qaoa
benign_qaoa_v1_000331,benign_qaoa_v1_000331,qaoa,benign,benign,3,2,3,qaoa
benign_qaoa_v1_000332,benign_qaoa_v1_000332,qaoa,benign,benign,3,3,1,qaoa
benign_qaoa_v1_000333,benign_qaoa_v1_000333,qaoa,benign,benign,2,4,3,qaoa
benign_qaoa_v1_000334,benign_qaoa_v1_000334,qaoa,benign,benign,3,2,1,qaoa
benign_qaoa_v1_000335,benign_qaoa_v1_000335,qaoa,benign,benign,0,0,0,qaoa
benign_qaoa_v1_000336,benign_qaoa_v1_000336,qaoa,benign,benign,2,2,2,qaoa
benign_qaoa_v1_000337,benign_qaoa_v1_000337,qaoa,benign,benign,1,1,4,qaoa
benign_qaoa_v1_000338,benign_qaoa_v1_000338,qaoa,benign,benign,4,3,3,qaoa
benign_qaoa_v1_000339,benign_qaoa_v1_000339,qaoa,benign,benign,1,4,1,qaoa
benign_qaoa_v1_000340,benign_qaoa_v1_000340,qaoa,benign,benign,2,0,1,qaoa
benign_qaoa_v1_000341,benign_qaoa_v1_000341,qaoa,benign,benign,2,3,0,qaoa
benign_qaoa_v1_000342,benign_qaoa_v1_000342,qaoa,benign,benign,2,4,4,qaoa
benign_qaoa_v1_000343,benign_qaoa_v1_000343,qaoa,benign,benign,3,2,3,qaoa
benign_qaoa_v1_000344,benign_qaoa_v1_000344,qaoa,benign,benign,0,0,2,qaoa
benign_qaoa_v1_000345,benign_qaoa_v1_000345,qaoa,benign,benign,2,2,1,qaoa
benign_qaoa_v1_000346,benign_qaoa_v1_000346,qaoa,benign,benign,1,4,1,qaoa
benign_qaoa_v1_000347,benign_qaoa_v1_000347,qaoa,benign,benign,4,4,3,qaoa
benign_qaoa_v1_000348,benign_qaoa_v1_000348,qaoa,benign,benign,0,4,3,qaoa
benign_qaoa_v1_000349,benign_qaoa_v1_000349,qaoa,benign,benign,3,0,2,qaoa
benign_qaoa_v1_000350,benign_qaoa_v1_000350,qaoa,benign,benign,4,0,4,qaoa
benign_qaoa_v1_000351,benign_qaoa_v1_000351,qaoa,benign,benign,1,3,3,qaoa
benign_qaoa_v1_000352,benign_qaoa_v1_000352,qaoa,benign,benign,3,4,0,qaoa
benign_qaoa_v1_000353,benign_qaoa_v1_000353,qaoa,benign,benign,3,2,1,qaoa
benign_qaoa_v1_000354,benign_qaoa_v1_000354,qaoa,benign,benign,4,1,4,qaoa
benign_qaoa_v1_000355,benign_qaoa_v1_000355,qaoa,benign,benign,1,4,2,qaoa
benign_qaoa_v1_000356,benign_qaoa_v1_000356,qaoa,benign,benign,1,1,4,qaoa
benign_qaoa_v1_000357,benign_qaoa_v1_000357,qaoa,benign,benign,2,4,1,qaoa
benign_qaoa_v1_000358,benign_qaoa_v1_000358,qaoa,benign,benign,2,3,1,qaoa
benign_qaoa_v1_000359,benign_qaoa_v1_000359,qaoa,benign,benign,0,4,2,qaoa
benign_qaoa_v1_000360,benign_qaoa_v1_000360,qaoa,benign,benign,2,2,0,qaoa
benign_qaoa_v1_000361,benign_qaoa_v1_000361,qaoa,benign,benign,0,1,1,qaoa
benign_qaoa_v1_000362,benign_qaoa_v1_000362,qaoa,benign,benign,3,4,3,qaoa
benign_qaoa_v1_000363,benign_qaoa_v1_000363,qaoa,benign,benign,2,4,2,qaoa
benign_qaoa_v1_000364,benign_qaoa_v1_000364,qaoa,benign,benign,3,0,1,qaoa
benign_qaoa_v1_000365,benign_qaoa_v1_000365,qaoa,benign,benign,4,2,1,qaoa
benign_qaoa_v1_000366,benign_qaoa_v1_000366,qaoa,benign,benign,4,3,2,qaoa
benign_qaoa_v1_000367,benign_qaoa_v1_000367,qaoa,benign,benign,1,0,2,qaoa
benign_qaoa_v1_000368,benign_qaoa_v1_000368,qaoa,benign,benign,2,0,3,qaoa
benign_qaoa_v1_000369,benign_qaoa_v1_000369,qaoa,benign,benign,2,3,3,qaoa
benign_qaoa_v1_000370,benign_qaoa_v1_000370,qaoa,benign,benign,1,1,3,qaoa
benign_qaoa_v1_000371,benign_qaoa_v1_000371,qaoa,benign,benign,1,4,0,qaoa
benign_qaoa_v1_000372,benign_qaoa_v1_000372,qaoa,benign,benign,3,2,2,qaoa
benign_qaoa_v1_000373,benign_qaoa_v1_000373,qaoa,benign,benign,4,1,2,qaoa
benign_qaoa_v1_000374,benign_qaoa_v1_000374,qaoa,benign,benign,1,1,1,qaoa
benign_qaoa_v1_000375,benign_qaoa_v1_000375,qaoa,benign,benign,4,0,0,qaoa
benign_qaoa_v1_000376,benign_qaoa_v1_000376,qaoa,benign,benign,3,3,2,qaoa
benign_qaoa_v1_000377,benign_qaoa_v1_000377,qaoa,benign,benign,3,0,0,qaoa
benign_qaoa_v1_000378,benign_qaoa_v1_000378,qaoa,benign,benign,0,0,1,qaoa
benign_qaoa_v1_000379,benign_qaoa_v1_000379,qaoa,benign,benign,4,2,0,qaoa
benign_qaoa_v1_000380,benign_qaoa_v1_000380,qaoa,benign,benign,4,4,4,qaoa
benign_qaoa_v1_000381,benign_qaoa_v1_000381,qaoa,benign,benign,2,2,2,qaoa
benign_qaoa_v1_000382,benign_qaoa_v1_000382,qaoa,benign,benign,1,2,2,qaoa
benign_qaoa_v1_000383,benign_qaoa_v1_000383,qaoa,benign,benign,3,1,1,qaoa
benign_qaoa_v1_000384,benign_qaoa_v1_000384,qaoa,benign,benign,2,0,1,qaoa
benign_qaoa_v1_000385,benign_qaoa_v1_000385,qaoa,benign,benign,0,3,4,qaoa
benign_qaoa_v1_000386,benign_qaoa_v1_000386,qaoa,benign,benign,2,2,4,qaoa
benign_qaoa_v1_000387,benign_qaoa_v1_000387,qaoa,benign,benign,4,2,3,qaoa
benign_qaoa_v1_000388,benign_qaoa_v1_000388,qaoa,benign,benign,3,4,3,qaoa
benign_qaoa_v1_000389,benign_qaoa_v1_000389,qaoa,benign,benign,3,1,4,qaoa
benign_qaoa_v1_000390,benign_qaoa_v1_000390,qaoa,benign,benign,0,0,1,qaoa
benign_qaoa_v1_000391,benign_qaoa_v1_000391,qaoa,benign,benign,3,2,0,qaoa
benign_qaoa_v1_000392,benign_qaoa_v1_000392,qaoa,benign,benign,4,0,0,qaoa
benign_qaoa_v1_000393,benign_qaoa_v1_000393,qaoa,benign,benign,4,2,0,qaoa
benign_qaoa_v1_000394,benign_qaoa_v1_000394,qaoa,benign,benign,2,1,3,qaoa
benign_qaoa_v1_000395,benign_qaoa_v1_000395,qaoa,benign,benign,1,0,4,qaoa
benign_qaoa_v1_000396,benign_qaoa_v1_000396,qaoa,benign,benign,2,3,2,qaoa
benign_qaoa_v1_000397,benign_qaoa_v1_000397,qaoa,benign,benign,3,3,1,qaoa
benign_qaoa_v1_000398,benign_qaoa_v1_000398,qaoa,benign,benign,0,2,0,qaoa
benign_qaoa_v1_000399,benign_qaoa_v1_000399,qaoa,benign,benign,2,3,0,qaoa
benign_qaoa_v1_000400,benign_qaoa_v1_000400,qaoa,benign,benign,3,1,1,qaoa
benign_qaoa_v1_000401,benign_qaoa_v1_000401,qaoa,benign,benign,1,2,0,qaoa
benign_qaoa_v1_000402,benign_qaoa_v1_000402,qaoa,benign,benign,1,4,3,qaoa
benign_qaoa_v1_000403,benign_qaoa_v1_000403,qaoa,benign,benign,3,1,4,qaoa
benign_qaoa_v1_000404,benign_qaoa_v1_000404,qaoa,benign,benign,3,2,0,qaoa
benign_qaoa_v1_000405,benign_qaoa_v1_000405,qaoa,benign,benign,2,4,0,qaoa
benign_qaoa_v1_000406,benign_qaoa_v1_000406,qaoa,benign,benign,1,1,3,qaoa
benign_qaoa_v1_000407,benign_qaoa_v1_000407,qaoa,benign,benign,0,2,1,qaoa
benign_qaoa_v1_000408,benign_qaoa_v1_000408,qaoa,benign,benign,2,2,0,qaoa
benign_qaoa_v1_000409,benign_qaoa_v1_000409,qaoa,benign,benign,0,3,0,qaoa
benign_qaoa_v1_000410,benign_qaoa_v1_000410,qaoa,benign,benign,0,3,2,qaoa
benign_qaoa_v1_000411,benign_qaoa_v1_000411,qaoa,benign,benign,4,4,0,qaoa
benign_qaoa_v1_000412,benign_qaoa_v1_000412,qaoa,benign,benign,2,0,0,qaoa
benign_qaoa_v1_000413,benign_qaoa_v1_000413,qaoa,benign,benign,3,3,0,qaoa
benign_qaoa_v1_000414,benign_qaoa_v1_000414,qaoa,benign,benign,2,3,3,qaoa
benign_qaoa_v1_000415,benign_qaoa_v1_000415,qaoa,benign,benign,3,2,4,qaoa
benign_qaoa_v1_000416,benign_qaoa_v1_000416,qaoa,benign,benign,4,2,3,qaoa
benign_qaoa_v1_000417,benign_qaoa_v1_000417,qaoa,benign,benign,1,2,0,qaoa
benign_qaoa_v1_000418,benign_qaoa_v1_000418,qaoa,benign,benign,3,0,1,qaoa
benign_qaoa_v1_000419,benign_qaoa_v1_000419,qaoa,benign,benign,0,3,1,qaoa
benign_qaoa_v1_000420,benign_qaoa_v1_000420,qaoa,benign,benign,4,0,1,qaoa
benign_qaoa_v1_000421,benign_qaoa_v1_000421,qaoa,benign,benign,0,1,1,qaoa
benign_qaoa_v1_000422,benign_qaoa_v1_000422,qaoa,benign,benign,0,2,3,qaoa
benign_qaoa_v1_000423,benign_qaoa_v1_000423,qaoa,benign,benign,2,0,4,qaoa
benign_qaoa_v1_000424,benign_qaoa_v1_000424,qaoa,benign,benign,1,3,3,qaoa
benign_qaoa_v1_000425,benign_qaoa_v1_000425,qaoa,benign,benign,2,3,0,qaoa
benign_qaoa_v1_000426,benign_qaoa_v1_000426,qaoa,benign,benign,4,4,0,qaoa
benign_qaoa_v1_000427,benign_qaoa_v1_000427,qaoa,benign,benign,2,1,4,qaoa
benign_qaoa_v1_000428,benign_qaoa_v1_000428,qaoa,benign,benign,1,0,0,qaoa
benign_qaoa_v1_000429,benign_qaoa_v1_000429,qaoa,benign,benign,3,3,2,qaoa
benign_qaoa_v1_000430,benign_qaoa_v1_000430,qaoa,benign,benign,2,0,1,qaoa
benign_qaoa_v1_000431,benign_qaoa_v1_000431,qaoa,benign,benign,4,2,1,qaoa
benign_qaoa_v1_000432,benign_qaoa_v1_000432,qaoa,benign,benign,3,1,1,qaoa
benign_qaoa_v1_000433,benign_qaoa_v1_000433,qaoa,benign,benign,2,1,1,qaoa
benign_qaoa_v1_000434,benign_qaoa_v1_000434,qaoa,benign,benign,0,4,0,qaoa
benign_qaoa_v1_000435,benign_qaoa_v1_000435,qaoa,benign,benign,1,0,3,qaoa
benign_qaoa_v1_000436,benign_qaoa_v1_000436,qaoa,benign,benign,1,1,2,qaoa
benign_qaoa_v1_000437,benign_qaoa_v1_000437,qaoa,benign,benign,1,3,3,qaoa
benign_qaoa_v1_000438,benign_qaoa_v1_000438,qaoa,benign,benign,0,1,3,qaoa
benign_qaoa_v1_000439,benign_qaoa_v1_000439,qaoa,benign,benign,1,4,4,qaoa
benign_qaoa_v1_000440,benign_qaoa_v1_000440,qaoa,benign,benign,4,2,3,qaoa
benign_qaoa_v1_000441,benign_qaoa_v1_000441,qaoa,benign,benign,0,3,2,qaoa
benign_qaoa_v1_000442,benign_qaoa_v1_000442,qaoa,benign,benign,2,4,2,qaoa
benign_qaoa_v1_000443,benign_qaoa_v1_000443,qaoa,benign,benign,0,0,1,qaoa
benign_qaoa_v1_000444,benign_qaoa_v1_000444,qaoa,benign,benign,3,3,3,qaoa
benign_qaoa_v1_000445,benign_qaoa_v1_000445,qaoa,benign,benign,2,3,2,qaoa
benign_qaoa_v1_000446,benign_qaoa_v1_000446,qaoa,benign,benign,3,3,2,qaoa
benign_qaoa_v1_000447,benign_qaoa_v1_000447,qaoa,benign,benign,4,4,2,qaoa
benign_qaoa_v1_000448,benign_qaoa_v1_000448,qaoa,benign,benign,2,3,4,qaoa
benign_qaoa_v1_000449,benign_qaoa_v1_000449,qaoa,benign,benign,4,4,0,qaoa
benign_qaoa_v1_000450,benign_qaoa_v1_000450,qaoa,benign,benign,2,4,0,qaoa
benign_qaoa_v1_000451,benign_qaoa_v1_000451,qaoa,benign,benign,3,1,2,qaoa
benign_qaoa_v1_000452,benign_qaoa_v1_000452,qaoa,benign,benign,0,3,4,qaoa
benign_qaoa_v1_000453,benign_qaoa_v1_000453,qaoa,benign,benign,2,2,4,qaoa
benign_qaoa_v1_000454,benign_qaoa_v1_000454,qaoa,benign,benign,4,0,4,qaoa
benign_qaoa_v1_000455,benign_qaoa_v1_000455,qaoa,benign,benign,0,3,4,qaoa
benign_qaoa_v1_000456,benign_qaoa_v1_000456,qaoa,benign,benign,4,3,2,qaoa
benign_qaoa_v1_000457,benign_qaoa_v1_000457,qaoa,benign,benign,4,1,1,qaoa
benign_qaoa_v1_000458,benign_qaoa_v1_000458,qaoa,benign,benign,1,4,2,qaoa
benign_qaoa_v1_000459,benign_qaoa_v1_000459,qaoa,benign,benign,1,1,0,qaoa
benign_qaoa_v1_000460,benign_qaoa_v1_000460,qaoa,benign,benign,4,3,0,qaoa
benign_qaoa_v1_000461,benign_qaoa_v1_000461,qaoa,benign,benign,0,1,3,qaoa
benign_qaoa_v1_000462,benign_qaoa_v1_000462,qaoa,benign,benign,0,0,0,qaoa
benign_qaoa_v1_000463,benign_qaoa_v1_000463,qaoa,benign,benign,1,0,3,qaoa
benign_qaoa_v1_000464,benign_qaoa_v1_000464,qaoa,benign,benign,4,2,3,qaoa
benign_qaoa_v1_000465,benign_qaoa_v1_000465,qaoa,benign,benign,2,0,1,qaoa
benign_qaoa_v1_000466,benign_qaoa_v1_000466,qaoa,benign,benign,1,2,2,qaoa
benign_qaoa_v1_000467,benign_qaoa_v1_000467,qaoa,benign,benign,1,4,0,qaoa
benign_qaoa_v1_000468,benign_qaoa_v1_000468,qaoa,benign,benign,2,2,4,qaoa
benign_qaoa_v1_000469,benign_qaoa_v1_000469,qaoa,benign,benign,3,3,1,qaoa
benign_qaoa_v1_000470,benign_qaoa_v1_000470,qaoa,benign,benign,0,0,3,qaoa
benign_qaoa_v1_000471,benign_qaoa_v1_000471,qaoa,benign,benign,1,3,4,qaoa
benign_qaoa_v1_000472,benign_qaoa_v1_000472,qaoa,benign,benign,3,1,3,qaoa
benign_qaoa_v1_000473,benign_qaoa_v1_000473,qaoa,benign,benign,1,4,3,qaoa
benign_qaoa_v1_000474,benign_qaoa_v1_000474,qaoa,benign,benign,1,1,2,qaoa
benign_qaoa_v1_000475,benign_qaoa_v1_000475,qaoa,benign,benign,1,1,2,qaoa
benign_qaoa_v1_000476,benign_qaoa_v1_000476,qaoa,benign,benign,1,3,4,qaoa
benign_qaoa_v1_000477,benign_qaoa_v1_000477,qaoa,benign,benign,4,3,2,qaoa
benign_qaoa_v1_000478,benign_qaoa_v1_000478,qaoa,benign,benign,2,2,0,qaoa
benign_qaoa_v1_000479,benign_qaoa_v1_000479,qaoa,benign,benign,1,4,0,qaoa
benign_qaoa_v1_000480,benign_qaoa_v1_000480,qaoa,benign,benign,3,2,3,qaoa
benign_qaoa_v1_000481,benign_qaoa_v1_000481,qaoa,benign,benign,0,4,3,qaoa
benign_qaoa_v1_000482,benign_qaoa_v1_000482,qaoa,benign,benign,4,0,4,qaoa
benign_qaoa_v1_000483,benign_qaoa_v1_000483,qaoa,benign,benign,3,2,3,qaoa
benign_qaoa_v1_000484,benign_qaoa_v1_000484,qaoa,benign,benign,4,1,0,qaoa
benign_qaoa_v1_000485,benign_qaoa_v1_000485,qaoa,benign,benign,4,3,2,qaoa
benign_qaoa_v1_000486,benign_qaoa_v1_000486,qaoa,benign,benign,3,1,3,qaoa
benign_qaoa_v1_000487,benign_qaoa_v1_000487,qaoa,benign,benign,3,4,0,qaoa
benign_qaoa_v1_000488,benign_qaoa_v1_000488,qaoa,benign,benign,2,2,3,qaoa
benign_qaoa_v1_000489,benign_qaoa_v1_000489,qaoa,benign,benign,3,1,1,qaoa
benign_qaoa_v1_000490,benign_qaoa_v1_000490,qaoa,benign,benign,4,1,3,qaoa
benign_qaoa_v1_000491,benign_qaoa_v1_000491,qaoa,benign,benign,2,4,2,qaoa
benign_qaoa_v1_000492,benign_qaoa_v1_000492,qaoa,benign,benign,2,3,1,qaoa
benign_qaoa_v1_000493,benign_qaoa_v1_000493,qaoa,benign,benign,0,2,4,qaoa
benign_qaoa_v1_000494,benign_qaoa_v1_000494,qaoa,benign,benign,1,3,1,qaoa
benign_qaoa_v1_000495,benign_qaoa_v1_000495,qaoa,benign,benign,0,0,1,qaoa
benign_qaoa_v1_000496,benign_qaoa_v1_000496,qaoa,benign,benign,1,0,4,qaoa
benign_qaoa_v1_000497,benign_qaoa_v1_000497,qaoa,benign,benign,2,4,3,qaoa
benign_qaoa_v1_000498,benign_qaoa_v1_000498,qaoa,benign,benign,4,1,2,qaoa
benign_qaoa_v1_000499,benign_qaoa_v1_000499,qaoa,benign,benign,0,4,0,qaoa
benign_qaoa_v1_000500,benign_qaoa_v1_000500,qaoa,benign,benign,1,0,3,qaoa
benign_qaoa_v1_000501,benign_qaoa_v1_000501,qaoa,benign,benign,2,2,0,qaoa
benign_qaoa_v1_000502,benign_qaoa_v1_000502,qaoa,benign,benign,3,1,2,qaoa
benign_qaoa_v1_000503,benign_qaoa_v1_000503,qaoa,benign,benign,0,4,3,qaoa
benign_qaoa_v1_000504,benign_qaoa_v1_000504,qaoa,benign,benign,4,3,2,qaoa
benign_qaoa_v1_000505,benign_qaoa_v1_000505,qaoa,benign,benign,4,1,2,qaoa
benign_qaoa_v1_000506,benign_qaoa_v1_000506,qaoa,benign,benign,0,4,2,qaoa
benign_qaoa_v1_000507,benign_qaoa_v1_000507,qaoa,benign,benign,3,1,0,qaoa
benign_qaoa_v1_000508,benign_qaoa_v1_000508,qaoa,benign,benign,1,3,0,qaoa
benign_qaoa_v1_000509,benign_qaoa_v1_000509,qaoa,benign,benign,2,3,4,qaoa
benign_qaoa_v1_000510,benign_qaoa_v1_000510,qaoa,benign,benign,0,0,3,qaoa
benign_qaoa_v1_000511,benign_qaoa_v1_000511,qaoa,benign,benign,1,3,4,qaoa
benign_qaoa_v1_000512,benign_qaoa_v1_000512,qaoa,benign,benign,2,4,2,qaoa
benign_qaoa_v1_000513,benign_qaoa_v1_000513,qaoa,benign,benign,0,1,4,qaoa
benign_qaoa_v1_000514,benign_qaoa_v1_000514,qaoa,benign,benign,4,1,1,qaoa
benign_qaoa_v1_000515,benign_qaoa_v1_000515,qaoa,benign,benign,4,4,3,qaoa
benign_qaoa_v1_000516,benign_qaoa_v1_000516,qaoa,benign,benign,2,2,1,qaoa
benign_qaoa_v1_000517,benign_qaoa_v1_000517,qaoa,benign,benign,1,4,4,qaoa
benign_qaoa_v1_000518,benign_qaoa_v1_000518,qaoa,benign,benign,2,4,1,qaoa
benign_qaoa_v1_000519,benign_qaoa_v1_000519,qaoa,benign,benign,3,3,2,qaoa
benign_qaoa_v1_000520,benign_qaoa_v1_000520,qaoa,benign,benign,0,3,1,qaoa
benign_qaoa_v1_000521,benign_qaoa_v1_000521,qaoa,benign,benign,0,1,4,qaoa
benign_qaoa_v1_000522,benign_qaoa_v1_000522,qaoa,benign,benign,3,2,4,qaoa
benign_qaoa_v1_000523,benign_qaoa_v1_000523,qaoa,benign,benign,2,4,2,qaoa
benign_qaoa_v1_000524,benign_qaoa_v1_000524,qaoa,benign,benign,0,4,1,qaoa
benign_qaoa_v1_000525,benign_qaoa_v1_000525,qaoa,benign,benign,2,4,4,qaoa
benign_qaoa_v1_000526,benign_qaoa_v1_000526,qaoa,benign,benign,4,4,4,qaoa
benign_qaoa_v1_000527,benign_qaoa_v1_000527,qaoa,benign,benign,4,2,0,qaoa
benign_qaoa_v1_000528,benign_qaoa_v1_000528,qaoa,benign,benign,0,2,0,qaoa
benign_qaoa_v1_000529,benign_qaoa_v1_000529,qaoa,benign,benign,0,1,4,qaoa
benign_qaoa_v1_000530,benign_qaoa_v1_000530,qaoa,benign,benign,0,2,0,qaoa
benign_qaoa_v1_000531,benign_qaoa_v1_000531,qaoa,benign,benign,4,1,1,qaoa
benign_qaoa_v1_000532,benign_qaoa_v1_000532,qaoa,benign,benign,3,0,4,qaoa
benign_qaoa_v1_000533,benign_qaoa_v1_000533,qaoa,benign,benign,1,3,2,qaoa
benign_qaoa_v1_000534,benign_qaoa_v1_000534,qaoa,benign,benign,1,4,3,qaoa
benign_qaoa_v1_000535,benign_qaoa_v1_000535,qaoa,benign,benign,4,3,4,qaoa
benign_qaoa_v1_000536,benign_qaoa_v1_000536,qaoa,benign,benign,1,0,2,qaoa
benign_qaoa_v1_000537,benign_qaoa_v1_000537,qaoa,benign,benign,4,3,2,qaoa
benign_qaoa_v1_000538,benign_qaoa_v1_000538,qaoa,benign,benign,3,2,4,qaoa
benign_qaoa_v1_000539,benign_qaoa_v1_000539,qaoa,benign,benign,2,2,0,qaoa
benign_qaoa_v1_000540,benign_qaoa_v1_000540,qaoa,benign,benign,4,3,2,qaoa
benign_qaoa_v1_000541,benign_qaoa_v1_000541,qaoa,benign,benign,3,4,3,qaoa
benign_qaoa_v1_000542,benign_qaoa_v1_000542,qaoa,benign,benign,2,3,1,qaoa
benign_qaoa_v1_000543,benign_qaoa_v1_000543,qaoa,benign,benign,0,4,2,qaoa
benign_qaoa_v1_000544,benign_qaoa_v1_000544,qaoa,benign,benign,4,2,0,qaoa
benign_qaoa_v1_000545,benign_qaoa_v1_000545,qaoa,benign,benign,4,2,4,qaoa
benign_qaoa_v1_000546,benign_qaoa_v1_000546,qaoa,benign,benign,1,2,4,qaoa
benign_qaoa_v1_000547,benign_qaoa_v1_000547,qaoa,benign,benign,2,4,4,qaoa
benign_qaoa_v1_000548,benign_qaoa_v1_000548,qaoa,benign,benign,0,0,2,qaoa
benign_qaoa_v1_000549,benign_qaoa_v1_000549,qaoa,benign,benign,0,4,4,qaoa
benign_qaoa_v1_000550,benign_qaoa_v1_000550,qaoa,benign,benign,4,2,4,qaoa
benign_qaoa_v1_000551,benign_qaoa_v1_000551,qaoa,benign,benign,4,1,4,qaoa
benign_qaoa_v1_000552,benign_qaoa_v1_000552,qaoa,benign,benign,3,3,1,qaoa
benign_qaoa_v1_000553,benign_qaoa_v1_000553,qaoa,benign,benign,0,3,0,qaoa
benign_qaoa_v1_000554,benign_qaoa_v1_000554,qaoa,benign,benign,2,0,4,qaoa
benign_qaoa_v1_000555,benign_qaoa_v1_000555,qaoa,benign,benign,1,4,0,qaoa
benign_qaoa_v1_000556,benign_qaoa_v1_000556,qaoa,benign,benign,3,3,4,qaoa
benign_qaoa_v1_000557,benign_qaoa_v1_000557,qaoa,benign,benign,3,3,1,qaoa
benign_qaoa_v1_000558,benign_qaoa_v1_000558,qaoa,benign,benign,0,3,1,qaoa
benign_qaoa_v1_000559,benign_qaoa_v1_000559,qaoa,benign,benign,4,1,2,qaoa
benign_qaoa_v1_000560,benign_qaoa_v1_000560,qaoa,benign,benign,2,0,1,qaoa
benign_qaoa_v1_000561,benign_qaoa_v1_000561,qaoa,benign,benign,0,3,1,qaoa
benign_qaoa_v1_000562,benign_qaoa_v1_000562,qaoa,benign,benign,3,1,0,qaoa
benign_qaoa_v1_000563,benign_qaoa_v1_000563,qaoa,benign,benign,4,1,4,qaoa
benign_qaoa_v1_000564,benign_qaoa_v1_000564,qaoa,benign,benign,4,0,4,qaoa
benign_qaoa_v1_000565,benign_qaoa_v1_000565,qaoa,benign,benign,4,4,1,qaoa
benign_qaoa_v1_000566,benign_qaoa_v1_000566,qaoa,benign,benign,4,2,2,qaoa
benign_qaoa_v1_000567,benign_qaoa_v1_000567,qaoa,benign,benign,2,2,3,qaoa
benign_qaoa_v1_000568,benign_qaoa_v1_000568,qaoa,benign,benign,1,1,0,qaoa
benign_qaoa_v1_000569,benign_qaoa_v1_000569,qaoa,benign,benign,4,4,0,qaoa
benign_qaoa_v1_000570,benign_qaoa_v1_000570,qaoa,benign,benign,3,3,2,qaoa
benign_qaoa_v1_000571,benign_qaoa_v1_000571,qaoa,benign,benign,3,1,4,qaoa
benign_qaoa_v1_000572,benign_qaoa_v1_000572,qaoa,benign,benign,0,0,0,qaoa
benign_qaoa_v1_000573,benign_qaoa_v1_000573,qaoa,benign,benign,4,0,4,qaoa
benign_qaoa_v1_000574,benign_qaoa_v1_000574,qaoa,benign,benign,3,0,3,qaoa
benign_qaoa_v1_000575,benign_qaoa_v1_000575,qaoa,benign,benign,3,1,2,qaoa
benign_qaoa_v1_000576,benign_qaoa_v1_000576,qaoa,benign,benign,2,0,4,qaoa
benign_qaoa_v1_000577,benign_qaoa_v1_000577,qaoa,benign,benign,4,1,2,qaoa
benign_qaoa_v1_000578,benign_qaoa_v1_000578,qaoa,benign,benign,4,0,4,qaoa
benign_qaoa_v1_000579,benign_qaoa_v1_000579,qaoa,benign,benign,1,1,1,qaoa
benign_qaoa_v1_000580,benign_qaoa_v1_000580,qaoa,benign,benign,0,1,0,qaoa
benign_qaoa_v1_000581,benign_qaoa_v1_000581,qaoa,benign,benign,0,0,2,qaoa
benign_qaoa_v1_000582,benign_qaoa_v1_000582,qaoa,benign,benign,4,0,4,qaoa
benign_qaoa_v1_000583,benign_qaoa_v1_000583,qaoa,benign,benign,0,0,2,qaoa
benign_qaoa_v1_000584,benign_qaoa_v1_000584,qaoa,benign,benign,2,0,1,qaoa
benign_qaoa_v1_000585,benign_qaoa_v1_000585,qaoa,benign,benign,4,1,0,qaoa
benign_qaoa_v1_000586,benign_qaoa_v1_000586,qaoa,benign,benign,4,2,3,qaoa
benign_qaoa_v1_000587,benign_qaoa_v1_000587,qaoa,benign,benign,0,3,0,qaoa
benign_qaoa_v1_000588,benign_qaoa_v1_000588,qaoa,benign,benign,2,3,3,qaoa
benign_qaoa_v1_000589,benign_qaoa_v1_000589,qaoa,benign,benign,3,4,4,qaoa
benign_qaoa_v1_000590,benign_qaoa_v1_000590,qaoa,benign,benign,0,2,1,qaoa
benign_qaoa_v1_000591,benign_qaoa_v1_000591,qaoa,benign,benign,4,3,0,qaoa
benign_qaoa_v1_000592,benign_qaoa_v1_000592,qaoa,benign,benign,1,4,0,qaoa
benign_qaoa_v1_000593,benign_qaoa_v1_000593,qaoa,benign,benign,2,2,0,qaoa
benign_qaoa_v1_000594,benign_qaoa_v1_000594,qaoa,benign,benign,0,3,1,qaoa
benign_qaoa_v1_000595,benign_qaoa_v1_000595,qaoa,benign,benign,2,2,4,qaoa
benign_qaoa_v1_000596,benign_qaoa_v1_000596,qaoa,benign,benign,3,3,1,qaoa
benign_qaoa_v1_000597,benign_qaoa_v1_000597,qaoa,benign,benign,0,3,3,qaoa
benign_qaoa_v1_000598,benign_qaoa_v1_000598,qaoa,benign,benign,1,3,2,qaoa
benign_qaoa_v1_000599,benign_qaoa_v1_000599,qaoa,benign,benign,4,3,1,qaoa
benign_vqc_v1_000000,benign_vqc_v1_000000,vqc,benign,benign,4,0,2,vqc
benign_vqc_v1_000001,benign_vqc_v1_000001,vqc,benign,benign,0,1,2,vqc
benign_vqc_v1_000002,benign_vqc_v1_000002,vqc,benign,benign,0,1,0,vqc
benign_vqc_v1_000003,benign_vqc_v1_000003,vqc,benign,benign,1,0,2,vqc
benign_vqc_v1_000004,benign_vqc_v1_000004,vqc,benign,benign,3,1,3,vqc
benign_vqc_v1_000005,benign_vqc_v1_000005,vqc,benign,benign,0,1,3,vqc
benign_vqc_v1_000006,benign_vqc_v1_000006,vqc,benign,benign,1,4,4,vqc
benign_vqc_v1_000007,benign_vqc_v1_000007,vqc,benign,benign,0,0,3,vqc
benign_vqc_v1_000008,benign_vqc_v1_000008,vqc,benign,benign,2,4,1,vqc
benign_vqc_v1_000009,benign_vqc_v1_000009,vqc,benign,benign,3,2,1,vqc
benign_vqc_v1_000010,benign_vqc_v1_000010,vqc,benign,benign,0,0,3,vqc
benign_vqc_v1_000011,benign_vqc_v1_000011,vqc,benign,benign,4,1,1,vqc
benign_vqc_v1_000012,benign_vqc_v1_000012,vqc,benign,benign,0,2,1,vqc
benign_vqc_v1_000013,benign_vqc_v1_000013,vqc,benign,benign,3,0,0,vqc
benign_vqc_v1_000014,benign_vqc_v1_000014,vqc,benign,benign,4,4,3,vqc
benign_vqc_v1_000015,benign_vqc_v1_000015,vqc,benign,benign,0,2,0,vqc
benign_vqc_v1_000016,benign_vqc_v1_000016,vqc,benign,benign,2,4,3,vqc
benign_vqc_v1_000017,benign_vqc_v1_000017,vqc,benign,benign,3,2,3,vqc
benign_vqc_v1_000018,benign_vqc_v1_000018,vqc,benign,benign,2,3,0,vqc
benign_vqc_v1_000019,benign_vqc_v1_000019,vqc,benign,benign,1,0,2,vqc
benign_vqc_v1_000020,benign_vqc_v1_000020,vqc,benign,benign,0,3,4,vqc
benign_vqc_v1_000021,benign_vqc_v1_000021,vqc,benign,benign,1,2,3,vqc
benign_vqc_v1_000022,benign_vqc_v1_000022,vqc,benign,benign,1,4,3,vqc
benign_vqc_v1_000023,benign_vqc_v1_000023,vqc,benign,benign,1,4,3,vqc
benign_vqc_v1_000024,benign_vqc_v1_000024,vqc,benign,benign,3,4,3,vqc
benign_vqc_v1_000025,benign_vqc_v1_000025,vqc,benign,benign,2,1,4,vqc
benign_vqc_v1_000026,benign_vqc_v1_000026,vqc,benign,benign,3,4,2,vqc
benign_vqc_v1_000027,benign_vqc_v1_000027,vqc,benign,benign,0,4,4,vqc
benign_vqc_v1_000028,benign_vqc_v1_000028,vqc,benign,benign,0,2,3,vqc
benign_vqc_v1_000029,benign_vqc_v1_000029,vqc,benign,benign,4,0,3,vqc
benign_vqc_v1_000030,benign_vqc_v1_000030,vqc,benign,benign,0,2,1,vqc
benign_vqc_v1_000031,benign_vqc_v1_000031,vqc,benign,benign,4,0,2,vqc
benign_vqc_v1_000032,benign_vqc_v1_000032,vqc,benign,benign,3,2,0,vqc
benign_vqc_v1_000033,benign_vqc_v1_000033,vqc,benign,benign,1,2,2,vqc
benign_vqc_v1_000034,benign_vqc_v1_000034,vqc,benign,benign,1,0,4,vqc
benign_vqc_v1_000035,benign_vqc_v1_000035,vqc,benign,benign,2,3,2,vqc
benign_vqc_v1_000036,benign_vqc_v1_000036,vqc,benign,benign,1,3,0,vqc
benign_vqc_v1_000037,benign_vqc_v1_000037,vqc,benign,benign,1,0,1,vqc
benign_vqc_v1_000038,benign_vqc_v1_000038,vqc,benign,benign,4,4,2,vqc
benign_vqc_v1_000039,benign_vqc_v1_000039,vqc,benign,benign,1,1,2,vqc
benign_vqc_v1_000040,benign_vqc_v1_000040,vqc,benign,benign,4,0,2,vqc
benign_vqc_v1_000041,benign_vqc_v1_000041,vqc,benign,benign,2,2,4,vqc
benign_vqc_v1_000042,benign_vqc_v1_000042,vqc,benign,benign,0,0,4,vqc
benign_vqc_v1_000043,benign_vqc_v1_000043,vqc,benign,benign,2,2,0,vqc
benign_vqc_v1_000044,benign_vqc_v1_000044,vqc,benign,benign,3,2,4,vqc
benign_vqc_v1_000045,benign_vqc_v1_000045,vqc,benign,benign,3,0,3,vqc
benign_vqc_v1_000046,benign_vqc_v1_000046,vqc,benign,benign,4,0,2,vqc
benign_vqc_v1_000047,benign_vqc_v1_000047,vqc,benign,benign,2,0,2,vqc
benign_vqc_v1_000048,benign_vqc_v1_000048,vqc,benign,benign,3,2,2,vqc
benign_vqc_v1_000049,benign_vqc_v1_000049,vqc,benign,benign,0,0,4,vqc
benign_vqc_v1_000050,benign_vqc_v1_000050,vqc,benign,benign,1,1,4,vqc
benign_vqc_v1_000051,benign_vqc_v1_000051,vqc,benign,benign,1,4,1,vqc
benign_vqc_v1_000052,benign_vqc_v1_000052,vqc,benign,benign,0,4,3,vqc
benign_vqc_v1_000053,benign_vqc_v1_000053,vqc,benign,benign,4,2,4,vqc
benign_vqc_v1_000054,benign_vqc_v1_000054,vqc,benign,benign,4,2,3,vqc
benign_vqc_v1_000055,benign_vqc_v1_000055,vqc,benign,benign,1,2,1,vqc
benign_vqc_v1_000056,benign_vqc_v1_000056,vqc,benign,benign,3,3,4,vqc
benign_vqc_v1_000057,benign_vqc_v1_000057,vqc,benign,benign,4,3,0,vqc
benign_vqc_v1_000058,benign_vqc_v1_000058,vqc,benign,benign,3,3,2,vqc
benign_vqc_v1_000059,benign_vqc_v1_000059,vqc,benign,benign,2,0,3,vqc
benign_vqc_v1_000060,benign_vqc_v1_000060,vqc,benign,benign,3,1,2,vqc
benign_vqc_v1_000061,benign_vqc_v1_000061,vqc,benign,benign,2,0,3,vqc
benign_vqc_v1_000062,benign_vqc_v1_000062,vqc,benign,benign,0,1,4,vqc
benign_vqc_v1_000063,benign_vqc_v1_000063,vqc,benign,benign,4,1,1,vqc
benign_vqc_v1_000064,benign_vqc_v1_000064,vqc,benign,benign,0,3,1,vqc
benign_vqc_v1_000065,benign_vqc_v1_000065,vqc,benign,benign,2,3,2,vqc
benign_vqc_v1_000066,benign_vqc_v1_000066,vqc,benign,benign,3,3,4,vqc
benign_vqc_v1_000067,benign_vqc_v1_000067,vqc,benign,benign,3,3,0,vqc
benign_vqc_v1_000068,benign_vqc_v1_000068,vqc,benign,benign,3,4,0,vqc
benign_vqc_v1_000069,benign_vqc_v1_000069,vqc,benign,benign,2,3,0,vqc
benign_vqc_v1_000070,benign_vqc_v1_000070,vqc,benign,benign,4,4,2,vqc
benign_vqc_v1_000071,benign_vqc_v1_000071,vqc,benign,benign,4,2,4,vqc
benign_vqc_v1_000072,benign_vqc_v1_000072,vqc,benign,benign,1,1,4,vqc
benign_vqc_v1_000073,benign_vqc_v1_000073,vqc,benign,benign,1,4,1,vqc
benign_vqc_v1_000074,benign_vqc_v1_000074,vqc,benign,benign,1,3,1,vqc
benign_vqc_v1_000075,benign_vqc_v1_000075,vqc,benign,benign,4,1,2,vqc
benign_vqc_v1_000076,benign_vqc_v1_000076,vqc,benign,benign,0,0,0,vqc
benign_vqc_v1_000077,benign_vqc_v1_000077,vqc,benign,benign,2,4,1,vqc
benign_vqc_v1_000078,benign_vqc_v1_000078,vqc,benign,benign,2,2,3,vqc
benign_vqc_v1_000079,benign_vqc_v1_000079,vqc,benign,benign,1,4,0,vqc
benign_vqc_v1_000080,benign_vqc_v1_000080,vqc,benign,benign,2,3,1,vqc
benign_vqc_v1_000081,benign_vqc_v1_000081,vqc,benign,benign,4,3,2,vqc
benign_vqc_v1_000082,benign_vqc_v1_000082,vqc,benign,benign,3,4,2,vqc
benign_vqc_v1_000083,benign_vqc_v1_000083,vqc,benign,benign,0,1,1,vqc
benign_vqc_v1_000084,benign_vqc_v1_000084,vqc,benign,benign,0,2,4,vqc
benign_vqc_v1_000085,benign_vqc_v1_000085,vqc,benign,benign,4,0,2,vqc
benign_vqc_v1_000086,benign_vqc_v1_000086,vqc,benign,benign,1,0,4,vqc
benign_vqc_v1_000087,benign_vqc_v1_000087,vqc,benign,benign,3,2,3,vqc
benign_vqc_v1_000088,benign_vqc_v1_000088,vqc,benign,benign,4,2,0,vqc
benign_vqc_v1_000089,benign_vqc_v1_000089,vqc,benign,benign,0,2,0,vqc
benign_vqc_v1_000090,benign_vqc_v1_000090,vqc,benign,benign,2,3,1,vqc
benign_vqc_v1_000091,benign_vqc_v1_000091,vqc,benign,benign,4,1,2,vqc
benign_vqc_v1_000092,benign_vqc_v1_000092,vqc,benign,benign,2,4,3,vqc
benign_vqc_v1_000093,benign_vqc_v1_000093,vqc,benign,benign,4,3,3,vqc
benign_vqc_v1_000094,benign_vqc_v1_000094,vqc,benign,benign,2,1,0,vqc
benign_vqc_v1_000095,benign_vqc_v1_000095,vqc,benign,benign,0,2,4,vqc
benign_vqc_v1_000096,benign_vqc_v1_000096,vqc,benign,benign,0,4,2,vqc
benign_vqc_v1_000097,benign_vqc_v1_000097,vqc,benign,benign,4,3,2,vqc
benign_vqc_v1_000098,benign_vqc_v1_000098,vqc,benign,benign,0,4,2,vqc
benign_vqc_v1_000099,benign_vqc_v1_000099,vqc,benign,benign,3,1,1,vqc
benign_vqc_v1_000100,benign_vqc_v1_000100,vqc,benign,benign,4,2,0,vqc
benign_vqc_v1_000101,benign_vqc_v1_000101,vqc,benign,benign,4,0,4,vqc
benign_vqc_v1_000102,benign_vqc_v1_000102,vqc,benign,benign,2,3,3,vqc
benign_vqc_v1_000103,benign_vqc_v1_000103,vqc,benign,benign,4,2,2,vqc
benign_vqc_v1_000104,benign_vqc_v1_000104,vqc,benign,benign,1,0,4,vqc
benign_vqc_v1_000105,benign_vqc_v1_000105,vqc,benign,benign,1,4,0,vqc
benign_vqc_v1_000106,benign_vqc_v1_000106,vqc,benign,benign,1,0,0,vqc
benign_vqc_v1_000107,benign_vqc_v1_000107,vqc,benign,benign,0,2,0,vqc
benign_vqc_v1_000108,benign_vqc_v1_000108,vqc,benign,benign,3,2,4,vqc
benign_vqc_v1_000109,benign_vqc_v1_000109,vqc,benign,benign,0,3,2,vqc
benign_vqc_v1_000110,benign_vqc_v1_000110,vqc,benign,benign,2,0,1,vqc
benign_vqc_v1_000111,benign_vqc_v1_000111,vqc,benign,benign,0,0,1,vqc
benign_vqc_v1_000112,benign_vqc_v1_000112,vqc,benign,benign,0,0,4,vqc
benign_vqc_v1_000113,benign_vqc_v1_000113,vqc,benign,benign,4,0,2,vqc
benign_vqc_v1_000114,benign_vqc_v1_000114,vqc,benign,benign,3,4,3,vqc
benign_vqc_v1_000115,benign_vqc_v1_000115,vqc,benign,benign,2,0,0,vqc
benign_vqc_v1_000116,benign_vqc_v1_000116,vqc,benign,benign,2,0,0,vqc
benign_vqc_v1_000117,benign_vqc_v1_000117,vqc,benign,benign,4,0,0,vqc
benign_vqc_v1_000118,benign_vqc_v1_000118,vqc,benign,benign,4,2,3,vqc
benign_vqc_v1_000119,benign_vqc_v1_000119,vqc,benign,benign,3,4,2,vqc
benign_vqc_v1_000120,benign_vqc_v1_000120,vqc,benign,benign,2,4,1,vqc
benign_vqc_v1_000121,benign_vqc_v1_000121,vqc,benign,benign,3,2,0,vqc
benign_vqc_v1_000122,benign_vqc_v1_000122,vqc,benign,benign,4,2,3,vqc
benign_vqc_v1_000123,benign_vqc_v1_000123,vqc,benign,benign,3,1,2,vqc
benign_vqc_v1_000124,benign_vqc_v1_000124,vqc,benign,benign,1,1,0,vqc
benign_vqc_v1_000125,benign_vqc_v1_000125,vqc,benign,benign,1,2,3,vqc
benign_vqc_v1_000126,benign_vqc_v1_000126,vqc,benign,benign,1,4,3,vqc
benign_vqc_v1_000127,benign_vqc_v1_000127,vqc,benign,benign,3,1,2,vqc
benign_vqc_v1_000128,benign_vqc_v1_000128,vqc,benign,benign,0,3,1,vqc
benign_vqc_v1_000129,benign_vqc_v1_000129,vqc,benign,benign,1,3,3,vqc
benign_vqc_v1_000130,benign_vqc_v1_000130,vqc,benign,benign,3,2,1,vqc
benign_vqc_v1_000131,benign_vqc_v1_000131,vqc,benign,benign,4,4,0,vqc
benign_vqc_v1_000132,benign_vqc_v1_000132,vqc,benign,benign,1,1,0,vqc
benign_vqc_v1_000133,benign_vqc_v1_000133,vqc,benign,benign,4,0,1,vqc
benign_vqc_v1_000134,benign_vqc_v1_000134,vqc,benign,benign,3,4,1,vqc
benign_vqc_v1_000135,benign_vqc_v1_000135,vqc,benign,benign,4,4,4,vqc
benign_vqc_v1_000136,benign_vqc_v1_000136,vqc,benign,benign,0,4,4,vqc
benign_vqc_v1_000137,benign_vqc_v1_000137,vqc,benign,benign,0,0,2,vqc
benign_vqc_v1_000138,benign_vqc_v1_000138,vqc,benign,benign,0,4,0,vqc
benign_vqc_v1_000139,benign_vqc_v1_000139,vqc,benign,benign,3,1,4,vqc
benign_vqc_v1_000140,benign_vqc_v1_000140,vqc,benign,benign,2,1,0,vqc
benign_vqc_v1_000141,benign_vqc_v1_000141,vqc,benign,benign,0,2,3,vqc
benign_vqc_v1_000142,benign_vqc_v1_000142,vqc,benign,benign,2,4,3,vqc
benign_vqc_v1_000143,benign_vqc_v1_000143,vqc,benign,benign,1,1,3,vqc
benign_vqc_v1_000144,benign_vqc_v1_000144,vqc,benign,benign,4,2,4,vqc
benign_vqc_v1_000145,benign_vqc_v1_000145,vqc,benign,benign,2,1,4,vqc
benign_vqc_v1_000146,benign_vqc_v1_000146,vqc,benign,benign,2,2,0,vqc
benign_vqc_v1_000147,benign_vqc_v1_000147,vqc,benign,benign,3,1,4,vqc
benign_vqc_v1_000148,benign_vqc_v1_000148,vqc,benign,benign,3,3,3,vqc
benign_vqc_v1_000149,benign_vqc_v1_000149,vqc,benign,benign,3,2,3,vqc
benign_vqc_v1_000150,benign_vqc_v1_000150,vqc,benign,benign,2,4,0,vqc
benign_vqc_v1_000151,benign_vqc_v1_000151,vqc,benign,benign,2,0,2,vqc
benign_vqc_v1_000152,benign_vqc_v1_000152,vqc,benign,benign,2,1,0,vqc
benign_vqc_v1_000153,benign_vqc_v1_000153,vqc,benign,benign,1,4,2,vqc
benign_vqc_v1_000154,benign_vqc_v1_000154,vqc,benign,benign,3,0,1,vqc
benign_vqc_v1_000155,benign_vqc_v1_000155,vqc,benign,benign,2,1,2,vqc
benign_vqc_v1_000156,benign_vqc_v1_000156,vqc,benign,benign,1,0,3,vqc
benign_vqc_v1_000157,benign_vqc_v1_000157,vqc,benign,benign,3,3,1,vqc
benign_vqc_v1_000158,benign_vqc_v1_000158,vqc,benign,benign,0,3,1,vqc
benign_vqc_v1_000159,benign_vqc_v1_000159,vqc,benign,benign,2,4,1,vqc
benign_vqc_v1_000160,benign_vqc_v1_000160,vqc,benign,benign,2,2,2,vqc
benign_vqc_v1_000161,benign_vqc_v1_000161,vqc,benign,benign,0,3,3,vqc
benign_vqc_v1_000162,benign_vqc_v1_000162,vqc,benign,benign,3,3,3,vqc
benign_vqc_v1_000163,benign_vqc_v1_000163,vqc,benign,benign,0,0,3,vqc
benign_vqc_v1_000164,benign_vqc_v1_000164,vqc,benign,benign,4,1,4,vqc
benign_vqc_v1_000165,benign_vqc_v1_000165,vqc,benign,benign,0,3,1,vqc
benign_vqc_v1_000166,benign_vqc_v1_000166,vqc,benign,benign,3,4,3,vqc
benign_vqc_v1_000167,benign_vqc_v1_000167,vqc,benign,benign,1,1,2,vqc
benign_vqc_v1_000168,benign_vqc_v1_000168,vqc,benign,benign,1,4,4,vqc
benign_vqc_v1_000169,benign_vqc_v1_000169,vqc,benign,benign,3,2,3,vqc
benign_vqc_v1_000170,benign_vqc_v1_000170,vqc,benign,benign,3,4,1,vqc
benign_vqc_v1_000171,benign_vqc_v1_000171,vqc,benign,benign,4,1,2,vqc
benign_vqc_v1_000172,benign_vqc_v1_000172,vqc,benign,benign,1,2,1,vqc
benign_vqc_v1_000173,benign_vqc_v1_000173,vqc,benign,benign,3,0,1,vqc
benign_vqc_v1_000174,benign_vqc_v1_000174,vqc,benign,benign,4,2,0,vqc
benign_vqc_v1_000175,benign_vqc_v1_000175,vqc,benign,benign,0,1,1,vqc
benign_vqc_v1_000176,benign_vqc_v1_000176,vqc,benign,benign,2,4,2,vqc
benign_vqc_v1_000177,benign_vqc_v1_000177,vqc,benign,benign,3,2,1,vqc
benign_vqc_v1_000178,benign_vqc_v1_000178,vqc,benign,benign,2,0,4,vqc
benign_vqc_v1_000179,benign_vqc_v1_000179,vqc,benign,benign,4,4,3,vqc
benign_vqc_v1_000180,benign_vqc_v1_000180,vqc,benign,benign,4,0,2,vqc
benign_vqc_v1_000181,benign_vqc_v1_000181,vqc,benign,benign,2,2,0,vqc
benign_vqc_v1_000182,benign_vqc_v1_000182,vqc,benign,benign,3,2,3,vqc
benign_vqc_v1_000183,benign_vqc_v1_000183,vqc,benign,benign,0,0,0,vqc
benign_vqc_v1_000184,benign_vqc_v1_000184,vqc,benign,benign,2,3,2,vqc
benign_vqc_v1_000185,benign_vqc_v1_000185,vqc,benign,benign,3,2,4,vqc
benign_vqc_v1_000186,benign_vqc_v1_000186,vqc,benign,benign,0,0,1,vqc
benign_vqc_v1_000187,benign_vqc_v1_000187,vqc,benign,benign,2,3,2,vqc
benign_vqc_v1_000188,benign_vqc_v1_000188,vqc,benign,benign,4,2,3,vqc
benign_vqc_v1_000189,benign_vqc_v1_000189,vqc,benign,benign,1,4,4,vqc
benign_vqc_v1_000190,benign_vqc_v1_000190,vqc,benign,benign,4,3,0,vqc
benign_vqc_v1_000191,benign_vqc_v1_000191,vqc,benign,benign,4,0,3,vqc
benign_vqc_v1_000192,benign_vqc_v1_000192,vqc,benign,benign,2,3,4,vqc
benign_vqc_v1_000193,benign_vqc_v1_000193,vqc,benign,benign,1,4,4,vqc
benign_vqc_v1_000194,benign_vqc_v1_000194,vqc,benign,benign,1,0,4,vqc
benign_vqc_v1_000195,benign_vqc_v1_000195,vqc,benign,benign,2,3,1,vqc
benign_vqc_v1_000196,benign_vqc_v1_000196,vqc,benign,benign,3,3,1,vqc
benign_vqc_v1_000197,benign_vqc_v1_000197,vqc,benign,benign,1,4,2,vqc
benign_vqc_v1_000198,benign_vqc_v1_000198,vqc,benign,benign,4,0,4,vqc
benign_vqc_v1_000199,benign_vqc_v1_000199,vqc,benign,benign,3,1,1,vqc
benign_vqc_v1_000200,benign_vqc_v1_000200,vqc,benign,benign,3,3,1,vqc
benign_vqc_v1_000201,benign_vqc_v1_000201,vqc,benign,benign,4,3,3,vqc
benign_vqc_v1_000202,benign_vqc_v1_000202,vqc,benign,benign,3,2,1,vqc
benign_vqc_v1_000203,benign_vqc_v1_000203,vqc,benign,benign,2,4,1,vqc
benign_vqc_v1_000204,benign_vqc_v1_000204,vqc,benign,benign,1,3,2,vqc
benign_vqc_v1_000205,benign_vqc_v1_000205,vqc,benign,benign,4,2,1,vqc
benign_vqc_v1_000206,benign_vqc_v1_000206,vqc,benign,benign,3,1,4,vqc
benign_vqc_v1_000207,benign_vqc_v1_000207,vqc,benign,benign,3,4,3,vqc
benign_vqc_v1_000208,benign_vqc_v1_000208,vqc,benign,benign,0,2,3,vqc
benign_vqc_v1_000209,benign_vqc_v1_000209,vqc,benign,benign,0,4,3,vqc
benign_vqc_v1_000210,benign_vqc_v1_000210,vqc,benign,benign,3,2,3,vqc
benign_vqc_v1_000211,benign_vqc_v1_000211,vqc,benign,benign,0,1,4,vqc
benign_vqc_v1_000212,benign_vqc_v1_000212,vqc,benign,benign,3,1,1,vqc
benign_vqc_v1_000213,benign_vqc_v1_000213,vqc,benign,benign,0,3,0,vqc
benign_vqc_v1_000214,benign_vqc_v1_000214,vqc,benign,benign,3,2,0,vqc
benign_vqc_v1_000215,benign_vqc_v1_000215,vqc,benign,benign,1,2,3,vqc
benign_vqc_v1_000216,benign_vqc_v1_000216,vqc,benign,benign,0,0,4,vqc
benign_vqc_v1_000217,benign_vqc_v1_000217,vqc,benign,benign,0,4,4,vqc
benign_vqc_v1_000218,benign_vqc_v1_000218,vqc,benign,benign,1,4,0,vqc
benign_vqc_v1_000219,benign_vqc_v1_000219,vqc,benign,benign,1,3,0,vqc
benign_vqc_v1_000220,benign_vqc_v1_000220,vqc,benign,benign,3,2,0,vqc
benign_vqc_v1_000221,benign_vqc_v1_000221,vqc,benign,benign,1,2,3,vqc
benign_vqc_v1_000222,benign_vqc_v1_000222,vqc,benign,benign,1,2,3,vqc
benign_vqc_v1_000223,benign_vqc_v1_000223,vqc,benign,benign,0,1,1,vqc
benign_vqc_v1_000224,benign_vqc_v1_000224,vqc,benign,benign,0,2,2,vqc
benign_vqc_v1_000225,benign_vqc_v1_000225,vqc,benign,benign,2,3,0,vqc
benign_vqc_v1_000226,benign_vqc_v1_000226,vqc,benign,benign,2,1,4,vqc
benign_vqc_v1_000227,benign_vqc_v1_000227,vqc,benign,benign,1,3,3,vqc
benign_vqc_v1_000228,benign_vqc_v1_000228,vqc,benign,benign,2,4,1,vqc
benign_vqc_v1_000229,benign_vqc_v1_000229,vqc,benign,benign,4,1,3,vqc
benign_vqc_v1_000230,benign_vqc_v1_000230,vqc,benign,benign,2,3,1,vqc
benign_vqc_v1_000231,benign_vqc_v1_000231,vqc,benign,benign,3,1,4,vqc
benign_vqc_v1_000232,benign_vqc_v1_000232,vqc,benign,benign,2,2,2,vqc
benign_vqc_v1_000233,benign_vqc_v1_000233,vqc,benign,benign,0,1,0,vqc
benign_vqc_v1_000234,benign_vqc_v1_000234,vqc,benign,benign,1,3,1,vqc
benign_vqc_v1_000235,benign_vqc_v1_000235,vqc,benign,benign,1,4,0,vqc
benign_vqc_v1_000236,benign_vqc_v1_000236,vqc,benign,benign,1,0,2,vqc
benign_vqc_v1_000237,benign_vqc_v1_000237,vqc,benign,benign,1,2,0,vqc
benign_vqc_v1_000238,benign_vqc_v1_000238,vqc,benign,benign,4,2,2,vqc
benign_vqc_v1_000239,benign_vqc_v1_000239,vqc,benign,benign,4,0,2,vqc
benign_vqc_v1_000240,benign_vqc_v1_000240,vqc,benign,benign,0,4,0,vqc
benign_vqc_v1_000241,benign_vqc_v1_000241,vqc,benign,benign,3,3,2,vqc
benign_vqc_v1_000242,benign_vqc_v1_000242,vqc,benign,benign,4,3,3,vqc
benign_vqc_v1_000243,benign_vqc_v1_000243,vqc,benign,benign,2,3,3,vqc
benign_vqc_v1_000244,benign_vqc_v1_000244,vqc,benign,benign,2,1,4,vqc
benign_vqc_v1_000245,benign_vqc_v1_000245,vqc,benign,benign,1,2,1,vqc
benign_vqc_v1_000246,benign_vqc_v1_000246,vqc,benign,benign,0,3,2,vqc
benign_vqc_v1_000247,benign_vqc_v1_000247,vqc,benign,benign,0,2,0,vqc
benign_vqc_v1_000248,benign_vqc_v1_000248,vqc,benign,benign,2,3,4,vqc
benign_vqc_v1_000249,benign_vqc_v1_000249,vqc,benign,benign,4,3,4,vqc
benign_vqc_v1_000250,benign_vqc_v1_000250,vqc,benign,benign,0,4,3,vqc
benign_vqc_v1_000251,benign_vqc_v1_000251,vqc,benign,benign,3,0,0,vqc
benign_vqc_v1_000252,benign_vqc_v1_000252,vqc,benign,benign,2,3,1,vqc
benign_vqc_v1_000253,benign_vqc_v1_000253,vqc,benign,benign,2,1,2,vqc
benign_vqc_v1_000254,benign_vqc_v1_000254,vqc,benign,benign,4,2,1,vqc
benign_vqc_v1_000255,benign_vqc_v1_000255,vqc,benign,benign,0,1,0,vqc
benign_vqc_v1_000256,benign_vqc_v1_000256,vqc,benign,benign,1,2,1,vqc
benign_vqc_v1_000257,benign_vqc_v1_000257,vqc,benign,benign,2,4,2,vqc
benign_vqc_v1_000258,benign_vqc_v1_000258,vqc,benign,benign,2,3,3,vqc
benign_vqc_v1_000259,benign_vqc_v1_000259,vqc,benign,benign,4,0,3,vqc
benign_vqc_v1_000260,benign_vqc_v1_000260,vqc,benign,benign,3,3,3,vqc
benign_vqc_v1_000261,benign_vqc_v1_000261,vqc,benign,benign,0,3,4,vqc
benign_vqc_v1_000262,benign_vqc_v1_000262,vqc,benign,benign,2,1,2,vqc
benign_vqc_v1_000263,benign_vqc_v1_000263,vqc,benign,benign,4,4,0,vqc
benign_vqc_v1_000264,benign_vqc_v1_000264,vqc,benign,benign,0,4,0,vqc
benign_vqc_v1_000265,benign_vqc_v1_000265,vqc,benign,benign,3,0,4,vqc
benign_vqc_v1_000266,benign_vqc_v1_000266,vqc,benign,benign,1,3,3,vqc
benign_vqc_v1_000267,benign_vqc_v1_000267,vqc,benign,benign,4,0,2,vqc
benign_vqc_v1_000268,benign_vqc_v1_000268,vqc,benign,benign,1,0,0,vqc
benign_vqc_v1_000269,benign_vqc_v1_000269,vqc,benign,benign,4,1,3,vqc
benign_vqc_v1_000270,benign_vqc_v1_000270,vqc,benign,benign,1,4,4,vqc
benign_vqc_v1_000271,benign_vqc_v1_000271,vqc,benign,benign,2,0,4,vqc
benign_vqc_v1_000272,benign_vqc_v1_000272,vqc,benign,benign,0,3,4,vqc
benign_vqc_v1_000273,benign_vqc_v1_000273,vqc,benign,benign,0,1,3,vqc
benign_vqc_v1_000274,benign_vqc_v1_000274,vqc,benign,benign,1,3,4,vqc
benign_vqc_v1_000275,benign_vqc_v1_000275,vqc,benign,benign,1,4,2,vqc
benign_vqc_v1_000276,benign_vqc_v1_000276,vqc,benign,benign,2,0,1,vqc
benign_vqc_v1_000277,benign_vqc_v1_000277,vqc,benign,benign,2,1,1,vqc
benign_vqc_v1_000278,benign_vqc_v1_000278,vqc,benign,benign,3,0,2,vqc
benign_vqc_v1_000279,benign_vqc_v1_000279,vqc,benign,benign,1,1,4,vqc
benign_vqc_v1_000280,benign_vqc_v1_000280,vqc,benign,benign,2,3,0,vqc
benign_vqc_v1_000281,benign_vqc_v1_000281,vqc,benign,benign,1,1,3,vqc
benign_vqc_v1_000282,benign_vqc_v1_000282,vqc,benign,benign,3,0,0,vqc
benign_vqc_v1_000283,benign_vqc_v1_000283,vqc,benign,benign,1,4,2,vqc
benign_vqc_v1_000284,benign_vqc_v1_000284,vqc,benign,benign,2,4,4,vqc
benign_vqc_v1_000285,benign_vqc_v1_000285,vqc,benign,benign,3,3,2,vqc
benign_vqc_v1_000286,benign_vqc_v1_000286,vqc,benign,benign,4,1,0,vqc
benign_vqc_v1_000287,benign_vqc_v1_000287,vqc,benign,benign,1,4,1,vqc
benign_vqc_v1_000288,benign_vqc_v1_000288,vqc,benign,benign,0,4,3,vqc
benign_vqc_v1_000289,benign_vqc_v1_000289,vqc,benign,benign,1,1,3,vqc
benign_vqc_v1_000290,benign_vqc_v1_000290,vqc,benign,benign,4,1,0,vqc
benign_vqc_v1_000291,benign_vqc_v1_000291,vqc,benign,benign,3,4,4,vqc
benign_vqc_v1_000292,benign_vqc_v1_000292,vqc,benign,benign,4,3,1,vqc
benign_vqc_v1_000293,benign_vqc_v1_000293,vqc,benign,benign,0,3,2,vqc
benign_vqc_v1_000294,benign_vqc_v1_000294,vqc,benign,benign,1,4,2,vqc
benign_vqc_v1_000295,benign_vqc_v1_000295,vqc,benign,benign,4,3,1,vqc
benign_vqc_v1_000296,benign_vqc_v1_000296,vqc,benign,benign,4,3,2,vqc
benign_vqc_v1_000297,benign_vqc_v1_000297,vqc,benign,benign,4,2,0,vqc
benign_vqc_v1_000298,benign_vqc_v1_000298,vqc,benign,benign,4,2,0,vqc
benign_vqc_v1_000299,benign_vqc_v1_000299,vqc,benign,benign,0,0,0,vqc
benign_vqc_v1_000300,benign_vqc_v1_000300,vqc,benign,benign,2,0,2,vqc
benign_vqc_v1_000301,benign_vqc_v1_000301,vqc,benign,benign,0,2,2,vqc
benign_vqc_v1_000302,benign_vqc_v1_000302,vqc,benign,benign,2,4,4,vqc
benign_vqc_v1_000303,benign_vqc_v1_000303,vqc,benign,benign,1,3,4,vqc
benign_vqc_v1_000304,benign_vqc_v1_000304,vqc,benign,benign,1,2,4,vqc
benign_vqc_v1_000305,benign_vqc_v1_000305,vqc,benign,benign,1,4,0,vqc
benign_vqc_v1_000306,benign_vqc_v1_000306,vqc,benign,benign,2,2,4,vqc
benign_vqc_v1_000307,benign_vqc_v1_000307,vqc,benign,benign,4,0,1,vqc
benign_vqc_v1_000308,benign_vqc_v1_000308,vqc,benign,benign,1,3,2,vqc
benign_vqc_v1_000309,benign_vqc_v1_000309,vqc,benign,benign,4,2,3,vqc
benign_vqc_v1_000310,benign_vqc_v1_000310,vqc,benign,benign,1,3,0,vqc
benign_vqc_v1_000311,benign_vqc_v1_000311,vqc,benign,benign,0,3,4,vqc
benign_vqc_v1_000312,benign_vqc_v1_000312,vqc,benign,benign,1,0,3,vqc
benign_vqc_v1_000313,benign_vqc_v1_000313,vqc,benign,benign,4,3,2,vqc
benign_vqc_v1_000314,benign_vqc_v1_000314,vqc,benign,benign,2,4,0,vqc
benign_vqc_v1_000315,benign_vqc_v1_000315,vqc,benign,benign,3,1,2,vqc
benign_vqc_v1_000316,benign_vqc_v1_000316,vqc,benign,benign,2,1,0,vqc
benign_vqc_v1_000317,benign_vqc_v1_000317,vqc,benign,benign,1,2,2,vqc
benign_vqc_v1_000318,benign_vqc_v1_000318,vqc,benign,benign,4,1,0,vqc
benign_vqc_v1_000319,benign_vqc_v1_000319,vqc,benign,benign,2,0,1,vqc
benign_vqc_v1_000320,benign_vqc_v1_000320,vqc,benign,benign,0,0,1,vqc
benign_vqc_v1_000321,benign_vqc_v1_000321,vqc,benign,benign,3,1,3,vqc
benign_vqc_v1_000322,benign_vqc_v1_000322,vqc,benign,benign,1,3,3,vqc
benign_vqc_v1_000323,benign_vqc_v1_000323,vqc,benign,benign,1,4,0,vqc
benign_vqc_v1_000324,benign_vqc_v1_000324,vqc,benign,benign,0,1,2,vqc
benign_vqc_v1_000325,benign_vqc_v1_000325,vqc,benign,benign,0,3,0,vqc
benign_vqc_v1_000326,benign_vqc_v1_000326,vqc,benign,benign,2,0,2,vqc
benign_vqc_v1_000327,benign_vqc_v1_000327,vqc,benign,benign,0,1,2,vqc
benign_vqc_v1_000328,benign_vqc_v1_000328,vqc,benign,benign,3,1,1,vqc
benign_vqc_v1_000329,benign_vqc_v1_000329,vqc,benign,benign,3,0,4,vqc
benign_vqc_v1_000330,benign_vqc_v1_000330,vqc,benign,benign,2,4,4,vqc
benign_vqc_v1_000331,benign_vqc_v1_000331,vqc,benign,benign,0,2,0,vqc
benign_vqc_v1_000332,benign_vqc_v1_000332,vqc,benign,benign,1,0,4,vqc
benign_vqc_v1_000333,benign_vqc_v1_000333,vqc,benign,benign,1,2,1,vqc
benign_vqc_v1_000334,benign_vqc_v1_000334,vqc,benign,benign,3,2,4,vqc
benign_vqc_v1_000335,benign_vqc_v1_000335,vqc,benign,benign,3,1,2,vqc
benign_vqc_v1_000336,benign_vqc_v1_000336,vqc,benign,benign,2,1,1,vqc
benign_vqc_v1_000337,benign_vqc_v1_000337,vqc,benign,benign,0,1,4,vqc
benign_vqc_v1_000338,benign_vqc_v1_000338,vqc,benign,benign,1,0,1,vqc
benign_vqc_v1_000339,benign_vqc_v1_000339,vqc,benign,benign,0,4,3,vqc
benign_vqc_v1_000340,benign_vqc_v1_000340,vqc,benign,benign,2,1,3,vqc
benign_vqc_v1_000341,benign_vqc_v1_000341,vqc,benign,benign,1,0,1,vqc
benign_vqc_v1_000342,benign_vqc_v1_000342,vqc,benign,benign,2,1,4,vqc
benign_vqc_v1_000343,benign_vqc_v1_000343,vqc,benign,benign,2,1,2,vqc
benign_vqc_v1_000344,benign_vqc_v1_000344,vqc,benign,benign,2,2,2,vqc
benign_vqc_v1_000345,benign_vqc_v1_000345,vqc,benign,benign,4,4,4,vqc
benign_vqc_v1_000346,benign_vqc_v1_000346,vqc,benign,benign,3,3,1,vqc
benign_vqc_v1_000347,benign_vqc_v1_000347,vqc,benign,benign,2,3,2,vqc
benign_vqc_v1_000348,benign_vqc_v1_000348,vqc,benign,benign,2,0,0,vqc
benign_vqc_v1_000349,benign_vqc_v1_000349,vqc,benign,benign,3,0,0,vqc
benign_vqc_v1_000350,benign_vqc_v1_000350,vqc,benign,benign,4,3,0,vqc
benign_vqc_v1_000351,benign_vqc_v1_000351,vqc,benign,benign,0,4,1,vqc
benign_vqc_v1_000352,benign_vqc_v1_000352,vqc,benign,benign,0,2,3,vqc
benign_vqc_v1_000353,benign_vqc_v1_000353,vqc,benign,benign,4,0,2,vqc
benign_vqc_v1_000354,benign_vqc_v1_000354,vqc,benign,benign,4,0,0,vqc
benign_vqc_v1_000355,benign_vqc_v1_000355,vqc,benign,benign,4,0,2,vqc
benign_vqc_v1_000356,benign_vqc_v1_000356,vqc,benign,benign,1,2,4,vqc
benign_vqc_v1_000357,benign_vqc_v1_000357,vqc,benign,benign,3,3,4,vqc
benign_vqc_v1_000358,benign_vqc_v1_000358,vqc,benign,benign,0,4,4,vqc
benign_vqc_v1_000359,benign_vqc_v1_000359,vqc,benign,benign,1,0,2,vqc
benign_vqc_v1_000360,benign_vqc_v1_000360,vqc,benign,benign,4,3,1,vqc
benign_vqc_v1_000361,benign_vqc_v1_000361,vqc,benign,benign,3,0,3,vqc
benign_vqc_v1_000362,benign_vqc_v1_000362,vqc,benign,benign,1,4,4,vqc
benign_vqc_v1_000363,benign_vqc_v1_000363,vqc,benign,benign,1,2,4,vqc
benign_vqc_v1_000364,benign_vqc_v1_000364,vqc,benign,benign,1,2,1,vqc
benign_vqc_v1_000365,benign_vqc_v1_000365,vqc,benign,benign,2,3,4,vqc
benign_vqc_v1_000366,benign_vqc_v1_000366,vqc,benign,benign,1,2,0,vqc
benign_vqc_v1_000367,benign_vqc_v1_000367,vqc,benign,benign,3,3,0,vqc
benign_vqc_v1_000368,benign_vqc_v1_000368,vqc,benign,benign,4,0,0,vqc
benign_vqc_v1_000369,benign_vqc_v1_000369,vqc,benign,benign,0,2,4,vqc
benign_vqc_v1_000370,benign_vqc_v1_000370,vqc,benign,benign,1,0,0,vqc
benign_vqc_v1_000371,benign_vqc_v1_000371,vqc,benign,benign,4,0,1,vqc
benign_vqc_v1_000372,benign_vqc_v1_000372,vqc,benign,benign,4,1,2,vqc
benign_vqc_v1_000373,benign_vqc_v1_000373,vqc,benign,benign,0,4,0,vqc
benign_vqc_v1_000374,benign_vqc_v1_000374,vqc,benign,benign,0,4,2,vqc
benign_vqc_v1_000375,benign_vqc_v1_000375,vqc,benign,benign,1,3,2,vqc
benign_vqc_v1_000376,benign_vqc_v1_000376,vqc,benign,benign,2,3,0,vqc
benign_vqc_v1_000377,benign_vqc_v1_000377,vqc,benign,benign,2,1,1,vqc
benign_vqc_v1_000378,benign_vqc_v1_000378,vqc,benign,benign,3,1,3,vqc
benign_vqc_v1_000379,benign_vqc_v1_000379,vqc,benign,benign,0,2,2,vqc
benign_vqc_v1_000380,benign_vqc_v1_000380,vqc,benign,benign,1,4,1,vqc
benign_vqc_v1_000381,benign_vqc_v1_000381,vqc,benign,benign,2,3,0,vqc
benign_vqc_v1_000382,benign_vqc_v1_000382,vqc,benign,benign,2,0,2,vqc
benign_vqc_v1_000383,benign_vqc_v1_000383,vqc,benign,benign,4,3,4,vqc
benign_vqc_v1_000384,benign_vqc_v1_000384,vqc,benign,benign,2,3,3,vqc
benign_vqc_v1_000385,benign_vqc_v1_000385,vqc,benign,benign,1,0,0,vqc
benign_vqc_v1_000386,benign_vqc_v1_000386,vqc,benign,benign,3,3,4,vqc
benign_vqc_v1_000387,benign_vqc_v1_000387,vqc,benign,benign,0,1,2,vqc
benign_vqc_v1_000388,benign_vqc_v1_000388,vqc,benign,benign,4,2,3,vqc
benign_vqc_v1_000389,benign_vqc_v1_000389,vqc,benign,benign,2,3,2,vqc
benign_vqc_v1_000390,benign_vqc_v1_000390,vqc,benign,benign,2,2,3,vqc
benign_vqc_v1_000391,benign_vqc_v1_000391,vqc,benign,benign,2,0,2,vqc
benign_vqc_v1_000392,benign_vqc_v1_000392,vqc,benign,benign,2,2,4,vqc
benign_vqc_v1_000393,benign_vqc_v1_000393,vqc,benign,benign,1,3,3,vqc
benign_vqc_v1_000394,benign_vqc_v1_000394,vqc,benign,benign,1,3,3,vqc
benign_vqc_v1_000395,benign_vqc_v1_000395,vqc,benign,benign,3,2,0,vqc
benign_vqc_v1_000396,benign_vqc_v1_000396,vqc,benign,benign,3,4,4,vqc
benign_vqc_v1_000397,benign_vqc_v1_000397,vqc,benign,benign,4,0,4,vqc
benign_vqc_v1_000398,benign_vqc_v1_000398,vqc,benign,benign,3,3,2,vqc
benign_vqc_v1_000399,benign_vqc_v1_000399,vqc,benign,benign,4,0,2,vqc
benign_vqc_v1_000400,benign_vqc_v1_000400,vqc,benign,benign,3,0,0,vqc
benign_vqc_v1_000401,benign_vqc_v1_000401,vqc,benign,benign,3,2,0,vqc
benign_vqc_v1_000402,benign_vqc_v1_000402,vqc,benign,benign,3,1,1,vqc
benign_vqc_v1_000403,benign_vqc_v1_000403,vqc,benign,benign,1,4,1,vqc
benign_vqc_v1_000404,benign_vqc_v1_000404,vqc,benign,benign,3,2,2,vqc
benign_vqc_v1_000405,benign_vqc_v1_000405,vqc,benign,benign,4,3,2,vqc
benign_vqc_v1_000406,benign_vqc_v1_000406,vqc,benign,benign,4,4,2,vqc
benign_vqc_v1_000407,benign_vqc_v1_000407,vqc,benign,benign,3,1,1,vqc
benign_vqc_v1_000408,benign_vqc_v1_000408,vqc,benign,benign,0,1,2,vqc
benign_vqc_v1_000409,benign_vqc_v1_000409,vqc,benign,benign,4,4,3,vqc
benign_vqc_v1_000410,benign_vqc_v1_000410,vqc,benign,benign,1,4,4,vqc
benign_vqc_v1_000411,benign_vqc_v1_000411,vqc,benign,benign,4,3,0,vqc
benign_vqc_v1_000412,benign_vqc_v1_000412,vqc,benign,benign,1,4,2,vqc
benign_vqc_v1_000413,benign_vqc_v1_000413,vqc,benign,benign,0,1,3,vqc
benign_vqc_v1_000414,benign_vqc_v1_000414,vqc,benign,benign,2,4,3,vqc
benign_vqc_v1_000415,benign_vqc_v1_000415,vqc,benign,benign,1,4,3,vqc
benign_vqc_v1_000416,benign_vqc_v1_000416,vqc,benign,benign,3,0,2,vqc
benign_vqc_v1_000417,benign_vqc_v1_000417,vqc,benign,benign,1,0,4,vqc
benign_vqc_v1_000418,benign_vqc_v1_000418,vqc,benign,benign,2,2,3,vqc
benign_vqc_v1_000419,benign_vqc_v1_000419,vqc,benign,benign,2,4,4,vqc
benign_vqc_v1_000420,benign_vqc_v1_000420,vqc,benign,benign,2,1,3,vqc
benign_vqc_v1_000421,benign_vqc_v1_000421,vqc,benign,benign,0,4,1,vqc
benign_vqc_v1_000422,benign_vqc_v1_000422,vqc,benign,benign,0,1,3,vqc
benign_vqc_v1_000423,benign_vqc_v1_000423,vqc,benign,benign,3,0,3,vqc
benign_vqc_v1_000424,benign_vqc_v1_000424,vqc,benign,benign,0,4,3,vqc
benign_vqc_v1_000425,benign_vqc_v1_000425,vqc,benign,benign,0,2,0,vqc
benign_vqc_v1_000426,benign_vqc_v1_000426,vqc,benign,benign,1,1,1,vqc
benign_vqc_v1_000427,benign_vqc_v1_000427,vqc,benign,benign,0,4,2,vqc
benign_vqc_v1_000428,benign_vqc_v1_000428,vqc,benign,benign,3,2,0,vqc
benign_vqc_v1_000429,benign_vqc_v1_000429,vqc,benign,benign,1,4,1,vqc
benign_vqc_v1_000430,benign_vqc_v1_000430,vqc,benign,benign,0,1,1,vqc
benign_vqc_v1_000431,benign_vqc_v1_000431,vqc,benign,benign,4,3,2,vqc
benign_vqc_v1_000432,benign_vqc_v1_000432,vqc,benign,benign,4,3,3,vqc
benign_vqc_v1_000433,benign_vqc_v1_000433,vqc,benign,benign,2,4,3,vqc
benign_vqc_v1_000434,benign_vqc_v1_000434,vqc,benign,benign,0,3,3,vqc
benign_vqc_v1_000435,benign_vqc_v1_000435,vqc,benign,benign,1,2,3,vqc
benign_vqc_v1_000436,benign_vqc_v1_000436,vqc,benign,benign,0,0,1,vqc
benign_vqc_v1_000437,benign_vqc_v1_000437,vqc,benign,benign,2,3,1,vqc
benign_vqc_v1_000438,benign_vqc_v1_000438,vqc,benign,benign,1,0,3,vqc
benign_vqc_v1_000439,benign_vqc_v1_000439,vqc,benign,benign,3,3,1,vqc
benign_vqc_v1_000440,benign_vqc_v1_000440,vqc,benign,benign,4,1,4,vqc
benign_vqc_v1_000441,benign_vqc_v1_000441,vqc,benign,benign,1,4,3,vqc
benign_vqc_v1_000442,benign_vqc_v1_000442,vqc,benign,benign,1,1,4,vqc
benign_vqc_v1_000443,benign_vqc_v1_000443,vqc,benign,benign,3,2,1,vqc
benign_vqc_v1_000444,benign_vqc_v1_000444,vqc,benign,benign,0,4,2,vqc
benign_vqc_v1_000445,benign_vqc_v1_000445,vqc,benign,benign,2,0,3,vqc
benign_vqc_v1_000446,benign_vqc_v1_000446,vqc,benign,benign,1,0,0,vqc
benign_vqc_v1_000447,benign_vqc_v1_000447,vqc,benign,benign,3,1,0,vqc
benign_vqc_v1_000448,benign_vqc_v1_000448,vqc,benign,benign,0,3,1,vqc
benign_vqc_v1_000449,benign_vqc_v1_000449,vqc,benign,benign,0,0,0,vqc
benign_vqc_v1_000450,benign_vqc_v1_000450,vqc,benign,benign,3,3,1,vqc
benign_vqc_v1_000451,benign_vqc_v1_000451,vqc,benign,benign,3,1,2,vqc
benign_vqc_v1_000452,benign_vqc_v1_000452,vqc,benign,benign,2,1,4,vqc
benign_vqc_v1_000453,benign_vqc_v1_000453,vqc,benign,benign,1,4,4,vqc
benign_vqc_v1_000454,benign_vqc_v1_000454,vqc,benign,benign,0,3,0,vqc
benign_vqc_v1_000455,benign_vqc_v1_000455,vqc,benign,benign,0,3,4,vqc
benign_vqc_v1_000456,benign_vqc_v1_000456,vqc,benign,benign,0,3,4,vqc
benign_vqc_v1_000457,benign_vqc_v1_000457,vqc,benign,benign,3,2,1,vqc
benign_vqc_v1_000458,benign_vqc_v1_000458,vqc,benign,benign,2,3,4,vqc
benign_vqc_v1_000459,benign_vqc_v1_000459,vqc,benign,benign,0,4,0,vqc
benign_vqc_v1_000460,benign_vqc_v1_000460,vqc,benign,benign,3,4,4,vqc
benign_vqc_v1_000461,benign_vqc_v1_000461,vqc,benign,benign,4,4,3,vqc
benign_vqc_v1_000462,benign_vqc_v1_000462,vqc,benign,benign,0,2,0,vqc
benign_vqc_v1_000463,benign_vqc_v1_000463,vqc,benign,benign,2,4,1,vqc
benign_vqc_v1_000464,benign_vqc_v1_000464,vqc,benign,benign,3,3,1,vqc
benign_vqc_v1_000465,benign_vqc_v1_000465,vqc,benign,benign,3,1,0,vqc
benign_vqc_v1_000466,benign_vqc_v1_000466,vqc,benign,benign,3,4,1,vqc
benign_vqc_v1_000467,benign_vqc_v1_000467,vqc,benign,benign,4,2,0,vqc
benign_vqc_v1_000468,benign_vqc_v1_000468,vqc,benign,benign,1,0,2,vqc
benign_vqc_v1_000469,benign_vqc_v1_000469,vqc,benign,benign,2,3,0,vqc
benign_vqc_v1_000470,benign_vqc_v1_000470,vqc,benign,benign,3,3,3,vqc
benign_vqc_v1_000471,benign_vqc_v1_000471,vqc,benign,benign,0,0,3,vqc
benign_vqc_v1_000472,benign_vqc_v1_000472,vqc,benign,benign,2,4,4,vqc
benign_vqc_v1_000473,benign_vqc_v1_000473,vqc,benign,benign,1,4,0,vqc
benign_vqc_v1_000474,benign_vqc_v1_000474,vqc,benign,benign,2,1,2,vqc
benign_vqc_v1_000475,benign_vqc_v1_000475,vqc,benign,benign,1,4,1,vqc
benign_vqc_v1_000476,benign_vqc_v1_000476,vqc,benign,benign,0,1,4,vqc
benign_vqc_v1_000477,benign_vqc_v1_000477,vqc,benign,benign,1,0,1,vqc
benign_vqc_v1_000478,benign_vqc_v1_000478,vqc,benign,benign,2,2,1,vqc
benign_vqc_v1_000479,benign_vqc_v1_000479,vqc,benign,benign,0,2,4,vqc
benign_vqc_v1_000480,benign_vqc_v1_000480,vqc,benign,benign,2,3,0,vqc
benign_vqc_v1_000481,benign_vqc_v1_000481,vqc,benign,benign,4,4,4,vqc
benign_vqc_v1_000482,benign_vqc_v1_000482,vqc,benign,benign,4,2,4,vqc
benign_vqc_v1_000483,benign_vqc_v1_000483,vqc,benign,benign,3,2,3,vqc
benign_vqc_v1_000484,benign_vqc_v1_000484,vqc,benign,benign,1,2,4,vqc
benign_vqc_v1_000485,benign_vqc_v1_000485,vqc,benign,benign,2,0,0,vqc
benign_vqc_v1_000486,benign_vqc_v1_000486,vqc,benign,benign,0,3,4,vqc
benign_vqc_v1_000487,benign_vqc_v1_000487,vqc,benign,benign,4,0,1,vqc
benign_vqc_v1_000488,benign_vqc_v1_000488,vqc,benign,benign,4,0,4,vqc
benign_vqc_v1_000489,benign_vqc_v1_000489,vqc,benign,benign,2,2,4,vqc
benign_vqc_v1_000490,benign_vqc_v1_000490,vqc,benign,benign,4,1,1,vqc
benign_vqc_v1_000491,benign_vqc_v1_000491,vqc,benign,benign,3,4,2,vqc
benign_vqc_v1_000492,benign_vqc_v1_000492,vqc,benign,benign,1,2,4,vqc
benign_vqc_v1_000493,benign_vqc_v1_000493,vqc,benign,benign,4,4,0,vqc
benign_vqc_v1_000494,benign_vqc_v1_000494,vqc,benign,benign,1,1,3,vqc
benign_vqc_v1_000495,benign_vqc_v1_000495,vqc,benign,benign,0,0,1,vqc
benign_vqc_v1_000496,benign_vqc_v1_000496,vqc,benign,benign,0,1,4,vqc
benign_vqc_v1_000497,benign_vqc_v1_000497,vqc,benign,benign,1,1,1,vqc
benign_vqc_v1_000498,benign_vqc_v1_000498,vqc,benign,benign,4,1,3,vqc
benign_vqc_v1_000499,benign_vqc_v1_000499,vqc,benign,benign,0,2,4,vqc
benign_vqc_v1_000500,benign_vqc_v1_000500,vqc,benign,benign,0,3,1,vqc
benign_vqc_v1_000501,benign_vqc_v1_000501,vqc,benign,benign,0,1,2,vqc
benign_vqc_v1_000502,benign_vqc_v1_000502,vqc,benign,benign,2,1,3,vqc
benign_vqc_v1_000503,benign_vqc_v1_000503,vqc,benign,benign,4,2,0,vqc
benign_vqc_v1_000504,benign_vqc_v1_000504,vqc,benign,benign,2,2,4,vqc
benign_vqc_v1_000505,benign_vqc_v1_000505,vqc,benign,benign,4,2,0,vqc
benign_vqc_v1_000506,benign_vqc_v1_000506,vqc,benign,benign,0,2,3,vqc
benign_vqc_v1_000507,benign_vqc_v1_000507,vqc,benign,benign,4,0,2,vqc
benign_vqc_v1_000508,benign_vqc_v1_000508,vqc,benign,benign,1,4,0,vqc
benign_vqc_v1_000509,benign_vqc_v1_000509,vqc,benign,benign,3,1,2,vqc
benign_vqc_v1_000510,benign_vqc_v1_000510,vqc,benign,benign,3,4,1,vqc
benign_vqc_v1_000511,benign_vqc_v1_000511,vqc,benign,benign,0,0,1,vqc
benign_vqc_v1_000512,benign_vqc_v1_000512,vqc,benign,benign,4,3,4,vqc
benign_vqc_v1_000513,benign_vqc_v1_000513,vqc,benign,benign,2,2,2,vqc
benign_vqc_v1_000514,benign_vqc_v1_000514,vqc,benign,benign,2,3,0,vqc
benign_vqc_v1_000515,benign_vqc_v1_000515,vqc,benign,benign,1,2,4,vqc
benign_vqc_v1_000516,benign_vqc_v1_000516,vqc,benign,benign,2,1,2,vqc
benign_vqc_v1_000517,benign_vqc_v1_000517,vqc,benign,benign,4,0,0,vqc
benign_vqc_v1_000518,benign_vqc_v1_000518,vqc,benign,benign,1,0,3,vqc
benign_vqc_v1_000519,benign_vqc_v1_000519,vqc,benign,benign,4,1,0,vqc
benign_vqc_v1_000520,benign_vqc_v1_000520,vqc,benign,benign,3,2,3,vqc
benign_vqc_v1_000521,benign_vqc_v1_000521,vqc,benign,benign,3,1,4,vqc
benign_vqc_v1_000522,benign_vqc_v1_000522,vqc,benign,benign,4,0,4,vqc
benign_vqc_v1_000523,benign_vqc_v1_000523,vqc,benign,benign,4,1,0,vqc
benign_vqc_v1_000524,benign_vqc_v1_000524,vqc,benign,benign,0,4,1,vqc
benign_vqc_v1_000525,benign_vqc_v1_000525,vqc,benign,benign,2,4,0,vqc
benign_vqc_v1_000526,benign_vqc_v1_000526,vqc,benign,benign,4,1,3,vqc
benign_vqc_v1_000527,benign_vqc_v1_000527,vqc,benign,benign,2,1,4,vqc
benign_vqc_v1_000528,benign_vqc_v1_000528,vqc,benign,benign,4,1,0,vqc
benign_vqc_v1_000529,benign_vqc_v1_000529,vqc,benign,benign,3,3,1,vqc
benign_vqc_v1_000530,benign_vqc_v1_000530,vqc,benign,benign,0,4,0,vqc
benign_vqc_v1_000531,benign_vqc_v1_000531,vqc,benign,benign,2,2,0,vqc
benign_vqc_v1_000532,benign_vqc_v1_000532,vqc,benign,benign,0,4,4,vqc
benign_vqc_v1_000533,benign_vqc_v1_000533,vqc,benign,benign,3,1,1,vqc
benign_vqc_v1_000534,benign_vqc_v1_000534,vqc,benign,benign,2,3,4,vqc
benign_vqc_v1_000535,benign_vqc_v1_000535,vqc,benign,benign,2,2,3,vqc
benign_vqc_v1_000536,benign_vqc_v1_000536,vqc,benign,benign,3,4,1,vqc
benign_vqc_v1_000537,benign_vqc_v1_000537,vqc,benign,benign,4,1,0,vqc
benign_vqc_v1_000538,benign_vqc_v1_000538,vqc,benign,benign,3,3,1,vqc
benign_vqc_v1_000539,benign_vqc_v1_000539,vqc,benign,benign,3,0,4,vqc
benign_vqc_v1_000540,benign_vqc_v1_000540,vqc,benign,benign,4,1,2,vqc
benign_vqc_v1_000541,benign_vqc_v1_000541,vqc,benign,benign,4,1,2,vqc
benign_vqc_v1_000542,benign_vqc_v1_000542,vqc,benign,benign,3,3,3,vqc
benign_vqc_v1_000543,benign_vqc_v1_000543,vqc,benign,benign,3,0,3,vqc
benign_vqc_v1_000544,benign_vqc_v1_000544,vqc,benign,benign,1,4,2,vqc
benign_vqc_v1_000545,benign_vqc_v1_000545,vqc,benign,benign,2,4,2,vqc
benign_vqc_v1_000546,benign_vqc_v1_000546,vqc,benign,benign,3,1,3,vqc
benign_vqc_v1_000547,benign_vqc_v1_000547,vqc,benign,benign,4,0,1,vqc
benign_vqc_v1_000548,benign_vqc_v1_000548,vqc,benign,benign,1,2,0,vqc
benign_vqc_v1_000549,benign_vqc_v1_000549,vqc,benign,benign,4,1,4,vqc
benign_vqc_v1_000550,benign_vqc_v1_000550,vqc,benign,benign,0,0,4,vqc
benign_vqc_v1_000551,benign_vqc_v1_000551,vqc,benign,benign,1,2,1,vqc
benign_vqc_v1_000552,benign_vqc_v1_000552,vqc,benign,benign,1,3,1,vqc
benign_vqc_v1_000553,benign_vqc_v1_000553,vqc,benign,benign,1,4,3,vqc
benign_vqc_v1_000554,benign_vqc_v1_000554,vqc,benign,benign,1,1,1,vqc
benign_vqc_v1_000555,benign_vqc_v1_000555,vqc,benign,benign,3,3,3,vqc
benign_vqc_v1_000556,benign_vqc_v1_000556,vqc,benign,benign,4,0,4,vqc
benign_vqc_v1_000557,benign_vqc_v1_000557,vqc,benign,benign,4,4,3,vqc
benign_vqc_v1_000558,benign_vqc_v1_000558,vqc,benign,benign,3,1,0,vqc
benign_vqc_v1_000559,benign_vqc_v1_000559,vqc,benign,benign,4,0,1,vqc
benign_vqc_v1_000560,benign_vqc_v1_000560,vqc,benign,benign,3,1,4,vqc
benign_vqc_v1_000561,benign_vqc_v1_000561,vqc,benign,benign,0,2,4,vqc
benign_vqc_v1_000562,benign_vqc_v1_000562,vqc,benign,benign,2,1,0,vqc
benign_vqc_v1_000563,benign_vqc_v1_000563,vqc,benign,benign,3,3,2,vqc
benign_vqc_v1_000564,benign_vqc_v1_000564,vqc,benign,benign,4,1,2,vqc
benign_vqc_v1_000565,benign_vqc_v1_000565,vqc,benign,benign,4,0,2,vqc
benign_vqc_v1_000566,benign_vqc_v1_000566,vqc,benign,benign,0,3,2,vqc
benign_vqc_v1_000567,benign_vqc_v1_000567,vqc,benign,benign,3,0,0,vqc
benign_vqc_v1_000568,benign_vqc_v1_000568,vqc,benign,benign,0,2,0,vqc
benign_vqc_v1_000569,benign_vqc_v1_000569,vqc,benign,benign,3,0,2,vqc
benign_vqc_v1_000570,benign_vqc_v1_000570,vqc,benign,benign,0,0,1,vqc
benign_vqc_v1_000571,benign_vqc_v1_000571,vqc,benign,benign,4,4,1,vqc
benign_vqc_v1_000572,benign_vqc_v1_000572,vqc,benign,benign,4,0,1,vqc
benign_vqc_v1_000573,benign_vqc_v1_000573,vqc,benign,benign,3,3,2,vqc
benign_vqc_v1_000574,benign_vqc_v1_000574,vqc,benign,benign,1,2,4,vqc
benign_vqc_v1_000575,benign_vqc_v1_000575,vqc,benign,benign,2,3,1,vqc
benign_vqc_v1_000576,benign_vqc_v1_000576,vqc,benign,benign,0,2,0,vqc
benign_vqc_v1_000577,benign_vqc_v1_000577,vqc,benign,benign,4,1,0,vqc
benign_vqc_v1_000578,benign_vqc_v1_000578,vqc,benign,benign,3,1,4,vqc
benign_vqc_v1_000579,benign_vqc_v1_000579,vqc,benign,benign,2,3,1,vqc
benign_vqc_v1_000580,benign_vqc_v1_000580,vqc,benign,benign,2,0,3,vqc
benign_vqc_v1_000581,benign_vqc_v1_000581,vqc,benign,benign,1,1,0,vqc
benign_vqc_v1_000582,benign_vqc_v1_000582,vqc,benign,benign,1,1,4,vqc
benign_vqc_v1_000583,benign_vqc_v1_000583,vqc,benign,benign,3,2,3,vqc
benign_vqc_v1_000584,benign_vqc_v1_000584,vqc,benign,benign,4,4,3,vqc
benign_vqc_v1_000585,benign_vqc_v1_000585,vqc,benign,benign,2,0,2,vqc
benign_vqc_v1_000586,benign_vqc_v1_000586,vqc,benign,benign,2,3,2,vqc
benign_vqc_v1_000587,benign_vqc_v1_000587,vqc,benign,benign,2,4,0,vqc
benign_vqc_v1_000588,benign_vqc_v1_000588,vqc,benign,benign,0,1,3,vqc
benign_vqc_v1_000589,benign_vqc_v1_000589,vqc,benign,benign,4,4,3,vqc
benign_vqc_v1_000590,benign_vqc_v1_000590,vqc,benign,benign,3,0,3,vqc
benign_vqc_v1_000591,benign_vqc_v1_000591,vqc,benign,benign,2,1,1,vqc
benign_vqc_v1_000592,benign_vqc_v1_000592,vqc,benign,benign,1,2,2,vqc
benign_vqc_v1_000593,benign_vqc_v1_000593,vqc,benign,benign,3,0,0,vqc
benign_vqc_v1_000594,benign_vqc_v1_000594,vqc,benign,benign,4,4,1,vqc
benign_vqc_v1_000595,benign_vqc_v1_000595,vqc,benign,benign,0,3,1,vqc
benign_vqc_v1_000596,benign_vqc_v1_000596,vqc,benign,benign,0,0,1,vqc
benign_vqc_v1_000597,benign_vqc_v1_000597,vqc,benign,benign,0,2,1,vqc
benign_vqc_v1_000598,benign_vqc_v1_000598,vqc,benign,benign,0,1,1,vqc
benign_vqc_v1_000599,benign_vqc_v1_000599,vqc,benign,benign,4,1,1,vqc
benign_qft_v1_000000,benign_qft_v1_000000,qft,benign,benign,4,3,2,qft
benign_qft_v1_000001,benign_qft_v1_000001,qft,benign,benign,1,2,1,qft
benign_qft_v1_000002,benign_qft_v1_000002,qft,benign,benign,1,0,1,qft
benign_qft_v1_000003,benign_qft_v1_000003,qft,benign,benign,2,4,2,qft
benign_qft_v1_000004,benign_qft_v1_000004,qft,benign,benign,4,3,4,qft
benign_qft_v1_000005,benign_qft_v1_000005,qft,benign,benign,0,2,2,qft
benign_qft_v1_000006,benign_qft_v1_000006,qft,benign,benign,2,3,0,qft
benign_qft_v1_000007,benign_qft_v1_000007,qft,benign,benign,2,1,3,qft
benign_qft_v1_000008,benign_qft_v1_000008,qft,benign,benign,0,4,2,qft
benign_qft_v1_000009,benign_qft_v1_000009,qft,benign,benign,1,3,0,qft
benign_qft_v1_000010,benign_qft_v1_000010,qft,benign,benign,1,3,0,qft
benign_qft_v1_000011,benign_qft_v1_000011,qft,benign,benign,0,1,2,qft
benign_qft_v1_000012,benign_qft_v1_000012,qft,benign,benign,2,3,0,qft
benign_qft_v1_000013,benign_qft_v1_000013,qft,benign,benign,4,4,1,qft
benign_qft_v1_000014,benign_qft_v1_000014,qft,benign,benign,0,3,0,qft
benign_qft_v1_000015,benign_qft_v1_000015,qft,benign,benign,1,2,1,qft
benign_qft_v1_000016,benign_qft_v1_000016,qft,benign,benign,3,4,2,qft
benign_qft_v1_000017,benign_qft_v1_000017,qft,benign,benign,1,0,1,qft
benign_qft_v1_000018,benign_qft_v1_000018,qft,benign,benign,1,1,3,qft
benign_qft_v1_000019,benign_qft_v1_000019,qft,benign,benign,4,3,1,qft
benign_qft_v1_000020,benign_qft_v1_000020,qft,benign,benign,1,0,3,qft
benign_qft_v1_000021,benign_qft_v1_000021,qft,benign,benign,0,1,4,qft
benign_qft_v1_000022,benign_qft_v1_000022,qft,benign,benign,4,3,3,qft
benign_qft_v1_000023,benign_qft_v1_000023,qft,benign,benign,0,2,4,qft
benign_qft_v1_000024,benign_qft_v1_000024,qft,benign,benign,2,0,4,qft
benign_qft_v1_000025,benign_qft_v1_000025,qft,benign,benign,2,4,1,qft
benign_qft_v1_000026,benign_qft_v1_000026,qft,benign,benign,2,4,3,qft
benign_qft_v1_000027,benign_qft_v1_000027,qft,benign,benign,4,3,0,qft
benign_qft_v1_000028,benign_qft_v1_000028,qft,benign,benign,4,4,2,qft
benign_qft_v1_000029,benign_qft_v1_000029,qft,benign,benign,4,2,4,qft
benign_qft_v1_000030,benign_qft_v1_000030,qft,benign,benign,3,4,3,qft
benign_qft_v1_000031,benign_qft_v1_000031,qft,benign,benign,1,0,4,qft
benign_qft_v1_000032,benign_qft_v1_000032,qft,benign,benign,4,3,1,qft
benign_qft_v1_000033,benign_qft_v1_000033,qft,benign,benign,3,4,4,qft
benign_qft_v1_000034,benign_qft_v1_000034,qft,benign,benign,2,3,4,qft
benign_qft_v1_000035,benign_qft_v1_000035,qft,benign,benign,1,4,1,qft
benign_qft_v1_000036,benign_qft_v1_000036,qft,benign,benign,1,4,2,qft
benign_qft_v1_000037,benign_qft_v1_000037,qft,benign,benign,3,2,4,qft
benign_qft_v1_000038,benign_qft_v1_000038,qft,benign,benign,4,4,3,qft
benign_qft_v1_000039,benign_qft_v1_000039,qft,benign,benign,2,0,0,qft
benign_qft_v1_000040,benign_qft_v1_000040,qft,benign,benign,3,1,4,qft
benign_qft_v1_000041,benign_qft_v1_000041,qft,benign,benign,3,1,4,qft
benign_qft_v1_000042,benign_qft_v1_000042,qft,benign,benign,3,4,1,qft
benign_qft_v1_000043,benign_qft_v1_000043,qft,benign,benign,4,0,4,qft
benign_qft_v1_000044,benign_qft_v1_000044,qft,benign,benign,3,4,1,qft
benign_qft_v1_000045,benign_qft_v1_000045,qft,benign,benign,1,2,1,qft
benign_qft_v1_000046,benign_qft_v1_000046,qft,benign,benign,4,1,0,qft
benign_qft_v1_000047,benign_qft_v1_000047,qft,benign,benign,4,1,4,qft
benign_qft_v1_000048,benign_qft_v1_000048,qft,benign,benign,2,1,1,qft
benign_qft_v1_000049,benign_qft_v1_000049,qft,benign,benign,1,1,4,qft
benign_qft_v1_000050,benign_qft_v1_000050,qft,benign,benign,4,3,2,qft
benign_qft_v1_000051,benign_qft_v1_000051,qft,benign,benign,0,2,0,qft
benign_qft_v1_000052,benign_qft_v1_000052,qft,benign,benign,3,1,0,qft
benign_qft_v1_000053,benign_qft_v1_000053,qft,benign,benign,1,4,4,qft
benign_qft_v1_000054,benign_qft_v1_000054,qft,benign,benign,2,2,2,qft
benign_qft_v1_000055,benign_qft_v1_000055,qft,benign,benign,2,1,4,qft
benign_qft_v1_000056,benign_qft_v1_000056,qft,benign,benign,1,2,4,qft
benign_qft_v1_000057,benign_qft_v1_000057,qft,benign,benign,2,0,4,qft
benign_qft_v1_000058,benign_qft_v1_000058,qft,benign,benign,2,0,3,qft
benign_qft_v1_000059,benign_qft_v1_000059,qft,benign,benign,3,0,3,qft
benign_qft_v1_000060,benign_qft_v1_000060,qft,benign,benign,0,1,4,qft
benign_qft_v1_000061,benign_qft_v1_000061,qft,benign,benign,0,2,2,qft
benign_qft_v1_000062,benign_qft_v1_000062,qft,benign,benign,1,0,1,qft
benign_qft_v1_000063,benign_qft_v1_000063,qft,benign,benign,4,3,2,qft
benign_qft_v1_000064,benign_qft_v1_000064,qft,benign,benign,4,4,1,qft
benign_qft_v1_000065,benign_qft_v1_000065,qft,benign,benign,1,2,3,qft
benign_qft_v1_000066,benign_qft_v1_000066,qft,benign,benign,3,3,4,qft
benign_qft_v1_000067,benign_qft_v1_000067,qft,benign,benign,3,2,0,qft
benign_qft_v1_000068,benign_qft_v1_000068,qft,benign,benign,1,0,2,qft
benign_qft_v1_000069,benign_qft_v1_000069,qft,benign,benign,3,3,3,qft
benign_qft_v1_000070,benign_qft_v1_000070,qft,benign,benign,3,3,2,qft
benign_qft_v1_000071,benign_qft_v1_000071,qft,benign,benign,2,3,2,qft
benign_qft_v1_000072,benign_qft_v1_000072,qft,benign,benign,4,0,2,qft
benign_qft_v1_000073,benign_qft_v1_000073,qft,benign,benign,0,3,4,qft
benign_qft_v1_000074,benign_qft_v1_000074,qft,benign,benign,4,3,3,qft
benign_qft_v1_000075,benign_qft_v1_000075,qft,benign,benign,0,2,1,qft
benign_qft_v1_000076,benign_qft_v1_000076,qft,benign,benign,2,1,1,qft
benign_qft_v1_000077,benign_qft_v1_000077,qft,benign,benign,4,4,1,qft
benign_qft_v1_000078,benign_qft_v1_000078,qft,benign,benign,0,4,3,qft
benign_qft_v1_000079,benign_qft_v1_000079,qft,benign,benign,4,4,2,qft
benign_qft_v1_000080,benign_qft_v1_000080,qft,benign,benign,1,0,0,qft
benign_qft_v1_000081,benign_qft_v1_000081,qft,benign,benign,1,1,3,qft
benign_qft_v1_000082,benign_qft_v1_000082,qft,benign,benign,1,4,2,qft
benign_qft_v1_000083,benign_qft_v1_000083,qft,benign,benign,2,1,3,qft
benign_qft_v1_000084,benign_qft_v1_000084,qft,benign,benign,4,3,1,qft
benign_qft_v1_000085,benign_qft_v1_000085,qft,benign,benign,1,2,1,qft
benign_qft_v1_000086,benign_qft_v1_000086,qft,benign,benign,2,1,1,qft
benign_qft_v1_000087,benign_qft_v1_000087,qft,benign,benign,4,4,4,qft
benign_qft_v1_000088,benign_qft_v1_000088,qft,benign,benign,1,4,4,qft
benign_qft_v1_000089,benign_qft_v1_000089,qft,benign,benign,0,0,2,qft
benign_qft_v1_000090,benign_qft_v1_000090,qft,benign,benign,4,4,2,qft
benign_qft_v1_000091,benign_qft_v1_000091,qft,benign,benign,2,2,2,qft
benign_qft_v1_000092,benign_qft_v1_000092,qft,benign,benign,4,1,1,qft
benign_qft_v1_000093,benign_qft_v1_000093,qft,benign,benign,3,3,1,qft
benign_qft_v1_000094,benign_qft_v1_000094,qft,benign,benign,2,1,1,qft
benign_qft_v1_000095,benign_qft_v1_000095,qft,benign,benign,4,1,2,qft
benign_qft_v1_000096,benign_qft_v1_000096,qft,benign,benign,1,4,4,qft
benign_qft_v1_000097,benign_qft_v1_000097,qft,benign,benign,0,3,3,qft
benign_qft_v1_000098,benign_qft_v1_000098,qft,benign,benign,4,2,4,qft
benign_qft_v1_000099,benign_qft_v1_000099,qft,benign,benign,1,2,2,qft
benign_qft_v1_000100,benign_qft_v1_000100,qft,benign,benign,3,1,2,qft
benign_qft_v1_000101,benign_qft_v1_000101,qft,benign,benign,4,0,0,qft
benign_qft_v1_000102,benign_qft_v1_000102,qft,benign,benign,3,3,2,qft
benign_qft_v1_000103,benign_qft_v1_000103,qft,benign,benign,2,4,0,qft
benign_qft_v1_000104,benign_qft_v1_000104,qft,benign,benign,2,0,4,qft
benign_qft_v1_000105,benign_qft_v1_000105,qft,benign,benign,4,4,3,qft
benign_qft_v1_000106,benign_qft_v1_000106,qft,benign,benign,2,3,3,qft
benign_qft_v1_000107,benign_qft_v1_000107,qft,benign,benign,3,1,4,qft
benign_qft_v1_000108,benign_qft_v1_000108,qft,benign,benign,2,2,0,qft
benign_qft_v1_000109,benign_qft_v1_000109,qft,benign,benign,0,0,4,qft
benign_qft_v1_000110,benign_qft_v1_000110,qft,benign,benign,2,3,2,qft
benign_qft_v1_000111,benign_qft_v1_000111,qft,benign,benign,0,4,3,qft
benign_qft_v1_000112,benign_qft_v1_000112,qft,benign,benign,1,3,2,qft
benign_qft_v1_000113,benign_qft_v1_000113,qft,benign,benign,0,4,3,qft
benign_qft_v1_000114,benign_qft_v1_000114,qft,benign,benign,4,4,3,qft
benign_qft_v1_000115,benign_qft_v1_000115,qft,benign,benign,4,2,4,qft
benign_qft_v1_000116,benign_qft_v1_000116,qft,benign,benign,4,0,3,qft
benign_qft_v1_000117,benign_qft_v1_000117,qft,benign,benign,1,4,3,qft
benign_qft_v1_000118,benign_qft_v1_000118,qft,benign,benign,2,0,0,qft
benign_qft_v1_000119,benign_qft_v1_000119,qft,benign,benign,1,4,3,qft
benign_qft_v1_000120,benign_qft_v1_000120,qft,benign,benign,2,4,4,qft
benign_qft_v1_000121,benign_qft_v1_000121,qft,benign,benign,3,2,3,qft
benign_qft_v1_000122,benign_qft_v1_000122,qft,benign,benign,3,3,3,qft
benign_qft_v1_000123,benign_qft_v1_000123,qft,benign,benign,1,3,1,qft
benign_qft_v1_000124,benign_qft_v1_000124,qft,benign,benign,0,3,0,qft
benign_qft_v1_000125,benign_qft_v1_000125,qft,benign,benign,1,3,0,qft
benign_qft_v1_000126,benign_qft_v1_000126,qft,benign,benign,4,0,2,qft
benign_qft_v1_000127,benign_qft_v1_000127,qft,benign,benign,2,1,0,qft
benign_qft_v1_000128,benign_qft_v1_000128,qft,benign,benign,0,1,0,qft
benign_qft_v1_000129,benign_qft_v1_000129,qft,benign,benign,1,4,0,qft
benign_qft_v1_000130,benign_qft_v1_000130,qft,benign,benign,4,3,0,qft
benign_qft_v1_000131,benign_qft_v1_000131,qft,benign,benign,4,3,1,qft
benign_qft_v1_000132,benign_qft_v1_000132,qft,benign,benign,2,1,1,qft
benign_qft_v1_000133,benign_qft_v1_000133,qft,benign,benign,1,1,1,qft
benign_qft_v1_000134,benign_qft_v1_000134,qft,benign,benign,3,4,2,qft
benign_qft_v1_000135,benign_qft_v1_000135,qft,benign,benign,1,2,3,qft
benign_qft_v1_000136,benign_qft_v1_000136,qft,benign,benign,0,2,0,qft
benign_qft_v1_000137,benign_qft_v1_000137,qft,benign,benign,2,1,2,qft
benign_qft_v1_000138,benign_qft_v1_000138,qft,benign,benign,0,3,0,qft
benign_qft_v1_000139,benign_qft_v1_000139,qft,benign,benign,2,4,3,qft
benign_qft_v1_000140,benign_qft_v1_000140,qft,benign,benign,2,0,1,qft
benign_qft_v1_000141,benign_qft_v1_000141,qft,benign,benign,1,4,2,qft
benign_qft_v1_000142,benign_qft_v1_000142,qft,benign,benign,0,2,0,qft
benign_qft_v1_000143,benign_qft_v1_000143,qft,benign,benign,0,1,2,qft
benign_qft_v1_000144,benign_qft_v1_000144,qft,benign,benign,1,2,4,qft
benign_qft_v1_000145,benign_qft_v1_000145,qft,benign,benign,4,1,2,qft
benign_qft_v1_000146,benign_qft_v1_000146,qft,benign,benign,3,3,3,qft
benign_qft_v1_000147,benign_qft_v1_000147,qft,benign,benign,4,0,2,qft
benign_qft_v1_000148,benign_qft_v1_000148,qft,benign,benign,2,4,2,qft
benign_qft_v1_000149,benign_qft_v1_000149,qft,benign,benign,4,1,3,qft
benign_qft_v1_000150,benign_qft_v1_000150,qft,benign,benign,3,0,3,qft
benign_qft_v1_000151,benign_qft_v1_000151,qft,benign,benign,1,2,0,qft
benign_qft_v1_000152,benign_qft_v1_000152,qft,benign,benign,3,2,3,qft
benign_qft_v1_000153,benign_qft_v1_000153,qft,benign,benign,3,0,0,qft
benign_qft_v1_000154,benign_qft_v1_000154,qft,benign,benign,1,2,1,qft
benign_qft_v1_000155,benign_qft_v1_000155,qft,benign,benign,2,4,1,qft
benign_qft_v1_000156,benign_qft_v1_000156,qft,benign,benign,0,1,1,qft
benign_qft_v1_000157,benign_qft_v1_000157,qft,benign,benign,2,2,4,qft
benign_qft_v1_000158,benign_qft_v1_000158,qft,benign,benign,2,4,3,qft
benign_qft_v1_000159,benign_qft_v1_000159,qft,benign,benign,1,2,0,qft
benign_qft_v1_000160,benign_qft_v1_000160,qft,benign,benign,2,2,2,qft
benign_qft_v1_000161,benign_qft_v1_000161,qft,benign,benign,1,0,2,qft
benign_qft_v1_000162,benign_qft_v1_000162,qft,benign,benign,0,1,0,qft
benign_qft_v1_000163,benign_qft_v1_000163,qft,benign,benign,4,0,3,qft
benign_qft_v1_000164,benign_qft_v1_000164,qft,benign,benign,0,2,2,qft
benign_qft_v1_000165,benign_qft_v1_000165,qft,benign,benign,3,3,4,qft
benign_qft_v1_000166,benign_qft_v1_000166,qft,benign,benign,1,0,4,qft
benign_qft_v1_000167,benign_qft_v1_000167,qft,benign,benign,1,0,3,qft
benign_qft_v1_000168,benign_qft_v1_000168,qft,benign,benign,1,2,4,qft
benign_qft_v1_000169,benign_qft_v1_000169,qft,benign,benign,0,0,2,qft
benign_qft_v1_000170,benign_qft_v1_000170,qft,benign,benign,4,3,3,qft
benign_qft_v1_000171,benign_qft_v1_000171,qft,benign,benign,1,1,1,qft
benign_qft_v1_000172,benign_qft_v1_000172,qft,benign,benign,4,3,3,qft
benign_qft_v1_000173,benign_qft_v1_000173,qft,benign,benign,4,4,1,qft
benign_qft_v1_000174,benign_qft_v1_000174,qft,benign,benign,3,0,0,qft
benign_qft_v1_000175,benign_qft_v1_000175,qft,benign,benign,2,2,3,qft
benign_qft_v1_000176,benign_qft_v1_000176,qft,benign,benign,2,0,2,qft
benign_qft_v1_000177,benign_qft_v1_000177,qft,benign,benign,2,0,1,qft
benign_qft_v1_000178,benign_qft_v1_000178,qft,benign,benign,0,2,3,qft
benign_qft_v1_000179,benign_qft_v1_000179,qft,benign,benign,3,3,0,qft
benign_qft_v1_000180,benign_qft_v1_000180,qft,benign,benign,2,0,1,qft
benign_qft_v1_000181,benign_qft_v1_000181,qft,benign,benign,1,0,4,qft
benign_qft_v1_000182,benign_qft_v1_000182,qft,benign,benign,0,4,2,qft
benign_qft_v1_000183,benign_qft_v1_000183,qft,benign,benign,2,3,4,qft
benign_qft_v1_000184,benign_qft_v1_000184,qft,benign,benign,2,2,3,qft
benign_qft_v1_000185,benign_qft_v1_000185,qft,benign,benign,0,2,4,qft
benign_qft_v1_000186,benign_qft_v1_000186,qft,benign,benign,4,2,1,qft
benign_qft_v1_000187,benign_qft_v1_000187,qft,benign,benign,4,2,1,qft
benign_qft_v1_000188,benign_qft_v1_000188,qft,benign,benign,2,3,4,qft
benign_qft_v1_000189,benign_qft_v1_000189,qft,benign,benign,4,4,0,qft
benign_qft_v1_000190,benign_qft_v1_000190,qft,benign,benign,1,4,2,qft
benign_qft_v1_000191,benign_qft_v1_000191,qft,benign,benign,2,4,1,qft
benign_qft_v1_000192,benign_qft_v1_000192,qft,benign,benign,1,4,4,qft
benign_qft_v1_000193,benign_qft_v1_000193,qft,benign,benign,3,3,2,qft
benign_qft_v1_000194,benign_qft_v1_000194,qft,benign,benign,1,2,2,qft
benign_qft_v1_000195,benign_qft_v1_000195,qft,benign,benign,1,4,2,qft
benign_qft_v1_000196,benign_qft_v1_000196,qft,benign,benign,3,2,4,qft
benign_qft_v1_000197,benign_qft_v1_000197,qft,benign,benign,0,2,0,qft
benign_qft_v1_000198,benign_qft_v1_000198,qft,benign,benign,2,4,2,qft
benign_qft_v1_000199,benign_qft_v1_000199,qft,benign,benign,1,4,4,qft
benign_qft_v1_000200,benign_qft_v1_000200,qft,benign,benign,3,4,3,qft
benign_qft_v1_000201,benign_qft_v1_000201,qft,benign,benign,0,3,0,qft
benign_qft_v1_000202,benign_qft_v1_000202,qft,benign,benign,3,1,4,qft
benign_qft_v1_000203,benign_qft_v1_000203,qft,benign,benign,0,3,0,qft
benign_qft_v1_000204,benign_qft_v1_000204,qft,benign,benign,3,2,3,qft
benign_qft_v1_000205,benign_qft_v1_000205,qft,benign,benign,1,2,4,qft
benign_qft_v1_000206,benign_qft_v1_000206,qft,benign,benign,3,0,0,qft
benign_qft_v1_000207,benign_qft_v1_000207,qft,benign,benign,0,2,2,qft
benign_qft_v1_000208,benign_qft_v1_000208,qft,benign,benign,1,4,3,qft
benign_qft_v1_000209,benign_qft_v1_000209,qft,benign,benign,1,1,0,qft
benign_qft_v1_000210,benign_qft_v1_000210,qft,benign,benign,0,3,3,qft
benign_qft_v1_000211,benign_qft_v1_000211,qft,benign,benign,4,2,1,qft
benign_qft_v1_000212,benign_qft_v1_000212,qft,benign,benign,0,1,1,qft
benign_qft_v1_000213,benign_qft_v1_000213,qft,benign,benign,1,4,2,qft
benign_qft_v1_000214,benign_qft_v1_000214,qft,benign,benign,4,0,3,qft
benign_qft_v1_000215,benign_qft_v1_000215,qft,benign,benign,2,0,0,qft
benign_qft_v1_000216,benign_qft_v1_000216,qft,benign,benign,2,0,0,qft
benign_qft_v1_000217,benign_qft_v1_000217,qft,benign,benign,2,4,0,qft
benign_qft_v1_000218,benign_qft_v1_000218,qft,benign,benign,0,1,3,qft
benign_qft_v1_000219,benign_qft_v1_000219,qft,benign,benign,0,3,0,qft
benign_qft_v1_000220,benign_qft_v1_000220,qft,benign,benign,3,3,3,qft
benign_qft_v1_000221,benign_qft_v1_000221,qft,benign,benign,1,3,1,qft
benign_qft_v1_000222,benign_qft_v1_000222,qft,benign,benign,0,2,3,qft
benign_qft_v1_000223,benign_qft_v1_000223,qft,benign,benign,2,0,3,qft
benign_qft_v1_000224,benign_qft_v1_000224,qft,benign,benign,4,1,3,qft
benign_qft_v1_000225,benign_qft_v1_000225,qft,benign,benign,0,1,0,qft
benign_qft_v1_000226,benign_qft_v1_000226,qft,benign,benign,1,1,1,qft
benign_qft_v1_000227,benign_qft_v1_000227,qft,benign,benign,2,4,3,qft
benign_qft_v1_000228,benign_qft_v1_000228,qft,benign,benign,3,0,2,qft
benign_qft_v1_000229,benign_qft_v1_000229,qft,benign,benign,0,0,1,qft
benign_qft_v1_000230,benign_qft_v1_000230,qft,benign,benign,3,2,4,qft
benign_qft_v1_000231,benign_qft_v1_000231,qft,benign,benign,3,2,0,qft
benign_qft_v1_000232,benign_qft_v1_000232,qft,benign,benign,4,2,2,qft
benign_qft_v1_000233,benign_qft_v1_000233,qft,benign,benign,1,0,2,qft
benign_qft_v1_000234,benign_qft_v1_000234,qft,benign,benign,2,1,2,qft
benign_qft_v1_000235,benign_qft_v1_000235,qft,benign,benign,2,3,4,qft
benign_qft_v1_000236,benign_qft_v1_000236,qft,benign,benign,4,4,0,qft
benign_qft_v1_000237,benign_qft_v1_000237,qft,benign,benign,3,0,1,qft
benign_qft_v1_000238,benign_qft_v1_000238,qft,benign,benign,1,2,2,qft
benign_qft_v1_000239,benign_qft_v1_000239,qft,benign,benign,2,0,3,qft
benign_qft_v1_000240,benign_qft_v1_000240,qft,benign,benign,3,2,2,qft
benign_qft_v1_000241,benign_qft_v1_000241,qft,benign,benign,1,1,1,qft
benign_qft_v1_000242,benign_qft_v1_000242,qft,benign,benign,0,0,2,qft
benign_qft_v1_000243,benign_qft_v1_000243,qft,benign,benign,3,0,4,qft
benign_qft_v1_000244,benign_qft_v1_000244,qft,benign,benign,4,0,1,qft
benign_qft_v1_000245,benign_qft_v1_000245,qft,benign,benign,2,3,0,qft
benign_qft_v1_000246,benign_qft_v1_000246,qft,benign,benign,1,0,4,qft
benign_qft_v1_000247,benign_qft_v1_000247,qft,benign,benign,4,0,2,qft
benign_qft_v1_000248,benign_qft_v1_000248,qft,benign,benign,0,0,3,qft
benign_qft_v1_000249,benign_qft_v1_000249,qft,benign,benign,1,4,1,qft
benign_qft_v1_000250,benign_qft_v1_000250,qft,benign,benign,3,1,1,qft
benign_qft_v1_000251,benign_qft_v1_000251,qft,benign,benign,3,0,0,qft
benign_qft_v1_000252,benign_qft_v1_000252,qft,benign,benign,1,2,2,qft
benign_qft_v1_000253,benign_qft_v1_000253,qft,benign,benign,2,1,4,qft
benign_qft_v1_000254,benign_qft_v1_000254,qft,benign,benign,3,1,2,qft
benign_qft_v1_000255,benign_qft_v1_000255,qft,benign,benign,2,0,1,qft
benign_qft_v1_000256,benign_qft_v1_000256,qft,benign,benign,0,1,3,qft
benign_qft_v1_000257,benign_qft_v1_000257,qft,benign,benign,2,3,3,qft
benign_qft_v1_000258,benign_qft_v1_000258,qft,benign,benign,1,3,0,qft
benign_qft_v1_000259,benign_qft_v1_000259,qft,benign,benign,3,2,3,qft
benign_qft_v1_000260,benign_qft_v1_000260,qft,benign,benign,0,1,0,qft
benign_qft_v1_000261,benign_qft_v1_000261,qft,benign,benign,0,2,2,qft
benign_qft_v1_000262,benign_qft_v1_000262,qft,benign,benign,1,0,4,qft
benign_qft_v1_000263,benign_qft_v1_000263,qft,benign,benign,0,4,4,qft
benign_qft_v1_000264,benign_qft_v1_000264,qft,benign,benign,4,1,0,qft
benign_qft_v1_000265,benign_qft_v1_000265,qft,benign,benign,3,1,1,qft
benign_qft_v1_000266,benign_qft_v1_000266,qft,benign,benign,4,0,0,qft
benign_qft_v1_000267,benign_qft_v1_000267,qft,benign,benign,3,4,1,qft
benign_qft_v1_000268,benign_qft_v1_000268,qft,benign,benign,3,3,4,qft
benign_qft_v1_000269,benign_qft_v1_000269,qft,benign,benign,1,4,0,qft
benign_qft_v1_000270,benign_qft_v1_000270,qft,benign,benign,4,3,1,qft
benign_qft_v1_000271,benign_qft_v1_000271,qft,benign,benign,0,2,3,qft
benign_qft_v1_000272,benign_qft_v1_000272,qft,benign,benign,1,0,0,qft
benign_qft_v1_000273,benign_qft_v1_000273,qft,benign,benign,4,4,2,qft
benign_qft_v1_000274,benign_qft_v1_000274,qft,benign,benign,0,1,4,qft
benign_qft_v1_000275,benign_qft_v1_000275,qft,benign,benign,3,3,4,qft
benign_qft_v1_000276,benign_qft_v1_000276,qft,benign,benign,1,1,2,qft
benign_qft_v1_000277,benign_qft_v1_000277,qft,benign,benign,0,2,4,qft
benign_qft_v1_000278,benign_qft_v1_000278,qft,benign,benign,2,2,0,qft
benign_qft_v1_000279,benign_qft_v1_000279,qft,benign,benign,2,2,1,qft
benign_qft_v1_000280,benign_qft_v1_000280,qft,benign,benign,1,2,2,qft
benign_qft_v1_000281,benign_qft_v1_000281,qft,benign,benign,3,2,4,qft
benign_qft_v1_000282,benign_qft_v1_000282,qft,benign,benign,3,1,4,qft
benign_qft_v1_000283,benign_qft_v1_000283,qft,benign,benign,1,3,3,qft
benign_qft_v1_000284,benign_qft_v1_000284,qft,benign,benign,3,3,2,qft
benign_qft_v1_000285,benign_qft_v1_000285,qft,benign,benign,0,1,3,qft
benign_qft_v1_000286,benign_qft_v1_000286,qft,benign,benign,1,4,2,qft
benign_qft_v1_000287,benign_qft_v1_000287,qft,benign,benign,1,4,2,qft
benign_qft_v1_000288,benign_qft_v1_000288,qft,benign,benign,2,2,3,qft
benign_qft_v1_000289,benign_qft_v1_000289,qft,benign,benign,0,4,1,qft
benign_qft_v1_000290,benign_qft_v1_000290,qft,benign,benign,2,4,3,qft
benign_qft_v1_000291,benign_qft_v1_000291,qft,benign,benign,2,3,0,qft
benign_qft_v1_000292,benign_qft_v1_000292,qft,benign,benign,0,0,1,qft
benign_qft_v1_000293,benign_qft_v1_000293,qft,benign,benign,0,3,2,qft
benign_qft_v1_000294,benign_qft_v1_000294,qft,benign,benign,0,4,4,qft
benign_qft_v1_000295,benign_qft_v1_000295,qft,benign,benign,0,0,2,qft
benign_qft_v1_000296,benign_qft_v1_000296,qft,benign,benign,2,3,3,qft
benign_qft_v1_000297,benign_qft_v1_000297,qft,benign,benign,3,2,3,qft
benign_qft_v1_000298,benign_qft_v1_000298,qft,benign,benign,0,4,1,qft
benign_qft_v1_000299,benign_qft_v1_000299,qft,benign,benign,1,2,1,qft
benign_qft_v1_000300,benign_qft_v1_000300,qft,benign,benign,4,2,3,qft
benign_qft_v1_000301,benign_qft_v1_000301,qft,benign,benign,4,0,0,qft
benign_qft_v1_000302,benign_qft_v1_000302,qft,benign,benign,4,0,2,qft
benign_qft_v1_000303,benign_qft_v1_000303,qft,benign,benign,0,1,3,qft
benign_qft_v1_000304,benign_qft_v1_000304,qft,benign,benign,2,4,4,qft
benign_qft_v1_000305,benign_qft_v1_000305,qft,benign,benign,3,1,1,qft
benign_qft_v1_000306,benign_qft_v1_000306,qft,benign,benign,3,3,2,qft
benign_qft_v1_000307,benign_qft_v1_000307,qft,benign,benign,0,3,1,qft
benign_qft_v1_000308,benign_qft_v1_000308,qft,benign,benign,0,2,2,qft
benign_qft_v1_000309,benign_qft_v1_000309,qft,benign,benign,3,3,3,qft
benign_qft_v1_000310,benign_qft_v1_000310,qft,benign,benign,3,1,0,qft
benign_qft_v1_000311,benign_qft_v1_000311,qft,benign,benign,3,2,3,qft
benign_qft_v1_000312,benign_qft_v1_000312,qft,benign,benign,2,3,3,qft
benign_qft_v1_000313,benign_qft_v1_000313,qft,benign,benign,0,1,3,qft
benign_qft_v1_000314,benign_qft_v1_000314,qft,benign,benign,3,1,3,qft
benign_qft_v1_000315,benign_qft_v1_000315,qft,benign,benign,2,2,2,qft
benign_qft_v1_000316,benign_qft_v1_000316,qft,benign,benign,3,0,1,qft
benign_qft_v1_000317,benign_qft_v1_000317,qft,benign,benign,4,3,3,qft
benign_qft_v1_000318,benign_qft_v1_000318,qft,benign,benign,0,0,1,qft
benign_qft_v1_000319,benign_qft_v1_000319,qft,benign,benign,0,2,1,qft
benign_qft_v1_000320,benign_qft_v1_000320,qft,benign,benign,3,3,1,qft
benign_qft_v1_000321,benign_qft_v1_000321,qft,benign,benign,3,0,1,qft
benign_qft_v1_000322,benign_qft_v1_000322,qft,benign,benign,0,0,3,qft
benign_qft_v1_000323,benign_qft_v1_000323,qft,benign,benign,2,4,4,qft
benign_qft_v1_000324,benign_qft_v1_000324,qft,benign,benign,0,1,2,qft
benign_qft_v1_000325,benign_qft_v1_000325,qft,benign,benign,3,4,2,qft
benign_qft_v1_000326,benign_qft_v1_000326,qft,benign,benign,1,3,4,qft
benign_qft_v1_000327,benign_qft_v1_000327,qft,benign,benign,2,1,0,qft
benign_qft_v1_000328,benign_qft_v1_000328,qft,benign,benign,1,2,1,qft
benign_qft_v1_000329,benign_qft_v1_000329,qft,benign,benign,2,4,0,qft
benign_qft_v1_000330,benign_qft_v1_000330,qft,benign,benign,2,2,4,qft
benign_qft_v1_000331,benign_qft_v1_000331,qft,benign,benign,2,0,4,qft
benign_qft_v1_000332,benign_qft_v1_000332,qft,benign,benign,3,4,4,qft
benign_qft_v1_000333,benign_qft_v1_000333,qft,benign,benign,4,1,4,qft
benign_qft_v1_000334,benign_qft_v1_000334,qft,benign,benign,0,0,3,qft
benign_qft_v1_000335,benign_qft_v1_000335,qft,benign,benign,2,3,4,qft
benign_qft_v1_000336,benign_qft_v1_000336,qft,benign,benign,0,1,4,qft
benign_qft_v1_000337,benign_qft_v1_000337,qft,benign,benign,4,0,3,qft
benign_qft_v1_000338,benign_qft_v1_000338,qft,benign,benign,4,1,1,qft
benign_qft_v1_000339,benign_qft_v1_000339,qft,benign,benign,2,1,4,qft
benign_qft_v1_000340,benign_qft_v1_000340,qft,benign,benign,1,1,0,qft
benign_qft_v1_000341,benign_qft_v1_000341,qft,benign,benign,2,3,2,qft
benign_qft_v1_000342,benign_qft_v1_000342,qft,benign,benign,4,4,0,qft
benign_qft_v1_000343,benign_qft_v1_000343,qft,benign,benign,2,4,0,qft
benign_qft_v1_000344,benign_qft_v1_000344,qft,benign,benign,4,2,3,qft
benign_qft_v1_000345,benign_qft_v1_000345,qft,benign,benign,4,1,1,qft
benign_qft_v1_000346,benign_qft_v1_000346,qft,benign,benign,3,4,2,qft
benign_qft_v1_000347,benign_qft_v1_000347,qft,benign,benign,0,3,3,qft
benign_qft_v1_000348,benign_qft_v1_000348,qft,benign,benign,2,1,4,qft
benign_qft_v1_000349,benign_qft_v1_000349,qft,benign,benign,2,0,1,qft
benign_qft_v1_000350,benign_qft_v1_000350,qft,benign,benign,0,0,4,qft
benign_qft_v1_000351,benign_qft_v1_000351,qft,benign,benign,0,1,4,qft
benign_qft_v1_000352,benign_qft_v1_000352,qft,benign,benign,0,4,2,qft
benign_qft_v1_000353,benign_qft_v1_000353,qft,benign,benign,0,1,0,qft
benign_qft_v1_000354,benign_qft_v1_000354,qft,benign,benign,1,1,4,qft
benign_qft_v1_000355,benign_qft_v1_000355,qft,benign,benign,3,3,1,qft
benign_qft_v1_000356,benign_qft_v1_000356,qft,benign,benign,3,1,0,qft
benign_qft_v1_000357,benign_qft_v1_000357,qft,benign,benign,0,0,0,qft
benign_qft_v1_000358,benign_qft_v1_000358,qft,benign,benign,4,1,0,qft
benign_qft_v1_000359,benign_qft_v1_000359,qft,benign,benign,4,2,0,qft
benign_qft_v1_000360,benign_qft_v1_000360,qft,benign,benign,0,0,4,qft
benign_qft_v1_000361,benign_qft_v1_000361,qft,benign,benign,1,2,2,qft
benign_qft_v1_000362,benign_qft_v1_000362,qft,benign,benign,2,2,3,qft
benign_qft_v1_000363,benign_qft_v1_000363,qft,benign,benign,4,2,4,qft
benign_qft_v1_000364,benign_qft_v1_000364,qft,benign,benign,0,3,2,qft
benign_qft_v1_000365,benign_qft_v1_000365,qft,benign,benign,4,3,1,qft
benign_qft_v1_000366,benign_qft_v1_000366,qft,benign,benign,1,2,0,qft
benign_qft_v1_000367,benign_qft_v1_000367,qft,benign,benign,1,3,3,qft
benign_qft_v1_000368,benign_qft_v1_000368,qft,benign,benign,3,4,4,qft
benign_qft_v1_000369,benign_qft_v1_000369,qft,benign,benign,0,2,1,qft
benign_qft_v1_000370,benign_qft_v1_000370,qft,benign,benign,0,2,4,qft
benign_qft_v1_000371,benign_qft_v1_000371,qft,benign,benign,0,4,4,qft
benign_qft_v1_000372,benign_qft_v1_000372,qft,benign,benign,4,0,0,qft
benign_qft_v1_000373,benign_qft_v1_000373,qft,benign,benign,0,3,2,qft
benign_qft_v1_000374,benign_qft_v1_000374,qft,benign,benign,4,3,0,qft
benign_qft_v1_000375,benign_qft_v1_000375,qft,benign,benign,3,2,1,qft
benign_qft_v1_000376,benign_qft_v1_000376,qft,benign,benign,0,1,3,qft
benign_qft_v1_000377,benign_qft_v1_000377,qft,benign,benign,0,4,0,qft
benign_qft_v1_000378,benign_qft_v1_000378,qft,benign,benign,0,1,1,qft
benign_qft_v1_000379,benign_qft_v1_000379,qft,benign,benign,3,3,0,qft
benign_qft_v1_000380,benign_qft_v1_000380,qft,benign,benign,1,2,3,qft
benign_qft_v1_000381,benign_qft_v1_000381,qft,benign,benign,4,0,1,qft
benign_qft_v1_000382,benign_qft_v1_000382,qft,benign,benign,0,0,4,qft
benign_qft_v1_000383,benign_qft_v1_000383,qft,benign,benign,1,2,3,qft
benign_qft_v1_000384,benign_qft_v1_000384,qft,benign,benign,4,0,2,qft
benign_qft_v1_000385,benign_qft_v1_000385,qft,benign,benign,3,0,0,qft
benign_qft_v1_000386,benign_qft_v1_000386,qft,benign,benign,1,4,3,qft
benign_qft_v1_000387,benign_qft_v1_000387,qft,benign,benign,2,4,4,qft
benign_qft_v1_000388,benign_qft_v1_000388,qft,benign,benign,2,0,3,qft
benign_qft_v1_000389,benign_qft_v1_000389,qft,benign,benign,0,1,4,qft
benign_qft_v1_000390,benign_qft_v1_000390,qft,benign,benign,3,1,0,qft
benign_qft_v1_000391,benign_qft_v1_000391,qft,benign,benign,2,1,2,qft
benign_qft_v1_000392,benign_qft_v1_000392,qft,benign,benign,4,1,3,qft
benign_qft_v1_000393,benign_qft_v1_000393,qft,benign,benign,4,1,2,qft
benign_qft_v1_000394,benign_qft_v1_000394,qft,benign,benign,4,2,2,qft
benign_qft_v1_000395,benign_qft_v1_000395,qft,benign,benign,4,0,0,qft
benign_qft_v1_000396,benign_qft_v1_000396,qft,benign,benign,0,0,3,qft
benign_qft_v1_000397,benign_qft_v1_000397,qft,benign,benign,0,4,0,qft
benign_qft_v1_000398,benign_qft_v1_000398,qft,benign,benign,4,3,0,qft
benign_qft_v1_000399,benign_qft_v1_000399,qft,benign,benign,4,4,0,qft
benign_qft_v1_000400,benign_qft_v1_000400,qft,benign,benign,2,4,1,qft
benign_qft_v1_000401,benign_qft_v1_000401,qft,benign,benign,2,1,4,qft
benign_qft_v1_000402,benign_qft_v1_000402,qft,benign,benign,4,2,0,qft
benign_qft_v1_000403,benign_qft_v1_000403,qft,benign,benign,4,2,0,qft
benign_qft_v1_000404,benign_qft_v1_000404,qft,benign,benign,0,3,1,qft
benign_qft_v1_000405,benign_qft_v1_000405,qft,benign,benign,2,4,1,qft
benign_qft_v1_000406,benign_qft_v1_000406,qft,benign,benign,0,1,4,qft
benign_qft_v1_000407,benign_qft_v1_000407,qft,benign,benign,3,4,2,qft
benign_qft_v1_000408,benign_qft_v1_000408,qft,benign,benign,4,1,2,qft
benign_qft_v1_000409,benign_qft_v1_000409,qft,benign,benign,2,1,0,qft
benign_qft_v1_000410,benign_qft_v1_000410,qft,benign,benign,2,3,2,qft
benign_qft_v1_000411,benign_qft_v1_000411,qft,benign,benign,4,0,0,qft
benign_qft_v1_000412,benign_qft_v1_000412,qft,benign,benign,2,2,1,qft
benign_qft_v1_000413,benign_qft_v1_000413,qft,benign,benign,3,4,0,qft
benign_qft_v1_000414,benign_qft_v1_000414,qft,benign,benign,3,0,2,qft
benign_qft_v1_000415,benign_qft_v1_000415,qft,benign,benign,0,2,4,qft
benign_qft_v1_000416,benign_qft_v1_000416,qft,benign,benign,3,3,0,qft
benign_qft_v1_000417,benign_qft_v1_000417,qft,benign,benign,1,3,1,qft
benign_qft_v1_000418,benign_qft_v1_000418,qft,benign,benign,0,0,0,qft
benign_qft_v1_000419,benign_qft_v1_000419,qft,benign,benign,3,4,1,qft
benign_qft_v1_000420,benign_qft_v1_000420,qft,benign,benign,3,1,4,qft
benign_qft_v1_000421,benign_qft_v1_000421,qft,benign,benign,3,4,0,qft
benign_qft_v1_000422,benign_qft_v1_000422,qft,benign,benign,1,0,4,qft
benign_qft_v1_000423,benign_qft_v1_000423,qft,benign,benign,0,0,0,qft
benign_qft_v1_000424,benign_qft_v1_000424,qft,benign,benign,4,1,2,qft
benign_qft_v1_000425,benign_qft_v1_000425,qft,benign,benign,4,2,2,qft
benign_qft_v1_000426,benign_qft_v1_000426,qft,benign,benign,4,2,4,qft
benign_qft_v1_000427,benign_qft_v1_000427,qft,benign,benign,2,0,0,qft
benign_qft_v1_000428,benign_qft_v1_000428,qft,benign,benign,4,0,3,qft
benign_qft_v1_000429,benign_qft_v1_000429,qft,benign,benign,3,2,4,qft
benign_qft_v1_000430,benign_qft_v1_000430,qft,benign,benign,4,1,2,qft
benign_qft_v1_000431,benign_qft_v1_000431,qft,benign,benign,1,4,3,qft
benign_qft_v1_000432,benign_qft_v1_000432,qft,benign,benign,1,3,4,qft
benign_qft_v1_000433,benign_qft_v1_000433,qft,benign,benign,4,1,0,qft
benign_qft_v1_000434,benign_qft_v1_000434,qft,benign,benign,1,0,3,qft
benign_qft_v1_000435,benign_qft_v1_000435,qft,benign,benign,4,3,3,qft
benign_qft_v1_000436,benign_qft_v1_000436,qft,benign,benign,2,2,3,qft
benign_qft_v1_000437,benign_qft_v1_000437,qft,benign,benign,4,0,2,qft
benign_qft_v1_000438,benign_qft_v1_000438,qft,benign,benign,0,4,0,qft
benign_qft_v1_000439,benign_qft_v1_000439,qft,benign,benign,3,1,2,qft
benign_qft_v1_000440,benign_qft_v1_000440,qft,benign,benign,4,0,0,qft
benign_qft_v1_000441,benign_qft_v1_000441,qft,benign,benign,1,4,4,qft
benign_qft_v1_000442,benign_qft_v1_000442,qft,benign,benign,4,3,3,qft
benign_qft_v1_000443,benign_qft_v1_000443,qft,benign,benign,4,3,4,qft
benign_qft_v1_000444,benign_qft_v1_000444,qft,benign,benign,2,2,2,qft
benign_qft_v1_000445,benign_qft_v1_000445,qft,benign,benign,3,0,1,qft
benign_qft_v1_000446,benign_qft_v1_000446,qft,benign,benign,1,1,1,qft
benign_qft_v1_000447,benign_qft_v1_000447,qft,benign,benign,0,1,4,qft
benign_qft_v1_000448,benign_qft_v1_000448,qft,benign,benign,0,2,3,qft
benign_qft_v1_000449,benign_qft_v1_000449,qft,benign,benign,0,2,0,qft
benign_qft_v1_000450,benign_qft_v1_000450,qft,benign,benign,1,2,1,qft
benign_qft_v1_000451,benign_qft_v1_000451,qft,benign,benign,1,4,1,qft
benign_qft_v1_000452,benign_qft_v1_000452,qft,benign,benign,2,0,1,qft
benign_qft_v1_000453,benign_qft_v1_000453,qft,benign,benign,0,3,0,qft
benign_qft_v1_000454,benign_qft_v1_000454,qft,benign,benign,3,0,3,qft
benign_qft_v1_000455,benign_qft_v1_000455,qft,benign,benign,4,4,3,qft
benign_qft_v1_000456,benign_qft_v1_000456,qft,benign,benign,3,2,3,qft
benign_qft_v1_000457,benign_qft_v1_000457,qft,benign,benign,2,1,4,qft
benign_qft_v1_000458,benign_qft_v1_000458,qft,benign,benign,3,1,1,qft
benign_qft_v1_000459,benign_qft_v1_000459,qft,benign,benign,3,2,3,qft
benign_qft_v1_000460,benign_qft_v1_000460,qft,benign,benign,1,2,3,qft
benign_qft_v1_000461,benign_qft_v1_000461,qft,benign,benign,0,3,1,qft
benign_qft_v1_000462,benign_qft_v1_000462,qft,benign,benign,3,3,2,qft
benign_qft_v1_000463,benign_qft_v1_000463,qft,benign,benign,4,1,0,qft
benign_qft_v1_000464,benign_qft_v1_000464,qft,benign,benign,1,1,2,qft
benign_qft_v1_000465,benign_qft_v1_000465,qft,benign,benign,3,0,0,qft
benign_qft_v1_000466,benign_qft_v1_000466,qft,benign,benign,2,2,4,qft
benign_qft_v1_000467,benign_qft_v1_000467,qft,benign,benign,0,3,0,qft
benign_qft_v1_000468,benign_qft_v1_000468,qft,benign,benign,4,3,0,qft
benign_qft_v1_000469,benign_qft_v1_000469,qft,benign,benign,1,4,3,qft
benign_qft_v1_000470,benign_qft_v1_000470,qft,benign,benign,3,4,1,qft
benign_qft_v1_000471,benign_qft_v1_000471,qft,benign,benign,1,4,2,qft
benign_qft_v1_000472,benign_qft_v1_000472,qft,benign,benign,2,3,3,qft
benign_qft_v1_000473,benign_qft_v1_000473,qft,benign,benign,3,0,0,qft
benign_qft_v1_000474,benign_qft_v1_000474,qft,benign,benign,4,3,1,qft
benign_qft_v1_000475,benign_qft_v1_000475,qft,benign,benign,3,2,3,qft
benign_qft_v1_000476,benign_qft_v1_000476,qft,benign,benign,4,0,4,qft
benign_qft_v1_000477,benign_qft_v1_000477,qft,benign,benign,2,1,4,qft
benign_qft_v1_000478,benign_qft_v1_000478,qft,benign,benign,4,3,4,qft
benign_qft_v1_000479,benign_qft_v1_000479,qft,benign,benign,2,3,0,qft
benign_qft_v1_000480,benign_qft_v1_000480,qft,benign,benign,3,3,4,qft
benign_qft_v1_000481,benign_qft_v1_000481,qft,benign,benign,3,3,1,qft
benign_qft_v1_000482,benign_qft_v1_000482,qft,benign,benign,1,0,0,qft
benign_qft_v1_000483,benign_qft_v1_000483,qft,benign,benign,0,0,0,qft
benign_qft_v1_000484,benign_qft_v1_000484,qft,benign,benign,4,1,1,qft
benign_qft_v1_000485,benign_qft_v1_000485,qft,benign,benign,0,4,2,qft
benign_qft_v1_000486,benign_qft_v1_000486,qft,benign,benign,1,2,0,qft
benign_qft_v1_000487,benign_qft_v1_000487,qft,benign,benign,3,2,3,qft
benign_qft_v1_000488,benign_qft_v1_000488,qft,benign,benign,0,0,3,qft
benign_qft_v1_000489,benign_qft_v1_000489,qft,benign,benign,4,3,1,qft
benign_qft_v1_000490,benign_qft_v1_000490,qft,benign,benign,3,0,0,qft
benign_qft_v1_000491,benign_qft_v1_000491,qft,benign,benign,2,1,1,qft
benign_qft_v1_000492,benign_qft_v1_000492,qft,benign,benign,3,4,3,qft
benign_qft_v1_000493,benign_qft_v1_000493,qft,benign,benign,2,4,1,qft
benign_qft_v1_000494,benign_qft_v1_000494,qft,benign,benign,0,0,3,qft
benign_qft_v1_000495,benign_qft_v1_000495,qft,benign,benign,4,3,2,qft
benign_qft_v1_000496,benign_qft_v1_000496,qft,benign,benign,0,1,1,qft
benign_qft_v1_000497,benign_qft_v1_000497,qft,benign,benign,1,0,4,qft
benign_qft_v1_000498,benign_qft_v1_000498,qft,benign,benign,2,3,0,qft
benign_qft_v1_000499,benign_qft_v1_000499,qft,benign,benign,3,2,2,qft
benign_qft_v1_000500,benign_qft_v1_000500,qft,benign,benign,3,4,2,qft
benign_qft_v1_000501,benign_qft_v1_000501,qft,benign,benign,3,3,2,qft
benign_qft_v1_000502,benign_qft_v1_000502,qft,benign,benign,0,0,1,qft
benign_qft_v1_000503,benign_qft_v1_000503,qft,benign,benign,3,0,1,qft
benign_qft_v1_000504,benign_qft_v1_000504,qft,benign,benign,4,0,4,qft
benign_qft_v1_000505,benign_qft_v1_000505,qft,benign,benign,0,0,4,qft
benign_qft_v1_000506,benign_qft_v1_000506,qft,benign,benign,4,1,2,qft
benign_qft_v1_000507,benign_qft_v1_000507,qft,benign,benign,4,0,4,qft
benign_qft_v1_000508,benign_qft_v1_000508,qft,benign,benign,1,4,4,qft
benign_qft_v1_000509,benign_qft_v1_000509,qft,benign,benign,0,0,1,qft
benign_qft_v1_000510,benign_qft_v1_000510,qft,benign,benign,1,1,4,qft
benign_qft_v1_000511,benign_qft_v1_000511,qft,benign,benign,2,3,4,qft
benign_qft_v1_000512,benign_qft_v1_000512,qft,benign,benign,1,0,1,qft
benign_qft_v1_000513,benign_qft_v1_000513,qft,benign,benign,1,4,0,qft
benign_qft_v1_000514,benign_qft_v1_000514,qft,benign,benign,2,1,3,qft
benign_qft_v1_000515,benign_qft_v1_000515,qft,benign,benign,2,4,4,qft
benign_qft_v1_000516,benign_qft_v1_000516,qft,benign,benign,4,3,3,qft
benign_qft_v1_000517,benign_qft_v1_000517,qft,benign,benign,2,4,4,qft
benign_qft_v1_000518,benign_qft_v1_000518,qft,benign,benign,1,4,4,qft
benign_qft_v1_000519,benign_qft_v1_000519,qft,benign,benign,4,3,3,qft
benign_qft_v1_000520,benign_qft_v1_000520,qft,benign,benign,3,4,2,qft
benign_qft_v1_000521,benign_qft_v1_000521,qft,benign,benign,2,2,1,qft
benign_qft_v1_000522,benign_qft_v1_000522,qft,benign,benign,1,1,1,qft
benign_qft_v1_000523,benign_qft_v1_000523,qft,benign,benign,3,4,3,qft
benign_qft_v1_000524,benign_qft_v1_000524,qft,benign,benign,4,0,3,qft
benign_qft_v1_000525,benign_qft_v1_000525,qft,benign,benign,1,4,0,qft
benign_qft_v1_000526,benign_qft_v1_000526,qft,benign,benign,3,1,4,qft
benign_qft_v1_000527,benign_qft_v1_000527,qft,benign,benign,4,1,3,qft
benign_qft_v1_000528,benign_qft_v1_000528,qft,benign,benign,0,3,2,qft
benign_qft_v1_000529,benign_qft_v1_000529,qft,benign,benign,1,1,2,qft
benign_qft_v1_000530,benign_qft_v1_000530,qft,benign,benign,2,2,3,qft
benign_qft_v1_000531,benign_qft_v1_000531,qft,benign,benign,3,3,0,qft
benign_qft_v1_000532,benign_qft_v1_000532,qft,benign,benign,1,2,3,qft
benign_qft_v1_000533,benign_qft_v1_000533,qft,benign,benign,0,0,1,qft
benign_qft_v1_000534,benign_qft_v1_000534,qft,benign,benign,0,0,1,qft
benign_qft_v1_000535,benign_qft_v1_000535,qft,benign,benign,2,2,4,qft
benign_qft_v1_000536,benign_qft_v1_000536,qft,benign,benign,0,1,0,qft
benign_qft_v1_000537,benign_qft_v1_000537,qft,benign,benign,0,1,0,qft
benign_qft_v1_000538,benign_qft_v1_000538,qft,benign,benign,0,1,1,qft
benign_qft_v1_000539,benign_qft_v1_000539,qft,benign,benign,4,2,1,qft
benign_qft_v1_000540,benign_qft_v1_000540,qft,benign,benign,0,1,2,qft
benign_qft_v1_000541,benign_qft_v1_000541,qft,benign,benign,1,4,1,qft
benign_qft_v1_000542,benign_qft_v1_000542,qft,benign,benign,3,3,0,qft
benign_qft_v1_000543,benign_qft_v1_000543,qft,benign,benign,3,4,4,qft
benign_qft_v1_000544,benign_qft_v1_000544,qft,benign,benign,3,4,4,qft
benign_qft_v1_000545,benign_qft_v1_000545,qft,benign,benign,1,2,3,qft
benign_qft_v1_000546,benign_qft_v1_000546,qft,benign,benign,1,1,1,qft
benign_qft_v1_000547,benign_qft_v1_000547,qft,benign,benign,1,1,2,qft
benign_qft_v1_000548,benign_qft_v1_000548,qft,benign,benign,4,3,2,qft
benign_qft_v1_000549,benign_qft_v1_000549,qft,benign,benign,1,0,4,qft
benign_qft_v1_000550,benign_qft_v1_000550,qft,benign,benign,1,1,0,qft
benign_qft_v1_000551,benign_qft_v1_000551,qft,benign,benign,3,1,4,qft
benign_qft_v1_000552,benign_qft_v1_000552,qft,benign,benign,3,1,1,qft
benign_qft_v1_000553,benign_qft_v1_000553,qft,benign,benign,2,1,2,qft
benign_qft_v1_000554,benign_qft_v1_000554,qft,benign,benign,0,4,0,qft
benign_qft_v1_000555,benign_qft_v1_000555,qft,benign,benign,2,0,1,qft
benign_qft_v1_000556,benign_qft_v1_000556,qft,benign,benign,4,0,2,qft
benign_qft_v1_000557,benign_qft_v1_000557,qft,benign,benign,0,2,0,qft
benign_qft_v1_000558,benign_qft_v1_000558,qft,benign,benign,4,2,0,qft
benign_qft_v1_000559,benign_qft_v1_000559,qft,benign,benign,3,2,2,qft
benign_qft_v1_000560,benign_qft_v1_000560,qft,benign,benign,1,0,2,qft
benign_qft_v1_000561,benign_qft_v1_000561,qft,benign,benign,4,2,1,qft
benign_qft_v1_000562,benign_qft_v1_000562,qft,benign,benign,0,3,3,qft
benign_qft_v1_000563,benign_qft_v1_000563,qft,benign,benign,2,3,2,qft
benign_qft_v1_000564,benign_qft_v1_000564,qft,benign,benign,3,3,4,qft
benign_qft_v1_000565,benign_qft_v1_000565,qft,benign,benign,2,4,4,qft
benign_qft_v1_000566,benign_qft_v1_000566,qft,benign,benign,2,3,1,qft
benign_qft_v1_000567,benign_qft_v1_000567,qft,benign,benign,1,2,0,qft
benign_qft_v1_000568,benign_qft_v1_000568,qft,benign,benign,3,3,4,qft
benign_qft_v1_000569,benign_qft_v1_000569,qft,benign,benign,2,0,2,qft
benign_qft_v1_000570,benign_qft_v1_000570,qft,benign,benign,0,2,1,qft
benign_qft_v1_000571,benign_qft_v1_000571,qft,benign,benign,1,2,0,qft
benign_qft_v1_000572,benign_qft_v1_000572,qft,benign,benign,2,4,0,qft
benign_qft_v1_000573,benign_qft_v1_000573,qft,benign,benign,1,4,0,qft
benign_qft_v1_000574,benign_qft_v1_000574,qft,benign,benign,3,4,4,qft
benign_qft_v1_000575,benign_qft_v1_000575,qft,benign,benign,1,4,1,qft
benign_qft_v1_000576,benign_qft_v1_000576,qft,benign,benign,3,0,0,qft
benign_qft_v1_000577,benign_qft_v1_000577,qft,benign,benign,2,3,2,qft
benign_qft_v1_000578,benign_qft_v1_000578,qft,benign,benign,3,1,2,qft
benign_qft_v1_000579,benign_qft_v1_000579,qft,benign,benign,3,3,3,qft
benign_qft_v1_000580,benign_qft_v1_000580,qft,benign,benign,1,4,1,qft
benign_qft_v1_000581,benign_qft_v1_000581,qft,benign,benign,4,1,3,qft
benign_qft_v1_000582,benign_qft_v1_000582,qft,benign,benign,0,0,2,qft
benign_qft_v1_000583,benign_qft_v1_000583,qft,benign,benign,2,3,3,qft
benign_qft_v1_000584,benign_qft_v1_000584,qft,benign,benign,4,3,4,qft
benign_qft_v1_000585,benign_qft_v1_000585,qft,benign,benign,1,4,1,qft
benign_qft_v1_000586,benign_qft_v1_000586,qft,benign,benign,3,0,4,qft
benign_qft_v1_000587,benign_qft_v1_000587,qft,benign,benign,2,1,2,qft
benign_qft_v1_000588,benign_qft_v1_000588,qft,benign,benign,0,3,1,qft
benign_qft_v1_000589,benign_qft_v1_000589,qft,benign,benign,2,2,4,qft
benign_qft_v1_000590,benign_qft_v1_000590,qft,benign,benign,3,2,2,qft
benign_qft_v1_000591,benign_qft_v1_000591,qft,benign,benign,3,3,3,qft
benign_qft_v1_000592,benign_qft_v1_000592,qft,benign,benign,2,2,1,qft
benign_qft_v1_000593,benign_qft_v1_000593,qft,benign,benign,3,0,3,qft
benign_qft_v1_000594,benign_qft_v1_000594,qft,benign,benign,4,4,2,qft
benign_qft_v1_000595,benign_qft_v1_000595,qft,benign,benign,4,1,0,qft
benign_qft_v1_000596,benign_qft_v1_000596,qft,benign,benign,0,2,1,qft
benign_qft_v1_000597,benign_qft_v1_000597,qft,benign,benign,4,1,0,qft
benign_qft_v1_000598,benign_qft_v1_000598,qft,benign,benign,2,3,3,qft
benign_qft_v1_000599,benign_qft_v1_000599,qft,benign,benign,1,4,1,qft
tampered_deutsch_jozsa_static_v1_000000,benign_deutsch_jozsa_v1_000000,deutsch_jozsa,tampered,static,1,1,0,deutsch_jozsa
tampered_deutsch_jozsa_static_v1_000001,benign_deutsch_jozsa_v1_000001,deutsch_jozsa,tampered,static,4,3,0,deutsch_jozsa
tampered_deutsch_jozsa_static_v1_000002,benign_deutsch_jozsa_v1_000002,deutsch_jozsa,tampered,static,2,4,1,deutsch_jozsa
tampered_deutsch_jozsa_static_v1_000003,benign_deutsch_jozsa_v1_000003,deutsch_jozsa,tampered,static,3,1,2,deutsch_jozsa
tampered_deutsch_jozsa_static_v1_000004,benign_deutsch_jozsa_v1_000004,deutsch_jozsa,tampered,static,4,0,2,deutsch_jozsa
tampered_deutsch_jozsa_static_v1_000005,benign_deutsch_jozsa_v1_000005,deutsch_jozsa,tampered,static,1,3,0,deutsch_jozsa
tampered_deutsch_jozsa_static_v1_000006,benign_deutsch_jozsa_v1_000006,deutsch_jozsa,tampered,static,3,1,2,deutsch_jozsa
tampered_deutsch_jozsa_static_v1_000007,benign_deutsch_jozsa_v1_000007,deutsch_jozsa,tampered,static,0,3,1,deutsch_jozsa
tampered_deutsch_jozsa_static_v1_000008,benign_deutsch_jozsa_v1_000008,deutsch_jozsa,tampered,static,2,3,0,deutsch_jozsa
tampered_deutsch_jozsa_static_v1_000009,benign_deutsch_jozsa_v1_000009,deutsch_jozsa,tampered,static,1,1,4,deutsch_jozsa
tampered_deutsch_jozsa_static_v1_000010,benign_deutsch_jozsa_v1_000010,deutsch_jozsa,tampered,static,2,2,2,deutsch_jozsa
tampered_deutsch_jozsa_static_v1_000011,benign_deutsch_jozsa_v1_000011,deutsch_jozsa,tampered,static,1,3,4,deutsch_jozsa
tampered_deutsch_jozsa_static_v1_000012,benign_deutsch_jozsa_v1_000012,deutsch_jozsa,tampered,static,3,0,2,deutsch_jozsa
tampered_deutsch_jozsa_static_v1_000013,benign_deutsch_jozsa_v1_000013,deutsch_jozsa,tampered,static,2,2,0,deutsch_jozsa
tampered_deutsch_jozsa_static_v1_000014,benign_deutsch_jozsa_v1_000014,deutsch_jozsa,tampered,static,1,4,2,deutsch_jozsa
tampered_deutsch_jozsa_static_v1_000015,benign_deutsch_jozsa_v1_000015,deutsch_jozsa,tampered,static,1,2,1,deutsch_jozsa
tampered_deutsch_jozsa_static_v1_000016,benign_deutsch_jozsa_v1_000016,deutsch_jozsa,tampered,static,3,3,2,deutsch_jozsa
tampered_deutsch_jozsa_static_v1_000017,benign_deutsch_jozsa_v1_000017,deutsch_jozsa,tampered,static,3,3,3,deutsch_jozsa
tampered_deutsch_jozsa_static_v1_000018,benign_deutsch_jozsa_v1_000018,deutsch_jozsa,tampered,static,1,0,1,deutsch_jozsa
tampered_deutsch_jozsa_static_v1_000019,benign_deutsch_jozsa_v1_000019,deutsch_jozsa,tampered,static,0,4,2,deutsch_jozsa
tampered_deutsch_jozsa_static_v1_000020,benign_deutsch_jozsa_v1_000020,deutsch_jozsa,tampered,static,3,2,1,deutsch_jozsa
tampered_deutsch_jozsa_static_v1_000021,benign_deutsch_jozsa_v1_000021,deutsch_jozsa,tampered,static,1,4,4,deutsch_jozsa
tampered_deutsch_jozsa_static_v1_000022,benign_deutsch_jozsa_v1_000022,deutsch_jozsa,tampered,static,3,4,3,deutsch_jozsa
tampered_deutsch_jozsa_static_v1_000023,benign_deutsch_jozsa_v1_000023,deutsch_jozsa,tampered,static,3,4,3,deutsch_jozsa
tampered_deutsch_jozsa_static_v1_000024,benign_deutsch_jozsa_v1_000024,deutsch_jozsa,tampered,static,4,4,0,deutsch_jozsa
tampered_deutsch_jozsa_static_v1_000025,benign_deutsch_jozsa_v1_000025,deutsch_jozsa,tampered,static,0,0,1,deutsch_jozsa
tampered_deutsch_jozsa_static_v1_000026,benign_deutsch_jozsa_v1_000026,deutsch_jozsa,tampered,static,4,3,1,deutsch_jozsa
tampered_deutsch_jozsa_static_v1_000027,benign_deutsch_jozsa_v1_000027,deutsch_jozsa,tampered,static,1,4,4,deutsch_jozsa
tampered_deutsch_jozsa_static_v1_000028,benign_deutsch_jozsa_v1_000028,deutsch_jozsa,tampered,static,0,3,1,deutsch_jozsa
tampered_deutsch_jozsa_static_v1_000029,benign_deutsch_jozsa_v1_000029,deutsch_jozsa,tampered,static,4,2,4,deutsch_jozsa
tampered_deutsch_jozsa_static_v1_000030,benign_deutsch_jozsa_v1_000030,deutsch_jozsa,tampered,static,0,2,0,deutsch_jozsa
tampered_deutsch_jozsa_static_v1_000031,benign_deutsch_jozsa_v1_000031,deutsch_jozsa,tampered,static,0,3,3,deutsch_jozsa
tampered_deutsch_jozsa_static_v1_000032,benign_deutsch_jozsa_v1_000032,deutsch_jozsa,tampered,static,2,1,1,deutsch_jozsa
tampered_deutsch_jozsa_static_v1_000033,benign_deutsch_jozsa_v1_000033,deutsch_jozsa,tampered,static,4,3,0,deutsch_jozsa
tampered_deutsch_jozsa_static_v1_000034,benign_deutsch_jozsa_v1_000034,deutsch_jozsa,tampered,static,1,3,3,deutsch_jozsa
tampered_deutsch_jozsa_static_v1_000035,benign_deutsch_jozsa_v1_000035,deutsch_jozsa,tampered,static,2,2,4,deutsch_jozsa
tampered_deutsch_jozsa_static_v1_000036,benign_deutsch_jozsa_v1_000036,deutsch_jozsa,tampered,static,3,2,2,deutsch_jozsa
tampered_deutsch_jozsa_static_v1_000037,benign_deutsch_jozsa_v1_000037,deutsch_jozsa,tampered,static,3,0,2,deutsch_jozsa
tampered_deutsch_jozsa_static_v1_000038,benign_deutsch_jozsa_v1_000038,deutsch_jozsa,tampered,static,0,2,3,deutsch_jozsa
tampered_deutsch_jozsa_static_v1_000039,benign_deutsch_jozsa_v1_000039,deutsch_jozsa,tampered,static,1,4,1,deutsch_jozsa
tampered_deutsch_jozsa_static_v1_000040,benign_deutsch_jozsa_v1_000040,deutsch_jozsa,tampered,static,4,4,0,deutsch_jozsa
tampered_deutsch_jozsa_static_v1_000041,benign_deutsch_jozsa_v1_000041,deutsch_jozsa,tampered,static,0,4,0,deutsch_jozsa
tampered_deutsch_jozsa_static_v1_000042,benign_deutsch_jozsa_v1_000042,deutsch_jozsa,tampered,static,4,0,3,deutsch_jozsa
tampered_deutsch_jozsa_static_v1_000043,benign_deutsch_jozsa_v1_000043,deutsch_jozsa,tampered,static,2,2,1,deutsch_jozsa
tampered_deutsch_jozsa_static_v1_000044,benign_deutsch_jozsa_v1_000044,deutsch_jozsa,tampered,static,1,4,0,deutsch_jozsa
tampered_deutsch_jozsa_static_v1_000045,benign_deutsch_jozsa_v1_000045,deutsch_jozsa,tampered,static,4,2,3,deutsch_jozsa
tampered_deutsch_jozsa_static_v1_000046,benign_deutsch_jozsa_v1_000046,deutsch_jozsa,tampered,static,4,3,0,deutsch_jozsa
tampered_deutsch_jozsa_static_v1_000047,benign_deutsch_jozsa_v1_000047,deutsch_jozsa,tampered,static,2,0,3,deutsch_jozsa
tampered_deutsch_jozsa_static_v1_000048,benign_deutsch_jozsa_v1_000048,deutsch_jozsa,tampered,static,3,0,2,deutsch_jozsa
tampered_deutsch_jozsa_static_v1_000049,benign_deutsch_jozsa_v1_000049,deutsch_jozsa,tampered,static,2,2,4,deutsch_jozsa
tampered_deutsch_jozsa_static_v1_000050,benign_deutsch_jozsa_v1_000050,deutsch_jozsa,tampered,static,1,4,1,deutsch_jozsa
tampered_deutsch_jozsa_static_v1_000051,benign_deutsch_jozsa_v1_000051,deutsch_jozsa,tampered,static,3,0,1,deutsch_jozsa
tampered_deutsch_jozsa_static_v1_000052,benign_deutsch_jozsa_v1_000052,deutsch_jozsa,tampered,static,2,2,1,deutsch_jozsa
tampered_deutsch_jozsa_static_v1_000053,benign_deutsch_jozsa_v1_000053,deutsch_jozsa,tampered,static,1,3,1,deutsch_jozsa
tampered_deutsch_jozsa_static_v1_000054,benign_deutsch_jozsa_v1_000054,deutsch_jozsa,tampered,static,4,2,0,deutsch_jozsa
tampered_deutsch_jozsa_static_v1_000055,benign_deutsch_jozsa_v1_000055,deutsch_jozsa,tampered,static,0,0,4,deutsch_jozsa
tampered_deutsch_jozsa_static_v1_000056,benign_deutsch_jozsa_v1_000056,deutsch_jozsa,tampered,static,4,0,4,deutsch_jozsa
tampered_deutsch_jozsa_static_v1_000057,benign_deutsch_jozsa_v1_000057,deutsch_jozsa,tampered,static,4,2,2,deutsch_jozsa
tampered_deutsch_jozsa_static_v1_000058,benign_deutsch_jozsa_v1_000058,deutsch_jozsa,tampered,static,0,2,2,deutsch_jozsa
tampered_deutsch_jozsa_static_v1_000059,benign_deutsch_jozsa_v1_000059,deutsch_jozsa,tampered,static,0,3,0,deutsch_jozsa
tampered_deutsch_jozsa_static_v1_000060,benign_deutsch_jozsa_v1_000060,deutsch_jozsa,tampered,static,4,1,4,deutsch_jozsa
tampered_deutsch_jozsa_static_v1_000061,benign_deutsch_jozsa_v1_000061,deutsch_jozsa,tampered,static,2,2,4,deutsch_jozsa
tampered_deutsch_jozsa_static_v1_000062,benign_deutsch_jozsa_v1_000062,deutsch_jozsa,tampered,static,3,3,2,deutsch_jozsa
tampered_deutsch_jozsa_static_v1_000063,benign_deutsch_jozsa_v1_000063,deutsch_jozsa,tampered,static,2,1,2,deutsch_jozsa
tampered_deutsch_jozsa_static_v1_000064,benign_deutsch_jozsa_v1_000064,deutsch_jozsa,tampered,static,3,3,3,deutsch_jozsa
tampered_deutsch_jozsa_static_v1_000065,benign_deutsch_jozsa_v1_000065,deutsch_jozsa,tampered,static,2,1,3,deutsch_jozsa
tampered_deutsch_jozsa_static_v1_000066,benign_deutsch_jozsa_v1_000066,deutsch_jozsa,tampered,static,3,1,4,deutsch_jozsa
tampered_deutsch_jozsa_static_v1_000067,benign_deutsch_jozsa_v1_000067,deutsch_jozsa,tampered,static,2,4,1,deutsch_jozsa
tampered_deutsch_jozsa_static_v1_000068,benign_deutsch_jozsa_v1_000068,deutsch_jozsa,tampered,static,0,4,0,deutsch_jozsa
tampered_deutsch_jozsa_static_v1_000069,benign_deutsch_jozsa_v1_000069,deutsch_jozsa,tampered,static,1,4,1,deutsch_jozsa
tampered_deutsch_jozsa_static_v1_000070,benign_deutsch_jozsa_v1_000070,deutsch_jozsa,tampered,static,0,1,2,deutsch_jozsa
tampered_deutsch_jozsa_static_v1_000071,benign_deutsch_jozsa_v1_000071,deutsch_jozsa,tampered,static,0,0,2,deutsch_jozsa
tampered_deutsch_jozsa_static_v1_000072,benign_deutsch_jozsa_v1_000072,deutsch_jozsa,tampered,static,1,1,3,deutsch_jozsa
tampered_deutsch_jozsa_static_v1_000073,benign_deutsch_jozsa_v1_000073,deutsch_jozsa,tampered,static,2,3,0,deutsch_jozsa
tampered_deutsch_jozsa_static_v1_000074,benign_deutsch_jozsa_v1_000074,deutsch_jozsa,tampered,static,1,2,4,deutsch_jozsa
tampered_deutsch_jozsa_static_v1_000075,benign_deutsch_jozsa_v1_000075,deutsch_jozsa,tampered,static,0,4,2,deutsch_jozsa
tampered_deutsch_jozsa_static_v1_000076,benign_deutsch_jozsa_v1_000076,deutsch_jozsa,tampered,static,1,4,1,deutsch_jozsa
tampered_deutsch_jozsa_static_v1_000077,benign_deutsch_jozsa_v1_000077,deutsch_jozsa,tampered,static,2,2,0,deutsch_jozsa
tampered_deutsch_jozsa_static_v1_000078,benign_deutsch_jozsa_v1_000078,deutsch_jozsa,tampered,static,2,2,4,deutsch_jozsa
tampered_deutsch_jozsa_static_v1_000079,benign_deutsch_jozsa_v1_000079,deutsch_jozsa,tampered,static,3,3,1,deutsch_jozsa
tampered_deutsch_jozsa_static_v1_000080,benign_deutsch_jozsa_v1_000080,deutsch_jozsa,tampered,static,3,0,0,deutsch_jozsa
tampered_deutsch_jozsa_static_v1_000081,benign_deutsch_jozsa_v1_000081,deutsch_jozsa,tampered,static,2,1,0,deutsch_jozsa
tampered_deutsch_jozsa_static_v1_000082,benign_deutsch_jozsa_v1_000082,deutsch_jozsa,tampered,static,0,4,4,deutsch_jozsa
tampered_deutsch_jozsa_static_v1_000083,benign_deutsch_jozsa_v1_000083,deutsch_jozsa,tampered,static,0,3,4,deutsch_jozsa
tampered_deutsch_jozsa_static_v1_000084,benign_deutsch_jozsa_v1_000084,deutsch_jozsa,tampered,static,2,4,4,deutsch_jozsa
tampered_deutsch_jozsa_static_v1_000085,benign_deutsch_jozsa_v1_000085,deutsch_jozsa,tampered,static,2,1,2,deutsch_jozsa
tampered_deutsch_jozsa_static_v1_000086,benign_deutsch_jozsa_v1_000086,deutsch_jozsa,tampered,static,3,1,3,deutsch_jozsa
tampered_deutsch_jozsa_static_v1_000087,benign_deutsch_jozsa_v1_000087,deutsch_jozsa,tampered,static,2,3,2,deutsch_jozsa
tampered_deutsch_jozsa_static_v1_000088,benign_deutsch_jozsa_v1_000088,deutsch_jozsa,tampered,static,3,3,1,deutsch_jozsa
tampered_deutsch_jozsa_static_v1_000089,benign_deutsch_jozsa_v1_000089,deutsch_jozsa,tampered,static,3,2,4,deutsch_jozsa
tampered_deutsch_jozsa_static_v1_000090,benign_deutsch_jozsa_v1_000090,deutsch_jozsa,tampered,static,1,2,1,deutsch_jozsa
tampered_deutsch_jozsa_static_v1_000091,benign_deutsch_jozsa_v1_000091,deutsch_jozsa,tampered,static,1,1,3,deutsch_jozsa
tampered_deutsch_jozsa_static_v1_000092,benign_deutsch_jozsa_v1_000092,deutsch_jozsa,tampered,static,1,0,1,deutsch_jozsa
tampered_deutsch_jozsa_static_v1_000093,benign_deutsch_jozsa_v1_000093,deutsch_jozsa,tampered,static,0,0,4,deutsch_jozsa
tampered_deutsch_jozsa_static_v1_000094,benign_deutsch_jozsa_v1_000094,deutsch_jozsa,tampered,static,4,0,4,deutsch_jozsa
tampered_deutsch_jozsa_static_v1_000095,benign_deutsch_jozsa_v1_000095,deutsch_jozsa,tampered,static,3,4,3,deutsch_jozsa
tampered_deutsch_jozsa_static_v1_000096,benign_deutsch_jozsa_v1_000096,deutsch_jozsa,tampered,static,0,4,1,deutsch_jozsa
tampered_deutsch_jozsa_static_v1_000097,benign_deutsch_jozsa_v1_000097,deutsch_jozsa,tampered,static,3,2,2,deutsch_jozsa
tampered_deutsch_jozsa_static_v1_000098,benign_deutsch_jozsa_v1_000098,deutsch_jozsa,tampered,static,1,4,1,deutsch_jozsa
tampered_deutsch_jozsa_static_v1_000099,benign_deutsch_jozsa_v1_000099,deutsch_jozsa,tampered,static,1,0,3,deutsch_jozsa
tampered_deutsch_jozsa_static_v1_000100,benign_deutsch_jozsa_v1_000100,deutsch_jozsa,tampered,static,3,0,4,deutsch_jozsa
tampered_deutsch_jozsa_static_v1_000101,benign_deutsch_jozsa_v1_000101,deutsch_jozsa,tampered,static,4,0,0,deutsch_jozsa
tampered_deutsch_jozsa_static_v1_000102,benign_deutsch_jozsa_v1_000102,deutsch_jozsa,tampered,static,0,0,3,deutsch_jozsa
tampered_deutsch_jozsa_static_v1_000103,benign_deutsch_jozsa_v1_000103,deutsch_jozsa,tampered,static,0,3,0,deutsch_jozsa
tampered_deutsch_jozsa_static_v1_000104,benign_deutsch_jozsa_v1_000104,deutsch_jozsa,tampered,static,0,4,2,deutsch_jozsa
tampered_deutsch_jozsa_static_v1_000105,benign_deutsch_jozsa_v1_000105,deutsch_jozsa,tampered,static,0,0,1,deutsch_jozsa
tampered_deutsch_jozsa_static_v1_000106,benign_deutsch_jozsa_v1_000106,deutsch_jozsa,tampered,static,0,4,2,deutsch_jozsa
tampered_deutsch_jozsa_static_v1_000107,benign_deutsch_jozsa_v1_000107,deutsch_jozsa,tampered,static,4,3,1,deutsch_jozsa
tampered_deutsch_jozsa_static_v1_000108,benign_deutsch_jozsa_v1_000108,deutsch_jozsa,tampered,static,4,1,2,deutsch_jozsa
tampered_deutsch_jozsa_static_v1_000109,benign_deutsch_jozsa_v1_000109,deutsch_jozsa,tampered,static,0,0,3,deutsch_jozsa
tampered_deutsch_jozsa_static_v1_000110,benign_deutsch_jozsa_v1_000110,deutsch_jozsa,tampered,static,0,4,3,deutsch_jozsa
tampered_deutsch_jozsa_static_v1_000111,benign_deutsch_jozsa_v1_000111,deutsch_jozsa,tampered,static,3,3,1,deutsch_jozsa
tampered_deutsch_jozsa_static_v1_000112,benign_deutsch_jozsa_v1_000112,deutsch_jozsa,tampered,static,1,3,0,deutsch_jozsa
tampered_deutsch_jozsa_static_v1_000113,benign_deutsch_jozsa_v1_000113,deutsch_jozsa,tampered,static,3,4,3,deutsch_jozsa
tampered_deutsch_jozsa_static_v1_000114,benign_deutsch_jozsa_v1_000114,deutsch_jozsa,tampered,static,0,1,4,deutsch_jozsa
tampered_deutsch_jozsa_static_v1_000115,benign_deutsch_jozsa_v1_000115,deutsch_jozsa,tampered,static,0,0,0,deutsch_jozsa
tampered_deutsch_jozsa_static_v1_000116,benign_deutsch_jozsa_v1_000116,deutsch_jozsa,tampered,static,2,1,1,deutsch_jozsa
tampered_deutsch_jozsa_static_v1_000117,benign_deutsch_jozsa_v1_000117,deutsch_jozsa,tampered,static,2,2,1,deutsch_jozsa
tampered_deutsch_jozsa_static_v1_000118,benign_deutsch_jozsa_v1_000118,deutsch_jozsa,tampered,static,0,4,2,deutsch_jozsa
tampered_deutsch_jozsa_static_v1_000119,benign_deutsch_jozsa_v1_000119,deutsch_jozsa,tampered,static,0,2,4,deutsch_jozsa
tampered_deutsch_jozsa_static_v1_000120,benign_deutsch_jozsa_v1_000120,deutsch_jozsa,tampered,static,4,2,1,deutsch_jozsa
tampered_deutsch_jozsa_static_v1_000121,benign_deutsch_jozsa_v1_000121,deutsch_jozsa,tampered,static,2,1,4,deutsch_jozsa
tampered_deutsch_jozsa_static_v1_000122,benign_deutsch_jozsa_v1_000122,deutsch_jozsa,tampered,static,3,3,2,deutsch_jozsa
tampered_deutsch_jozsa_static_v1_000123,benign_deutsch_jozsa_v1_000123,deutsch_jozsa,tampered,static,4,4,3,deutsch_jozsa
tampered_deutsch_jozsa_static_v1_000124,benign_deutsch_jozsa_v1_000124,deutsch_jozsa,tampered,static,0,0,3,deutsch_jozsa
tampered_deutsch_jozsa_static_v1_000125,benign_deutsch_jozsa_v1_000125,deutsch_jozsa,tampered,static,4,2,0,deutsch_jozsa
tampered_deutsch_jozsa_static_v1_000126,benign_deutsch_jozsa_v1_000126,deutsch_jozsa,tampered,static,4,1,4,deutsch_jozsa
tampered_deutsch_jozsa_static_v1_000127,benign_deutsch_jozsa_v1_000127,deutsch_jozsa,tampered,static,1,1,0,deutsch_jozsa
tampered_deutsch_jozsa_static_v1_000128,benign_deutsch_jozsa_v1_000128,deutsch_jozsa,tampered,static,3,1,1,deutsch_jozsa
tampered_deutsch_jozsa_static_v1_000129,benign_deutsch_jozsa_v1_000129,deutsch_jozsa,tampered,static,2,4,3,deutsch_jozsa
tampered_deutsch_jozsa_static_v1_000130,benign_deutsch_jozsa_v1_000130,deutsch_jozsa,tampered,static,4,1,4,deutsch_jozsa
tampered_deutsch_jozsa_static_v1_000131,benign_deutsch_jozsa_v1_000131,deutsch_jozsa,tampered,static,3,0,1,deutsch_jozsa
tampered_deutsch_jozsa_static_v1_000132,benign_deutsch_jozsa_v1_000132,deutsch_jozsa,tampered,static,1,2,2,deutsch_jozsa
tampered_deutsch_jozsa_static_v1_000133,benign_deutsch_jozsa_v1_000133,deutsch_jozsa,tampered,static,4,2,4,deutsch_jozsa
tampered_deutsch_jozsa_static_v1_000134,benign_deutsch_jozsa_v1_000134,deutsch_jozsa,tampered,static,2,1,4,deutsch_jozsa
tampered_deutsch_jozsa_static_v1_000135,benign_deutsch_jozsa_v1_000135,deutsch_jozsa,tampered,static,3,4,0,deutsch_jozsa
tampered_deutsch_jozsa_static_v1_000136,benign_deutsch_jozsa_v1_000136,deutsch_jozsa,tampered,static,1,1,2,deutsch_jozsa
tampered_deutsch_jozsa_static_v1_000137,benign_deutsch_jozsa_v1_000137,deutsch_jozsa,tampered,static,0,1,4,deutsch_jozsa
tampered_deutsch_jozsa_static_v1_000138,benign_deutsch_jozsa_v1_000138,deutsch_jozsa,tampered,static,1,2,0,deutsch_jozsa
tampered_deutsch_jozsa_static_v1_000139,benign_deutsch_jozsa_v1_000139,deutsch_jozsa,tampered,static,4,2,2,deutsch_jozsa
tampered_deutsch_jozsa_static_v1_000140,benign_deutsch_jozsa_v1_000140,deutsch_jozsa,tampered,static,0,1,3,deutsch_jozsa
tampered_deutsch_jozsa_static_v1_000141,benign_deutsch_jozsa_v1_000141,deutsch_jozsa,tampered,static,4,4,2,deutsch_jozsa
tampered_deutsch_jozsa_static_v1_000142,benign_deutsch_jozsa_v1_000142,deutsch_jozsa,tampered,static,2,1,4,deutsch_jozsa
tampered_deutsch_jozsa_static_v1_000143,benign_deutsch_jozsa_v1_000143,deutsch_jozsa,tampered,static,2,4,3,deutsch_jozsa
tampered_deutsch_jozsa_static_v1_000144,benign_deutsch_jozsa_v1_000144,deutsch_jozsa,tampered,static,0,0,3,deutsch_jozsa
tampered_deutsch_jozsa_static_v1_000145,benign_deutsch_jozsa_v1_000145,deutsch_jozsa,tampered,static,1,2,3,deutsch_jozsa
tampered_deutsch_jozsa_static_v1_000146,benign_deutsch_jozsa_v1_000146,deutsch_jozsa,tampered,static,0,2,3,deutsch_jozsa
tampered_deutsch_jozsa_static_v1_000147,benign_deutsch_jozsa_v1_000147,deutsch_jozsa,tampered,static,4,3,0,deutsch_jozsa
tampered_deutsch_jozsa_static_v1_000148,benign_deutsch_jozsa_v1_000148,deutsch_jozsa,tampered,static,2,2,3,deutsch_jozsa
tampered_deutsch_jozsa_static_v1_000149,benign_deutsch_jozsa_v1_000149,deutsch_jozsa,tampered,static,3,0,3,deutsch_jozsa
tampered_deutsch_jozsa_static_v1_000150,benign_deutsch_jozsa_v1_000150,deutsch_jozsa,tampered,static,0,3,4,deutsch_jozsa
tampered_deutsch_jozsa_static_v1_000151,benign_deutsch_jozsa_v1_000151,deutsch_jozsa,tampered,static,2,1,3,deutsch_jozsa
tampered_deutsch_jozsa_static_v1_000152,benign_deutsch_jozsa_v1_000152,deutsch_jozsa,tampered,static,1,2,4,deutsch_jozsa
tampered_deutsch_jozsa_static_v1_000153,benign_deutsch_jozsa_v1_000153,deutsch_jozsa,tampered,static,1,3,4,deutsch_jozsa
tampered_deutsch_jozsa_static_v1_000154,benign_deutsch_jozsa_v1_000154,deutsch_jozsa,tampered,static,2,1,2,deutsch_jozsa
tampered_deutsch_jozsa_static_v1_000155,benign_deutsch_jozsa_v1_000155,deutsch_jozsa,tampered,static,1,1,0,deutsch_jozsa
tampered_deutsch_jozsa_static_v1_000156,benign_deutsch_jozsa_v1_000156,deutsch_jozsa,tampered,static,3,4,2,deutsch_jozsa
tampered_deutsch_jozsa_static_v1_000157,benign_deutsch_jozsa_v1_000157,deutsch_jozsa,tampered,static,1,1,3,deutsch_jozsa
tampered_deutsch_jozsa_static_v1_000158,benign_deutsch_jozsa_v1_000158,deutsch_jozsa,tampered,static,4,1,2,deutsch_jozsa
tampered_deutsch_jozsa_static_v1_000159,benign_deutsch_jozsa_v1_000159,deutsch_jozsa,tampered,static,3,3,2,deutsch_jozsa
tampered_deutsch_jozsa_static_v1_000160,benign_deutsch_jozsa_v1_000160,deutsch_jozsa,tampered,static,2,0,0,deutsch_jozsa
tampered_deutsch_jozsa_static_v1_000161,benign_deutsch_jozsa_v1_000161,deutsch_jozsa,tampered,static,2,0,1,deutsch_jozsa
tampered_deutsch_jozsa_static_v1_000162,benign_deutsch_jozsa_v1_000162,deutsch_jozsa,tampered,static,1,1,2,deutsch_jozsa
tampered_deutsch_jozsa_static_v1_000163,benign_deutsch_jozsa_v1_000163,deutsch_jozsa,tampered,static,0,3,4,deutsch_jozsa
tampered_deutsch_jozsa_static_v1_000164,benign_deutsch_jozsa_v1_000164,deutsch_jozsa,tampered,static,1,2,3,deutsch_jozsa
tampered_deutsch_jozsa_static_v1_000165,benign_deutsch_jozsa_v1_000165,deutsch_jozsa,tampered,static,3,4,3,deutsch_jozsa
tampered_deutsch_jozsa_static_v1_000166,benign_deutsch_jozsa_v1_000166,deutsch_jozsa,tampered,static,4,1,3,deutsch_jozsa
tampered_deutsch_jozsa_static_v1_000167,benign_deutsch_jozsa_v1_000167,deutsch_jozsa,tampered,static,0,1,0,deutsch_jozsa
tampered_deutsch_jozsa_static_v1_000168,benign_deutsch_jozsa_v1_000168,deutsch_jozsa,tampered,static,3,0,0,deutsch_jozsa
tampered_deutsch_jozsa_static_v1_000169,benign_deutsch_jozsa_v1_000169,deutsch_jozsa,tampered,static,1,4,4,deutsch_jozsa
tampered_deutsch_jozsa_static_v1_000170,benign_deutsch_jozsa_v1_000170,deutsch_jozsa,tampered,static,4,4,1,deutsch_jozsa
tampered_deutsch_jozsa_static_v1_000171,benign_deutsch_jozsa_v1_000171,deutsch_jozsa,tampered,static,4,1,2,deutsch_jozsa
tampered_deutsch_jozsa_static_v1_000172,benign_deutsch_jozsa_v1_000172,deutsch_jozsa,tampered,static,3,2,4,deutsch_jozsa
tampered_deutsch_jozsa_static_v1_000173,benign_deutsch_jozsa_v1_000173,deutsch_jozsa,tampered,static,2,3,1,deutsch_jozsa
tampered_deutsch_jozsa_static_v1_000174,benign_deutsch_jozsa_v1_000174,deutsch_jozsa,tampered,static,3,3,1,deutsch_jozsa
tampered_deutsch_jozsa_static_v1_000175,benign_deutsch_jozsa_v1_000175,deutsch_jozsa,tampered,static,4,4,0,deutsch_jozsa
tampered_deutsch_jozsa_static_v1_000176,benign_deutsch_jozsa_v1_000176,deutsch_jozsa,tampered,static,0,0,4,deutsch_jozsa
tampered_deutsch_jozsa_static_v1_000177,benign_deutsch_jozsa_v1_000177,deutsch_jozsa,tampered,static,0,0,4,deutsch_jozsa
tampered_deutsch_jozsa_static_v1_000178,benign_deutsch_jozsa_v1_000178,deutsch_jozsa,tampered,static,0,4,1,deutsch_jozsa
tampered_deutsch_jozsa_static_v1_000179,benign_deutsch_jozsa_v1_000179,deutsch_jozsa,tampered,static,1,0,3,deutsch_jozsa
tampered_deutsch_jozsa_static_v1_000180,benign_deutsch_jozsa_v1_000180,deutsch_jozsa,tampered,static,4,4,1,deutsch_jozsa
tampered_deutsch_jozsa_static_v1_000181,benign_deutsch_jozsa_v1_000181,deutsch_jozsa,tampered,static,0,4,0,deutsch_jozsa
tampered_deutsch_jozsa_static_v1_000182,benign_deutsch_jozsa_v1_000182,deutsch_jozsa,tampered,static,2,2,1,deutsch_jozsa
tampered_deutsch_jozsa_static_v1_000183,benign_deutsch_jozsa_v1_000183,deutsch_jozsa,tampered,static,1,1,3,deutsch_jozsa
tampered_deutsch_jozsa_static_v1_000184,benign_deutsch_jozsa_v1_000184,deutsch_jozsa,tampered,static,0,1,0,deutsch_jozsa
tampered_deutsch_jozsa_static_v1_000185,benign_deutsch_jozsa_v1_000185,deutsch_jozsa,tampered,static,4,3,2,deutsch_jozsa
tampered_deutsch_jozsa_static_v1_000186,benign_deutsch_jozsa_v1_000186,deutsch_jozsa,tampered,static,3,1,1,deutsch_jozsa
tampered_deutsch_jozsa_static_v1_000187,benign_deutsch_jozsa_v1_000187,deutsch_jozsa,tampered,static,4,4,1,deutsch_jozsa
tampered_deutsch_jozsa_static_v1_000188,benign_deutsch_jozsa_v1_000188,deutsch_jozsa,tampered,static,4,4,3,deutsch_jozsa
tampered_deutsch_jozsa_static_v1_000189,benign_deutsch_jozsa_v1_000189,deutsch_jozsa,tampered,static,1,3,0,deutsch_jozsa
tampered_deutsch_jozsa_static_v1_000190,benign_deutsch_jozsa_v1_000190,deutsch_jozsa,tampered,static,4,2,2,deutsch_jozsa
tampered_deutsch_jozsa_static_v1_000191,benign_deutsch_jozsa_v1_000191,deutsch_jozsa,tampered,static,3,1,1,deutsch_jozsa
tampered_deutsch_jozsa_static_v1_000192,benign_deutsch_jozsa_v1_000192,deutsch_jozsa,tampered,static,4,3,3,deutsch_jozsa
tampered_deutsch_jozsa_static_v1_000193,benign_deutsch_jozsa_v1_000193,deutsch_jozsa,tampered,static,3,0,3,deutsch_jozsa
tampered_deutsch_jozsa_static_v1_000194,benign_deutsch_jozsa_v1_000194,deutsch_jozsa,tampered,static,2,0,3,deutsch_jozsa
tampered_deutsch_jozsa_static_v1_000195,benign_deutsch_jozsa_v1_000195,deutsch_jozsa,tampered,static,1,1,2,deutsch_jozsa
tampered_deutsch_jozsa_static_v1_000196,benign_deutsch_jozsa_v1_000196,deutsch_jozsa,tampered,static,4,3,0,deutsch_jozsa
tampered_deutsch_jozsa_static_v1_000197,benign_deutsch_jozsa_v1_000197,deutsch_jozsa,tampered,static,1,0,2,deutsch_jozsa
tampered_deutsch_jozsa_static_v1_000198,benign_deutsch_jozsa_v1_000198,deutsch_jozsa,tampered,static,3,1,2,deutsch_jozsa
tampered_deutsch_jozsa_static_v1_000199,benign_deutsch_jozsa_v1_000199,deutsch_jozsa,tampered,static,0,2,4,deutsch_jozsa
tampered_deutsch_jozsa_static_v1_000200,benign_deutsch_jozsa_v1_000200,deutsch_jozsa,tampered,static,4,0,2,deutsch_jozsa
tampered_deutsch_jozsa_static_v1_000201,benign_deutsch_jozsa_v1_000201,deutsch_jozsa,tampered,static,0,4,4,deutsch_jozsa
tampered_deutsch_jozsa_static_v1_000202,benign_deutsch_jozsa_v1_000202,deutsch_jozsa,tampered,static,2,1,3,deutsch_jozsa
tampered_deutsch_jozsa_static_v1_000203,benign_deutsch_jozsa_v1_000203,deutsch_jozsa,tampered,static,0,3,4,deutsch_jozsa
tampered_deutsch_jozsa_static_v1_000204,benign_deutsch_jozsa_v1_000204,deutsch_jozsa,tampered,static,4,2,2,deutsch_jozsa
tampered_deutsch_jozsa_static_v1_000205,benign_deutsch_jozsa_v1_000205,deutsch_jozsa,tampered,static,3,4,2,deutsch_jozsa
tampered_deutsch_jozsa_static_v1_000206,benign_deutsch_jozsa_v1_000206,deutsch_jozsa,tampered,static,1,4,1,deutsch_jozsa
tampered_deutsch_jozsa_static_v1_000207,benign_deutsch_jozsa_v1_000207,deutsch_jozsa,tampered,static,0,0,0,deutsch_jozsa
tampered_deutsch_jozsa_static_v1_000208,benign_deutsch_jozsa_v1_000208,deutsch_jozsa,tampered,static,0,2,1,deutsch_jozsa
tampered_deutsch_jozsa_static_v1_000209,benign_deutsch_jozsa_v1_000209,deutsch_jozsa,tampered,static,2,0,1,deutsch_jozsa
tampered_deutsch_jozsa_static_v1_000210,benign_deutsch_jozsa_v1_000210,deutsch_jozsa,tampered,static,0,3,2,deutsch_jozsa
tampered_deutsch_jozsa_static_v1_000211,benign_deutsch_jozsa_v1_000211,deutsch_jozsa,tampered,static,1,1,1,deutsch_jozsa
tampered_deutsch_jozsa_static_v1_000212,benign_deutsch_jozsa_v1_000212,deutsch_jozsa,tampered,static,3,3,0,deutsch_jozsa
tampered_deutsch_jozsa_static_v1_000213,benign_deutsch_jozsa_v1_000213,deutsch_jozsa,tampered,static,4,0,0,deutsch_jozsa
tampered_deutsch_jozsa_static_v1_000214,benign_deutsch_jozsa_v1_000214,deutsch_jozsa,tampered,static,2,4,0,deutsch_jozsa
tampered_deutsch_jozsa_static_v1_000215,benign_deutsch_jozsa_v1_000215,deutsch_jozsa,tampered,static,1,1,0,deutsch_jozsa
tampered_deutsch_jozsa_static_v1_000216,benign_deutsch_jozsa_v1_000216,deutsch_jozsa,tampered,static,3,3,0,deutsch_jozsa
tampered_deutsch_jozsa_static_v1_000217,benign_deutsch_jozsa_v1_000217,deutsch_jozsa,tampered,static,2,2,2,deutsch_jozsa
tampered_deutsch_jozsa_static_v1_000218,benign_deutsch_jozsa_v1_000218,deutsch_jozsa,tampered,static,2,0,2,deutsch_jozsa
tampered_deutsch_jozsa_static_v1_000219,benign_deutsch_jozsa_v1_000219,deutsch_jozsa,tampered,static,2,4,3,deutsch_jozsa
tampered_deutsch_jozsa_static_v1_000220,benign_deutsch_jozsa_v1_000220,deutsch_jozsa,tampered,static,2,1,2,deutsch_jozsa
tampered_deutsch_jozsa_static_v1_000221,benign_deutsch_jozsa_v1_000221,deutsch_jozsa,tampered,static,4,0,0,deutsch_jozsa
tampered_deutsch_jozsa_static_v1_000222,benign_deutsch_jozsa_v1_000222,deutsch_jozsa,tampered,static,0,2,0,deutsch_jozsa
tampered_deutsch_jozsa_static_v1_000223,benign_deutsch_jozsa_v1_000223,deutsch_jozsa,tampered,static,1,3,3,deutsch_jozsa
tampered_deutsch_jozsa_static_v1_000224,benign_deutsch_jozsa_v1_000224,deutsch_jozsa,tampered,static,2,1,1,deutsch_jozsa
tampered_deutsch_jozsa_static_v1_000225,benign_deutsch_jozsa_v1_000225,deutsch_jozsa,tampered,static,3,4,2,deutsch_jozsa
tampered_deutsch_jozsa_static_v1_000226,benign_deutsch_jozsa_v1_000226,deutsch_jozsa,tampered,static,4,4,1,deutsch_jozsa
tampered_deutsch_jozsa_static_v1_000227,benign_deutsch_jozsa_v1_000227,deutsch_jozsa,tampered,static,1,0,2,deutsch_jozsa
tampered_deutsch_jozsa_static_v1_000228,benign_deutsch_jozsa_v1_000228,deutsch_jozsa,tampered,static,2,0,3,deutsch_jozsa
tampered_deutsch_jozsa_static_v1_000229,benign_deutsch_jozsa_v1_000229,deutsch_jozsa,tampered,static,1,1,4,deutsch_jozsa
tampered_deutsch_jozsa_static_v1_000230,benign_deutsch_jozsa_v1_000230,deutsch_jozsa,tampered,static,4,1,3,deutsch_jozsa
tampered_deutsch_jozsa_static_v1_000231,benign_deutsch_jozsa_v1_000231,deutsch_jozsa,tampered,static,2,0,0,deutsch_jozsa
tampered_deutsch_jozsa_static_v1_000232,benign_deutsch_jozsa_v1_000232,deutsch_jozsa,tampered,static,4,0,0,deutsch_jozsa
tampered_deutsch_jozsa_static_v1_000233,benign_deutsch_jozsa_v1_000233,deutsch_jozsa,tampered,static,4,4,2,deutsch_jozsa
tampered_deutsch_jozsa_static_v1_000234,benign_deutsch_jozsa_v1_000234,deutsch_jozsa,tampered,static,3,2,4,deutsch_jozsa
tampered_deutsch_jozsa_static_v1_000235,benign_deutsch_jozsa_v1_000235,deutsch_jozsa,tampered,static,1,0,4,deutsch_jozsa
tampered_deutsch_jozsa_static_v1_000236,benign_deutsch_jozsa_v1_000236,deutsch_jozsa,tampered,static,2,0,2,deutsch_jozsa
tampered_deutsch_jozsa_static_v1_000237,benign_deutsch_jozsa_v1_000237,deutsch_jozsa,tampered,static,0,0,1,deutsch_jozsa
tampered_deutsch_jozsa_static_v1_000238,benign_deutsch_jozsa_v1_000238,deutsch_jozsa,tampered,static,0,4,1,deutsch_jozsa
tampered_deutsch_jozsa_static_v1_000239,benign_deutsch_jozsa_v1_000239,deutsch_jozsa,tampered,static,4,1,2,deutsch_jozsa
tampered_deutsch_jozsa_static_v1_000240,benign_deutsch_jozsa_v1_000240,deutsch_jozsa,tampered,static,1,2,2,deutsch_jozsa
tampered_deutsch_jozsa_static_v1_000241,benign_deutsch_jozsa_v1_000241,deutsch_jozsa,tampered,static,1,3,0,deutsch_jozsa
tampered_deutsch_jozsa_static_v1_000242,benign_deutsch_jozsa_v1_000242,deutsch_jozsa,tampered,static,4,0,1,deutsch_jozsa
tampered_deutsch_jozsa_static_v1_000243,benign_deutsch_jozsa_v1_000243,deutsch_jozsa,tampered,static,1,1,0,deutsch_jozsa
tampered_deutsch_jozsa_static_v1_000244,benign_deutsch_jozsa_v1_000244,deutsch_jozsa,tampered,static,3,3,2,deutsch_jozsa
tampered_deutsch_jozsa_static_v1_000245,benign_deutsch_jozsa_v1_000245,deutsch_jozsa,tampered,static,0,2,1,deutsch_jozsa
tampered_deutsch_jozsa_static_v1_000246,benign_deutsch_jozsa_v1_000246,deutsch_jozsa,tampered,static,2,3,3,deutsch_jozsa
tampered_deutsch_jozsa_static_v1_000247,benign_deutsch_jozsa_v1_000247,deutsch_jozsa,tampered,static,0,3,0,deutsch_jozsa
tampered_deutsch_jozsa_static_v1_000248,benign_deutsch_jozsa_v1_000248,deutsch_jozsa,tampered,static,1,1,3,deutsch_jozsa
tampered_deutsch_jozsa_static_v1_000249,benign_deutsch_jozsa_v1_000249,deutsch_jozsa,tampered,static,1,3,2,deutsch_jozsa
tampered_deutsch_jozsa_static_v1_000250,benign_deutsch_jozsa_v1_000250,deutsch_jozsa,tampered,static,2,2,2,deutsch_jozsa
tampered_deutsch_jozsa_static_v1_000251,benign_deutsch_jozsa_v1_000251,deutsch_jozsa,tampered,static,2,4,0,deutsch_jozsa
tampered_deutsch_jozsa_static_v1_000252,benign_deutsch_jozsa_v1_000252,deutsch_jozsa,tampered,static,1,4,0,deutsch_jozsa
tampered_deutsch_jozsa_static_v1_000253,benign_deutsch_jozsa_v1_000253,deutsch_jozsa,tampered,static,0,4,4,deutsch_jozsa
tampered_deutsch_jozsa_static_v1_000254,benign_deutsch_jozsa_v1_000254,deutsch_jozsa,tampered,static,2,3,3,deutsch_jozsa
tampered_deutsch_jozsa_static_v1_000255,benign_deutsch_jozsa_v1_000255,deutsch_jozsa,tampered,static,4,3,2,deutsch_jozsa
tampered_deutsch_jozsa_static_v1_000256,benign_deutsch_jozsa_v1_000256,deutsch_jozsa,tampered,static,2,3,3,deutsch_jozsa
tampered_deutsch_jozsa_static_v1_000257,benign_deutsch_jozsa_v1_000257,deutsch_jozsa,tampered,static,4,2,1,deutsch_jozsa
tampered_deutsch_jozsa_static_v1_000258,benign_deutsch_jozsa_v1_000258,deutsch_jozsa,tampered,static,3,4,4,deutsch_jozsa
tampered_deutsch_jozsa_static_v1_000259,benign_deutsch_jozsa_v1_000259,deutsch_jozsa,tampered,static,0,1,2,deutsch_jozsa
tampered_deutsch_jozsa_static_v1_000260,benign_deutsch_jozsa_v1_000260,deutsch_jozsa,tampered,static,1,2,3,deutsch_jozsa
tampered_deutsch_jozsa_static_v1_000261,benign_deutsch_jozsa_v1_000261,deutsch_jozsa,tampered,static,4,0,0,deutsch_jozsa
tampered_deutsch_jozsa_static_v1_000262,benign_deutsch_jozsa_v1_000262,deutsch_jozsa,tampered,static,3,4,1,deutsch_jozsa
tampered_deutsch_jozsa_static_v1_000263,benign_deutsch_jozsa_v1_000263,deutsch_jozsa,tampered,static,0,1,2,deutsch_jozsa
tampered_deutsch_jozsa_static_v1_000264,benign_deutsch_jozsa_v1_000264,deutsch_jozsa,tampered,static,2,1,1,deutsch_jozsa
tampered_deutsch_jozsa_static_v1_000265,benign_deutsch_jozsa_v1_000265,deutsch_jozsa,tampered,static,1,1,4,deutsch_jozsa
tampered_deutsch_jozsa_static_v1_000266,benign_deutsch_jozsa_v1_000266,deutsch_jozsa,tampered,static,0,0,4,deutsch_jozsa
tampered_deutsch_jozsa_static_v1_000267,benign_deutsch_jozsa_v1_000267,deutsch_jozsa,tampered,static,2,1,0,deutsch_jozsa
tampered_deutsch_jozsa_static_v1_000268,benign_deutsch_jozsa_v1_000268,deutsch_jozsa,tampered,static,0,3,2,deutsch_jozsa
tampered_deutsch_jozsa_static_v1_000269,benign_deutsch_jozsa_v1_000269,deutsch_jozsa,tampered,static,2,3,2,deutsch_jozsa
tampered_deutsch_jozsa_static_v1_000270,benign_deutsch_jozsa_v1_000270,deutsch_jozsa,tampered,static,2,4,4,deutsch_jozsa
tampered_deutsch_jozsa_static_v1_000271,benign_deutsch_jozsa_v1_000271,deutsch_jozsa,tampered,static,4,1,2,deutsch_jozsa
tampered_deutsch_jozsa_static_v1_000272,benign_deutsch_jozsa_v1_000272,deutsch_jozsa,tampered,static,1,2,4,deutsch_jozsa
tampered_deutsch_jozsa_static_v1_000273,benign_deutsch_jozsa_v1_000273,deutsch_jozsa,tampered,static,4,2,2,deutsch_jozsa
tampered_deutsch_jozsa_static_v1_000274,benign_deutsch_jozsa_v1_000274,deutsch_jozsa,tampered,static,3,2,4,deutsch_jozsa
tampered_deutsch_jozsa_static_v1_000275,benign_deutsch_jozsa_v1_000275,deutsch_jozsa,tampered,static,1,4,0,deutsch_jozsa
tampered_deutsch_jozsa_static_v1_000276,benign_deutsch_jozsa_v1_000276,deutsch_jozsa,tampered,static,1,1,4,deutsch_jozsa
tampered_deutsch_jozsa_static_v1_000277,benign_deutsch_jozsa_v1_000277,deutsch_jozsa,tampered,static,3,4,3,deutsch_jozsa
tampered_deutsch_jozsa_static_v1_000278,benign_deutsch_jozsa_v1_000278,deutsch_jozsa,tampered,static,3,4,1,deutsch_jozsa
tampered_deutsch_jozsa_static_v1_000279,benign_deutsch_jozsa_v1_000279,deutsch_jozsa,tampered,static,1,4,4,deutsch_jozsa
tampered_deutsch_jozsa_static_v1_000280,benign_deutsch_jozsa_v1_000280,deutsch_jozsa,tampered,static,2,4,3,deutsch_jozsa
tampered_deutsch_jozsa_static_v1_000281,benign_deutsch_jozsa_v1_000281,deutsch_jozsa,tampered,static,1,4,4,deutsch_jozsa
tampered_deutsch_jozsa_static_v1_000282,benign_deutsch_jozsa_v1_000282,deutsch_jozsa,tampered,static,2,3,1,deutsch_jozsa
tampered_deutsch_jozsa_static_v1_000283,benign_deutsch_jozsa_v1_000283,deutsch_jozsa,tampered,static,1,0,1,deutsch_jozsa
tampered_deutsch_jozsa_static_v1_000284,benign_deutsch_jozsa_v1_000284,deutsch_jozsa,tampered,static,0,4,3,deutsch_jozsa
tampered_deutsch_jozsa_static_v1_000285,benign_deutsch_jozsa_v1_000285,deutsch_jozsa,tampered,static,4,0,0,deutsch_jozsa
tampered_deutsch_jozsa_static_v1_000286,benign_deutsch_jozsa_v1_000286,deutsch_jozsa,tampered,static,2,1,2,deutsch_jozsa
tampered_deutsch_jozsa_static_v1_000287,benign_deutsch_jozsa_v1_000287,deutsch_jozsa,tampered,static,2,1,0,deutsch_jozsa
tampered_deutsch_jozsa_static_v1_000288,benign_deutsch_jozsa_v1_000288,deutsch_jozsa,tampered,static,1,3,4,deutsch_jozsa
tampered_deutsch_jozsa_static_v1_000289,benign_deutsch_jozsa_v1_000289,deutsch_jozsa,tampered,static,0,1,4,deutsch_jozsa
tampered_deutsch_jozsa_static_v1_000290,benign_deutsch_jozsa_v1_000290,deutsch_jozsa,tampered,static,0,0,3,deutsch_jozsa
tampered_deutsch_jozsa_static_v1_000291,benign_deutsch_jozsa_v1_000291,deutsch_jozsa,tampered,static,2,4,0,deutsch_jozsa
tampered_deutsch_jozsa_static_v1_000292,benign_deutsch_jozsa_v1_000292,deutsch_jozsa,tampered,static,0,0,3,deutsch_jozsa
tampered_deutsch_jozsa_static_v1_000293,benign_deutsch_jozsa_v1_000293,deutsch_jozsa,tampered,static,2,0,0,deutsch_jozsa
tampered_deutsch_jozsa_static_v1_000294,benign_deutsch_jozsa_v1_000294,deutsch_jozsa,tampered,static,2,3,2,deutsch_jozsa
tampered_deutsch_jozsa_static_v1_000295,benign_deutsch_jozsa_v1_000295,deutsch_jozsa,tampered,static,2,0,3,deutsch_jozsa
tampered_deutsch_jozsa_static_v1_000296,benign_deutsch_jozsa_v1_000296,deutsch_jozsa,tampered,static,4,0,0,deutsch_jozsa
tampered_deutsch_jozsa_static_v1_000297,benign_deutsch_jozsa_v1_000297,deutsch_jozsa,tampered,static,0,1,2,deutsch_jozsa
tampered_deutsch_jozsa_static_v1_000298,benign_deutsch_jozsa_v1_000298,deutsch_jozsa,tampered,static,1,2,0,deutsch_jozsa
tampered_deutsch_jozsa_static_v1_000299,benign_deutsch_jozsa_v1_000299,deutsch_jozsa,tampered,static,2,2,0,deutsch_jozsa
tampered_deutsch_jozsa_static_v1_000300,benign_deutsch_jozsa_v1_000300,deutsch_jozsa,tampered,static,1,1,3,deutsch_jozsa
tampered_deutsch_jozsa_static_v1_000301,benign_deutsch_jozsa_v1_000301,deutsch_jozsa,tampered,static,0,0,0,deutsch_jozsa
tampered_deutsch_jozsa_static_v1_000302,benign_deutsch_jozsa_v1_000302,deutsch_jozsa,tampered,static,4,3,1,deutsch_jozsa
tampered_deutsch_jozsa_static_v1_000303,benign_deutsch_jozsa_v1_000303,deutsch_jozsa,tampered,static,1,2,4,deutsch_jozsa
tampered_deutsch_jozsa_static_v1_000304,benign_deutsch_jozsa_v1_000304,deutsch_jozsa,tampered,static,3,2,4,deutsch_jozsa
tampered_deutsch_jozsa_static_v1_000305,benign_deutsch_jozsa_v1_000305,deutsch_jozsa,tampered,static,1,2,0,deutsch_jozsa
tampered_deutsch_jozsa_static_v1_000306,benign_deutsch_jozsa_v1_000306,deutsch_jozsa,tampered,static,3,1,4,deutsch_jozsa
tampered_deutsch_jozsa_static_v1_000307,benign_deutsch_jozsa_v1_000307,deutsch_jozsa,tampered,static,2,2,4,deutsch_jozsa
tampered_deutsch_jozsa_static_v1_000308,benign_deutsch_jozsa_v1_000308,deutsch_jozsa,tampered,static,4,1,3,deutsch_jozsa
tampered_deutsch_jozsa_static_v1_000309,benign_deutsch_jozsa_v1_000309,deutsch_jozsa,tampered,static,3,0,0,deutsch_jozsa
tampered_deutsch_jozsa_static_v1_000310,benign_deutsch_jozsa_v1_000310,deutsch_jozsa,tampered,static,3,4,3,deutsch_jozsa
tampered_deutsch_jozsa_static_v1_000311,benign_deutsch_jozsa_v1_000311,deutsch_jozsa,tampered,static,4,3,4,deutsch_jozsa
tampered_deutsch_jozsa_static_v1_000312,benign_deutsch_jozsa_v1_000312,deutsch_jozsa,tampered,static,1,2,2,deutsch_jozsa
tampered_deutsch_jozsa_static_v1_000313,benign_deutsch_jozsa_v1_000313,deutsch_jozsa,tampered,static,3,3,3,deutsch_jozsa
tampered_deutsch_jozsa_static_v1_000314,benign_deutsch_jozsa_v1_000314,deutsch_jozsa,tampered,static,1,4,1,deutsch_jozsa
tampered_deutsch_jozsa_static_v1_000315,benign_deutsch_jozsa_v1_000315,deutsch_jozsa,tampered,static,1,0,3,deutsch_jozsa
tampered_deutsch_jozsa_static_v1_000316,benign_deutsch_jozsa_v1_000316,deutsch_jozsa,tampered,static,4,3,3,deutsch_jozsa
tampered_deutsch_jozsa_static_v1_000317,benign_deutsch_jozsa_v1_000317,deutsch_jozsa,tampered,static,0,2,3,deutsch_jozsa
tampered_deutsch_jozsa_static_v1_000318,benign_deutsch_jozsa_v1_000318,deutsch_jozsa,tampered,static,4,3,4,deutsch_jozsa
tampered_deutsch_jozsa_static_v1_000319,benign_deutsch_jozsa_v1_000319,deutsch_jozsa,tampered,static,3,2,1,deutsch_jozsa
tampered_deutsch_jozsa_static_v1_000320,benign_deutsch_jozsa_v1_000320,deutsch_jozsa,tampered,static,0,2,0,deutsch_jozsa
tampered_deutsch_jozsa_static_v1_000321,benign_deutsch_jozsa_v1_000321,deutsch_jozsa,tampered,static,1,3,0,deutsch_jozsa
tampered_deutsch_jozsa_static_v1_000322,benign_deutsch_jozsa_v1_000322,deutsch_jozsa,tampered,static,2,2,4,deutsch_jozsa
tampered_deutsch_jozsa_static_v1_000323,benign_deutsch_jozsa_v1_000323,deutsch_jozsa,tampered,static,4,0,0,deutsch_jozsa
tampered_deutsch_jozsa_static_v1_000324,benign_deutsch_jozsa_v1_000324,deutsch_jozsa,tampered,static,3,2,2,deutsch_jozsa
tampered_deutsch_jozsa_static_v1_000325,benign_deutsch_jozsa_v1_000325,deutsch_jozsa,tampered,static,2,0,4,deutsch_jozsa
tampered_deutsch_jozsa_static_v1_000326,benign_deutsch_jozsa_v1_000326,deutsch_jozsa,tampered,static,2,3,1,deutsch_jozsa
tampered_deutsch_jozsa_static_v1_000327,benign_deutsch_jozsa_v1_000327,deutsch_jozsa,tampered,static,4,4,1,deutsch_jozsa
tampered_deutsch_jozsa_static_v1_000328,benign_deutsch_jozsa_v1_000328,deutsch_jozsa,tampered,static,3,1,4,deutsch_jozsa
tampered_deutsch_jozsa_static_v1_000329,benign_deutsch_jozsa_v1_000329,deutsch_jozsa,tampered,static,4,4,3,deutsch_jozsa
tampered_deutsch_jozsa_static_v1_000330,benign_deutsch_jozsa_v1_000330,deutsch_jozsa,tampered,static,2,3,3,deutsch_jozsa
tampered_deutsch_jozsa_static_v1_000331,benign_deutsch_jozsa_v1_000331,deutsch_jozsa,tampered,static,4,1,0,deutsch_jozsa
tampered_deutsch_jozsa_static_v1_000332,benign_deutsch_jozsa_v1_000332,deutsch_jozsa,tampered,static,2,0,0,deutsch_jozsa
tampered_deutsch_jozsa_static_v1_000333,benign_deutsch_jozsa_v1_000333,deutsch_jozsa,tampered,static,0,0,4,deutsch_jozsa
tampered_deutsch_jozsa_static_v1_000334,benign_deutsch_jozsa_v1_000334,deutsch_jozsa,tampered,static,3,3,4,deutsch_jozsa
tampered_deutsch_jozsa_static_v1_000335,benign_deutsch_jozsa_v1_000335,deutsch_jozsa,tampered,static,2,2,1,deutsch_jozsa
tampered_deutsch_jozsa_static_v1_000336,benign_deutsch_jozsa_v1_000336,deutsch_jozsa,tampered,static,0,0,3,deutsch_jozsa
tampered_deutsch_jozsa_static_v1_000337,benign_deutsch_jozsa_v1_000337,deutsch_jozsa,tampered,static,3,4,1,deutsch_jozsa
tampered_deutsch_jozsa_static_v1_000338,benign_deutsch_jozsa_v1_000338,deutsch_jozsa,tampered,static,1,2,4,deutsch_jozsa
tampered_deutsch_jozsa_static_v1_000339,benign_deutsch_jozsa_v1_000339,deutsch_jozsa,tampered,static,4,2,3,deutsch_jozsa
tampered_deutsch_jozsa_static_v1_000340,benign_deutsch_jozsa_v1_000340,deutsch_jozsa,tampered,static,0,0,2,deutsch_jozsa
tampered_deutsch_jozsa_static_v1_000341,benign_deutsch_jozsa_v1_000341,deutsch_jozsa,tampered,static,0,4,3,deutsch_jozsa
tampered_deutsch_jozsa_static_v1_000342,benign_deutsch_jozsa_v1_000342,deutsch_jozsa,tampered,static,3,3,3,deutsch_jozsa
tampered_deutsch_jozsa_static_v1_000343,benign_deutsch_jozsa_v1_000343,deutsch_jozsa,tampered,static,1,2,2,deutsch_jozsa
tampered_deutsch_jozsa_static_v1_000344,benign_deutsch_jozsa_v1_000344,deutsch_jozsa,tampered,static,2,1,1,deutsch_jozsa
tampered_deutsch_jozsa_static_v1_000345,benign_deutsch_jozsa_v1_000345,deutsch_jozsa,tampered,static,1,1,4,deutsch_jozsa
tampered_deutsch_jozsa_static_v1_000346,benign_deutsch_jozsa_v1_000346,deutsch_jozsa,tampered,static,3,1,2,deutsch_jozsa
tampered_deutsch_jozsa_static_v1_000347,benign_deutsch_jozsa_v1_000347,deutsch_jozsa,tampered,static,0,4,1,deutsch_jozsa
tampered_deutsch_jozsa_static_v1_000348,benign_deutsch_jozsa_v1_000348,deutsch_jozsa,tampered,static,3,1,3,deutsch_jozsa
tampered_deutsch_jozsa_static_v1_000349,benign_deutsch_jozsa_v1_000349,deutsch_jozsa,tampered,static,4,2,1,deutsch_jozsa
tampered_deutsch_jozsa_static_v1_000350,benign_deutsch_jozsa_v1_000350,deutsch_jozsa,tampered,static,1,1,0,deutsch_jozsa
tampered_deutsch_jozsa_static_v1_000351,benign_deutsch_jozsa_v1_000351,deutsch_jozsa,tampered,static,4,2,1,deutsch_jozsa
tampered_deutsch_jozsa_static_v1_000352,benign_deutsch_jozsa_v1_000352,deutsch_jozsa,tampered,static,4,3,0,deutsch_jozsa
tampered_deutsch_jozsa_static_v1_000353,benign_deutsch_jozsa_v1_000353,deutsch_jozsa,tampered,static,0,2,3,deutsch_jozsa
tampered_deutsch_jozsa_static_v1_000354,benign_deutsch_jozsa_v1_000354,deutsch_jozsa,tampered,static,1,0,3,deutsch_jozsa
tampered_deutsch_jozsa_static_v1_000355,benign_deutsch_jozsa_v1_000355,deutsch_jozsa,tampered,static,1,1,2,deutsch_jozsa
tampered_deutsch_jozsa_static_v1_000356,benign_deutsch_jozsa_v1_000356,deutsch_jozsa,tampered,static,4,0,3,deutsch_jozsa
tampered_deutsch_jozsa_static_v1_000357,benign_deutsch_jozsa_v1_000357,deutsch_jozsa,tampered,static,0,1,4,deutsch_jozsa
tampered_deutsch_jozsa_static_v1_000358,benign_deutsch_jozsa_v1_000358,deutsch_jozsa,tampered,static,0,2,0,deutsch_jozsa
tampered_deutsch_jozsa_static_v1_000359,benign_deutsch_jozsa_v1_000359,deutsch_jozsa,tampered,static,0,4,3,deutsch_jozsa
tampered_deutsch_jozsa_static_v1_000360,benign_deutsch_jozsa_v1_000360,deutsch_jozsa,tampered,static,0,4,4,deutsch_jozsa
tampered_deutsch_jozsa_static_v1_000361,benign_deutsch_jozsa_v1_000361,deutsch_jozsa,tampered,static,2,2,2,deutsch_jozsa
tampered_deutsch_jozsa_static_v1_000362,benign_deutsch_jozsa_v1_000362,deutsch_jozsa,tampered,static,2,3,1,deutsch_jozsa
tampered_deutsch_jozsa_static_v1_000363,benign_deutsch_jozsa_v1_000363,deutsch_jozsa,tampered,static,0,4,2,deutsch_jozsa
tampered_deutsch_jozsa_static_v1_000364,benign_deutsch_jozsa_v1_000364,deutsch_jozsa,tampered,static,3,2,4,deutsch_jozsa
tampered_deutsch_jozsa_static_v1_000365,benign_deutsch_jozsa_v1_000365,deutsch_jozsa,tampered,static,2,2,1,deutsch_jozsa
tampered_deutsch_jozsa_static_v1_000366,benign_deutsch_jozsa_v1_000366,deutsch_jozsa,tampered,static,4,4,0,deutsch_jozsa
tampered_deutsch_jozsa_static_v1_000367,benign_deutsch_jozsa_v1_000367,deutsch_jozsa,tampered,static,3,0,3,deutsch_jozsa
tampered_deutsch_jozsa_static_v1_000368,benign_deutsch_jozsa_v1_000368,deutsch_jozsa,tampered,static,1,0,3,deutsch_jozsa
tampered_deutsch_jozsa_static_v1_000369,benign_deutsch_jozsa_v1_000369,deutsch_jozsa,tampered,static,0,2,1,deutsch_jozsa
tampered_deutsch_jozsa_static_v1_000370,benign_deutsch_jozsa_v1_000370,deutsch_jozsa,tampered,static,2,0,3,deutsch_jozsa
tampered_deutsch_jozsa_static_v1_000371,benign_deutsch_jozsa_v1_000371,deutsch_jozsa,tampered,static,0,4,1,deutsch_jozsa
tampered_deutsch_jozsa_static_v1_000372,benign_deutsch_jozsa_v1_000372,deutsch_jozsa,tampered,static,1,1,2,deutsch_jozsa
tampered_deutsch_jozsa_static_v1_000373,benign_deutsch_jozsa_v1_000373,deutsch_jozsa,tampered,static,1,4,4,deutsch_jozsa
tampered_deutsch_jozsa_static_v1_000374,benign_deutsch_jozsa_v1_000374,deutsch_jozsa,tampered,static,1,1,4,deutsch_jozsa
tampered_deutsch_jozsa_static_v1_000375,benign_deutsch_jozsa_v1_000375,deutsch_jozsa,tampered,static,1,0,4,deutsch_jozsa
tampered_deutsch_jozsa_static_v1_000376,benign_deutsch_jozsa_v1_000376,deutsch_jozsa,tampered,static,1,2,3,deutsch_jozsa
tampered_deutsch_jozsa_static_v1_000377,benign_deutsch_jozsa_v1_000377,deutsch_jozsa,tampered,static,3,4,1,deutsch_jozsa
tampered_deutsch_jozsa_static_v1_000378,benign_deutsch_jozsa_v1_000378,deutsch_jozsa,tampered,static,3,2,3,deutsch_jozsa
tampered_deutsch_jozsa_static_v1_000379,benign_deutsch_jozsa_v1_000379,deutsch_jozsa,tampered,static,0,4,2,deutsch_jozsa
tampered_deutsch_jozsa_static_v1_000380,benign_deutsch_jozsa_v1_000380,deutsch_jozsa,tampered,static,1,4,4,deutsch_jozsa
tampered_deutsch_jozsa_static_v1_000381,benign_deutsch_jozsa_v1_000381,deutsch_jozsa,tampered,static,3,2,3,deutsch_jozsa
tampered_deutsch_jozsa_static_v1_000382,benign_deutsch_jozsa_v1_000382,deutsch_jozsa,tampered,static,1,1,0,deutsch_jozsa
tampered_deutsch_jozsa_static_v1_000383,benign_deutsch_jozsa_v1_000383,deutsch_jozsa,tampered,static,0,4,2,deutsch_jozsa
tampered_deutsch_jozsa_static_v1_000384,benign_deutsch_jozsa_v1_000384,deutsch_jozsa,tampered,static,0,1,3,deutsch_jozsa
tampered_deutsch_jozsa_static_v1_000385,benign_deutsch_jozsa_v1_000385,deutsch_jozsa,tampered,static,3,3,3,deutsch_jozsa
tampered_deutsch_jozsa_static_v1_000386,benign_deutsch_jozsa_v1_000386,deutsch_jozsa,tampered,static,3,2,1,deutsch_jozsa
tampered_deutsch_jozsa_static_v1_000387,benign_deutsch_jozsa_v1_000387,deutsch_jozsa,tampered,static,3,0,1,deutsch_jozsa
tampered_deutsch_jozsa_static_v1_000388,benign_deutsch_jozsa_v1_000388,deutsch_jozsa,tampered,static,2,2,1,deutsch_jozsa
tampered_deutsch_jozsa_static_v1_000389,benign_deutsch_jozsa_v1_000389,deutsch_jozsa,tampered,static,0,3,3,deutsch_jozsa
tampered_deutsch_jozsa_static_v1_000390,benign_deutsch_jozsa_v1_000390,deutsch_jozsa,tampered,static,0,3,1,deutsch_jozsa
tampered_deutsch_jozsa_static_v1_000391,benign_deutsch_jozsa_v1_000391,deutsch_jozsa,tampered,static,1,0,1,deutsch_jozsa
tampered_deutsch_jozsa_static_v1_000392,benign_deutsch_jozsa_v1_000392,deutsch_jozsa,tampered,static,2,0,2,deutsch_jozsa
tampered_deutsch_jozsa_static_v1_000393,benign_deutsch_jozsa_v1_000393,deutsch_jozsa,tampered,static,4,0,3,deutsch_jozsa
tampered_deutsch_jozsa_static_v1_000394,benign_deutsch_jozsa_v1_000394,deutsch_jozsa,tampered,static,3,4,2,deutsch_jozsa
tampered_deutsch_jozsa_static_v1_000395,benign_deutsch_jozsa_v1_000395,deutsch_jozsa,tampered,static,3,0,1,deutsch_jozsa
tampered_deutsch_jozsa_static_v1_000396,benign_deutsch_jozsa_v1_000396,deutsch_jozsa,tampered,static,0,3,2,deutsch_jozsa
tampered_deutsch_jozsa_static_v1_000397,benign_deutsch_jozsa_v1_000397,deutsch_jozsa,tampered,static,4,1,4,deutsch_jozsa
tampered_deutsch_jozsa_static_v1_000398,benign_deutsch_jozsa_v1_000398,deutsch_jozsa,tampered,static,1,4,3,deutsch_jozsa
tampered_deutsch_jozsa_static_v1_000399,benign_deutsch_jozsa_v1_000399,deutsch_jozsa,tampered,static,1,1,4,deutsch_jozsa
tampered_deutsch_jozsa_static_v1_000400,benign_deutsch_jozsa_v1_000400,deutsch_jozsa,tampered,static,3,3,0,deutsch_jozsa
tampered_deutsch_jozsa_static_v1_000401,benign_deutsch_jozsa_v1_000401,deutsch_jozsa,tampered,static,0,3,0,deutsch_jozsa
tampered_deutsch_jozsa_static_v1_000402,benign_deutsch_jozsa_v1_000402,deutsch_jozsa,tampered,static,4,4,4,deutsch_jozsa
tampered_deutsch_jozsa_static_v1_000403,benign_deutsch_jozsa_v1_000403,deutsch_jozsa,tampered,static,1,0,1,deutsch_jozsa
tampered_deutsch_jozsa_static_v1_000404,benign_deutsch_jozsa_v1_000404,deutsch_jozsa,tampered,static,4,1,2,deutsch_jozsa
tampered_deutsch_jozsa_static_v1_000405,benign_deutsch_jozsa_v1_000405,deutsch_jozsa,tampered,static,4,4,1,deutsch_jozsa
tampered_deutsch_jozsa_static_v1_000406,benign_deutsch_jozsa_v1_000406,deutsch_jozsa,tampered,static,1,0,2,deutsch_jozsa
tampered_deutsch_jozsa_static_v1_000407,benign_deutsch_jozsa_v1_000407,deutsch_jozsa,tampered,static,2,1,1,deutsch_jozsa
tampered_deutsch_jozsa_static_v1_000408,benign_deutsch_jozsa_v1_000408,deutsch_jozsa,tampered,static,4,1,3,deutsch_jozsa
tampered_deutsch_jozsa_static_v1_000409,benign_deutsch_jozsa_v1_000409,deutsch_jozsa,tampered,static,2,3,0,deutsch_jozsa
tampered_deutsch_jozsa_static_v1_000410,benign_deutsch_jozsa_v1_000410,deutsch_jozsa,tampered,static,1,0,2,deutsch_jozsa
tampered_deutsch_jozsa_static_v1_000411,benign_deutsch_jozsa_v1_000411,deutsch_jozsa,tampered,static,1,1,2,deutsch_jozsa
tampered_deutsch_jozsa_static_v1_000412,benign_deutsch_jozsa_v1_000412,deutsch_jozsa,tampered,static,4,3,4,deutsch_jozsa
tampered_deutsch_jozsa_static_v1_000413,benign_deutsch_jozsa_v1_000413,deutsch_jozsa,tampered,static,3,2,1,deutsch_jozsa
tampered_deutsch_jozsa_static_v1_000414,benign_deutsch_jozsa_v1_000414,deutsch_jozsa,tampered,static,4,2,3,deutsch_jozsa
tampered_deutsch_jozsa_static_v1_000415,benign_deutsch_jozsa_v1_000415,deutsch_jozsa,tampered,static,2,1,0,deutsch_jozsa
tampered_deutsch_jozsa_static_v1_000416,benign_deutsch_jozsa_v1_000416,deutsch_jozsa,tampered,static,3,0,0,deutsch_jozsa
tampered_deutsch_jozsa_static_v1_000417,benign_deutsch_jozsa_v1_000417,deutsch_jozsa,tampered,static,4,3,2,deutsch_jozsa
tampered_deutsch_jozsa_static_v1_000418,benign_deutsch_jozsa_v1_000418,deutsch_jozsa,tampered,static,2,0,2,deutsch_jozsa
tampered_deutsch_jozsa_static_v1_000419,benign_deutsch_jozsa_v1_000419,deutsch_jozsa,tampered,static,2,0,2,deutsch_jozsa
tampered_deutsch_jozsa_static_v1_000420,benign_deutsch_jozsa_v1_000420,deutsch_jozsa,tampered,static,4,2,4,deutsch_jozsa
tampered_deutsch_jozsa_static_v1_000421,benign_deutsch_jozsa_v1_000421,deutsch_jozsa,tampered,static,3,4,3,deutsch_jozsa
tampered_deutsch_jozsa_static_v1_000422,benign_deutsch_jozsa_v1_000422,deutsch_jozsa,tampered,static,3,4,1,deutsch_jozsa
tampered_deutsch_jozsa_static_v1_000423,benign_deutsch_jozsa_v1_000423,deutsch_jozsa,tampered,static,3,1,0,deutsch_jozsa
tampered_deutsch_jozsa_static_v1_000424,benign_deutsch_jozsa_v1_000424,deutsch_jozsa,tampered,static,0,3,1,deutsch_jozsa
tampered_deutsch_jozsa_static_v1_000425,benign_deutsch_jozsa_v1_000425,deutsch_jozsa,tampered,static,2,2,1,deutsch_jozsa
tampered_deutsch_jozsa_static_v1_000426,benign_deutsch_jozsa_v1_000426,deutsch_jozsa,tampered,static,3,3,1,deutsch_jozsa
tampered_deutsch_jozsa_static_v1_000427,benign_deutsch_jozsa_v1_000427,deutsch_jozsa,tampered,static,4,2,3,deutsch_jozsa
tampered_deutsch_jozsa_static_v1_000428,benign_deutsch_jozsa_v1_000428,deutsch_jozsa,tampered,static,4,0,0,deutsch_jozsa
tampered_deutsch_jozsa_static_v1_000429,benign_deutsch_jozsa_v1_000429,deutsch_jozsa,tampered,static,1,3,4,deutsch_jozsa
tampered_deutsch_jozsa_static_v1_000430,benign_deutsch_jozsa_v1_000430,deutsch_jozsa,tampered,static,2,0,4,deutsch_jozsa
tampered_deutsch_jozsa_static_v1_000431,benign_deutsch_jozsa_v1_000431,deutsch_jozsa,tampered,static,2,0,3,deutsch_jozsa
tampered_deutsch_jozsa_static_v1_000432,benign_deutsch_jozsa_v1_000432,deutsch_jozsa,tampered,static,4,2,2,deutsch_jozsa
tampered_deutsch_jozsa_static_v1_000433,benign_deutsch_jozsa_v1_000433,deutsch_jozsa,tampered,static,4,4,0,deutsch_jozsa
tampered_deutsch_jozsa_static_v1_000434,benign_deutsch_jozsa_v1_000434,deutsch_jozsa,tampered,static,1,4,4,deutsch_jozsa
tampered_deutsch_jozsa_static_v1_000435,benign_deutsch_jozsa_v1_000435,deutsch_jozsa,tampered,static,1,3,3,deutsch_jozsa
tampered_deutsch_jozsa_static_v1_000436,benign_deutsch_jozsa_v1_000436,deutsch_jozsa,tampered,static,4,0,4,deutsch_jozsa
tampered_deutsch_jozsa_static_v1_000437,benign_deutsch_jozsa_v1_000437,deutsch_jozsa,tampered,static,2,1,3,deutsch_jozsa
tampered_deutsch_jozsa_static_v1_000438,benign_deutsch_jozsa_v1_000438,deutsch_jozsa,tampered,static,0,2,0,deutsch_jozsa
tampered_deutsch_jozsa_static_v1_000439,benign_deutsch_jozsa_v1_000439,deutsch_jozsa,tampered,static,4,0,3,deutsch_jozsa
tampered_deutsch_jozsa_static_v1_000440,benign_deutsch_jozsa_v1_000440,deutsch_jozsa,tampered,static,1,1,4,deutsch_jozsa
tampered_deutsch_jozsa_static_v1_000441,benign_deutsch_jozsa_v1_000441,deutsch_jozsa,tampered,static,2,4,1,deutsch_jozsa
tampered_deutsch_jozsa_static_v1_000442,benign_deutsch_jozsa_v1_000442,deutsch_jozsa,tampered,static,0,3,2,deutsch_jozsa
tampered_deutsch_jozsa_static_v1_000443,benign_deutsch_jozsa_v1_000443,deutsch_jozsa,tampered,static,0,1,0,deutsch_jozsa
tampered_deutsch_jozsa_static_v1_000444,benign_deutsch_jozsa_v1_000444,deutsch_jozsa,tampered,static,0,1,4,deutsch_jozsa
tampered_deutsch_jozsa_static_v1_000445,benign_deutsch_jozsa_v1_000445,deutsch_jozsa,tampered,static,3,4,1,deutsch_jozsa
tampered_deutsch_jozsa_static_v1_000446,benign_deutsch_jozsa_v1_000446,deutsch_jozsa,tampered,static,0,0,4,deutsch_jozsa
tampered_deutsch_jozsa_static_v1_000447,benign_deutsch_jozsa_v1_000447,deutsch_jozsa,tampered,static,4,4,4,deutsch_jozsa
tampered_deutsch_jozsa_static_v1_000448,benign_deutsch_jozsa_v1_000448,deutsch_jozsa,tampered,static,3,0,2,deutsch_jozsa
tampered_deutsch_jozsa_static_v1_000449,benign_deutsch_jozsa_v1_000449,deutsch_jozsa,tampered,static,2,0,4,deutsch_jozsa
tampered_deutsch_jozsa_static_v1_000450,benign_deutsch_jozsa_v1_000450,deutsch_jozsa,tampered,static,3,0,2,deutsch_jozsa
tampered_deutsch_jozsa_static_v1_000451,benign_deutsch_jozsa_v1_000451,deutsch_jozsa,tampered,static,1,2,4,deutsch_jozsa
tampered_deutsch_jozsa_static_v1_000452,benign_deutsch_jozsa_v1_000452,deutsch_jozsa,tampered,static,1,3,0,deutsch_jozsa
tampered_deutsch_jozsa_static_v1_000453,benign_deutsch_jozsa_v1_000453,deutsch_jozsa,tampered,static,0,3,4,deutsch_jozsa
tampered_deutsch_jozsa_static_v1_000454,benign_deutsch_jozsa_v1_000454,deutsch_jozsa,tampered,static,2,4,0,deutsch_jozsa
tampered_deutsch_jozsa_static_v1_000455,benign_deutsch_jozsa_v1_000455,deutsch_jozsa,tampered,static,1,2,2,deutsch_jozsa
tampered_deutsch_jozsa_static_v1_000456,benign_deutsch_jozsa_v1_000456,deutsch_jozsa,tampered,static,3,0,1,deutsch_jozsa
tampered_deutsch_jozsa_static_v1_000457,benign_deutsch_jozsa_v1_000457,deutsch_jozsa,tampered,static,0,2,1,deutsch_jozsa
tampered_deutsch_jozsa_static_v1_000458,benign_deutsch_jozsa_v1_000458,deutsch_jozsa,tampered,static,3,0,3,deutsch_jozsa
tampered_deutsch_jozsa_static_v1_000459,benign_deutsch_jozsa_v1_000459,deutsch_jozsa,tampered,static,1,4,0,deutsch_jozsa
tampered_deutsch_jozsa_static_v1_000460,benign_deutsch_jozsa_v1_000460,deutsch_jozsa,tampered,static,3,3,4,deutsch_jozsa
tampered_deutsch_jozsa_static_v1_000461,benign_deutsch_jozsa_v1_000461,deutsch_jozsa,tampered,static,2,3,1,deutsch_jozsa
tampered_deutsch_jozsa_static_v1_000462,benign_deutsch_jozsa_v1_000462,deutsch_jozsa,tampered,static,4,1,1,deutsch_jozsa
tampered_deutsch_jozsa_static_v1_000463,benign_deutsch_jozsa_v1_000463,deutsch_jozsa,tampered,static,2,3,0,deutsch_jozsa
tampered_deutsch_jozsa_static_v1_000464,benign_deutsch_jozsa_v1_000464,deutsch_jozsa,tampered,static,3,0,2,deutsch_jozsa
tampered_deutsch_jozsa_static_v1_000465,benign_deutsch_jozsa_v1_000465,deutsch_jozsa,tampered,static,4,0,2,deutsch_jozsa
tampered_deutsch_jozsa_static_v1_000466,benign_deutsch_jozsa_v1_000466,deutsch_jozsa,tampered,static,3,3,1,deutsch_jozsa
tampered_deutsch_jozsa_static_v1_000467,benign_deutsch_jozsa_v1_000467,deutsch_jozsa,tampered,static,1,4,1,deutsch_jozsa
tampered_deutsch_jozsa_static_v1_000468,benign_deutsch_jozsa_v1_000468,deutsch_jozsa,tampered,static,0,2,0,deutsch_jozsa
tampered_deutsch_jozsa_static_v1_000469,benign_deutsch_jozsa_v1_000469,deutsch_jozsa,tampered,static,0,3,0,deutsch_jozsa
tampered_deutsch_jozsa_static_v1_000470,benign_deutsch_jozsa_v1_000470,deutsch_jozsa,tampered,static,2,1,1,deutsch_jozsa
tampered_deutsch_jozsa_static_v1_000471,benign_deutsch_jozsa_v1_000471,deutsch_jozsa,tampered,static,2,0,1,deutsch_jozsa
tampered_deutsch_jozsa_static_v1_000472,benign_deutsch_jozsa_v1_000472,deutsch_jozsa,tampered,static,3,2,2,deutsch_jozsa
tampered_deutsch_jozsa_static_v1_000473,benign_deutsch_jozsa_v1_000473,deutsch_jozsa,tampered,static,4,3,3,deutsch_jozsa
tampered_deutsch_jozsa_static_v1_000474,benign_deutsch_jozsa_v1_000474,deutsch_jozsa,tampered,static,0,1,4,deutsch_jozsa
tampered_deutsch_jozsa_static_v1_000475,benign_deutsch_jozsa_v1_000475,deutsch_jozsa,tampered,static,0,0,4,deutsch_jozsa
tampered_deutsch_jozsa_static_v1_000476,benign_deutsch_jozsa_v1_000476,deutsch_jozsa,tampered,static,2,2,1,deutsch_jozsa
tampered_deutsch_jozsa_static_v1_000477,benign_deutsch_jozsa_v1_000477,deutsch_jozsa,tampered,static,1,4,2,deutsch_jozsa
tampered_deutsch_jozsa_static_v1_000478,benign_deutsch_jozsa_v1_000478,deutsch_jozsa,tampered,static,3,2,1,deutsch_jozsa
tampered_deutsch_jozsa_static_v1_000479,benign_deutsch_jozsa_v1_000479,deutsch_jozsa,tampered,static,3,1,3,deutsch_jozsa
tampered_deutsch_jozsa_static_v1_000480,benign_deutsch_jozsa_v1_000480,deutsch_jozsa,tampered,static,4,2,4,deutsch_jozsa
tampered_deutsch_jozsa_static_v1_000481,benign_deutsch_jozsa_v1_000481,deutsch_jozsa,tampered,static,0,3,0,deutsch_jozsa
tampered_deutsch_jozsa_static_v1_000482,benign_deutsch_jozsa_v1_000482,deutsch_jozsa,tampered,static,3,2,0,deutsch_jozsa
tampered_deutsch_jozsa_static_v1_000483,benign_deutsch_jozsa_v1_000483,deutsch_jozsa,tampered,static,3,1,1,deutsch_jozsa
tampered_deutsch_jozsa_static_v1_000484,benign_deutsch_jozsa_v1_000484,deutsch_jozsa,tampered,static,0,2,2,deutsch_jozsa
tampered_deutsch_jozsa_static_v1_000485,benign_deutsch_jozsa_v1_000485,deutsch_jozsa,tampered,static,4,3,4,deutsch_jozsa
tampered_deutsch_jozsa_static_v1_000486,benign_deutsch_jozsa_v1_000486,deutsch_jozsa,tampered,static,3,4,0,deutsch_jozsa
tampered_deutsch_jozsa_static_v1_000487,benign_deutsch_jozsa_v1_000487,deutsch_jozsa,tampered,static,3,3,1,deutsch_jozsa
tampered_deutsch_jozsa_static_v1_000488,benign_deutsch_jozsa_v1_000488,deutsch_jozsa,tampered,static,0,0,0,deutsch_jozsa
tampered_deutsch_jozsa_static_v1_000489,benign_deutsch_jozsa_v1_000489,deutsch_jozsa,tampered,static,4,0,2,deutsch_jozsa
tampered_deutsch_jozsa_static_v1_000490,benign_deutsch_jozsa_v1_000490,deutsch_jozsa,tampered,static,3,2,2,deutsch_jozsa
tampered_deutsch_jozsa_static_v1_000491,benign_deutsch_jozsa_v1_000491,deutsch_jozsa,tampered,static,4,2,3,deutsch_jozsa
tampered_deutsch_jozsa_static_v1_000492,benign_deutsch_jozsa_v1_000492,deutsch_jozsa,tampered,static,0,4,3,deutsch_jozsa
tampered_deutsch_jozsa_static_v1_000493,benign_deutsch_jozsa_v1_000493,deutsch_jozsa,tampered,static,0,3,4,deutsch_jozsa
tampered_deutsch_jozsa_static_v1_000494,benign_deutsch_jozsa_v1_000494,deutsch_jozsa,tampered,static,4,2,2,deutsch_jozsa
tampered_deutsch_jozsa_static_v1_000495,benign_deutsch_jozsa_v1_000495,deutsch_jozsa,tampered,static,4,0,1,deutsch_jozsa
tampered_deutsch_jozsa_static_v1_000496,benign_deutsch_jozsa_v1_000496,deutsch_jozsa,tampered,static,1,3,4,deutsch_jozsa
tampered_deutsch_jozsa_static_v1_000497,benign_deutsch_jozsa_v1_000497,deutsch_jozsa,tampered,static,2,4,1,deutsch_jozsa
tampered_deutsch_jozsa_static_v1_000498,benign_deutsch_jozsa_v1_000498,deutsch_jozsa,tampered,static,4,0,4,deutsch_jozsa
tampered_deutsch_jozsa_static_v1_000499,benign_deutsch_jozsa_v1_000499,deutsch_jozsa,tampered,static,2,0,2,deutsch_jozsa
tampered_deutsch_jozsa_static_v1_000500,benign_deutsch_jozsa_v1_000500,deutsch_jozsa,tampered,static,3,0,0,deutsch_jozsa
tampered_deutsch_jozsa_static_v1_000501,benign_deutsch_jozsa_v1_000501,deutsch_jozsa,tampered,static,2,0,3,deutsch_jozsa
tampered_deutsch_jozsa_static_v1_000502,benign_deutsch_jozsa_v1_000502,deutsch_jozsa,tampered,static,2,0,1,deutsch_jozsa
tampered_deutsch_jozsa_static_v1_000503,benign_deutsch_jozsa_v1_000503,deutsch_jozsa,tampered,static,4,0,1,deutsch_jozsa
tampered_deutsch_jozsa_static_v1_000504,benign_deutsch_jozsa_v1_000504,deutsch_jozsa,tampered,static,2,0,0,deutsch_jozsa
tampered_deutsch_jozsa_static_v1_000505,benign_deutsch_jozsa_v1_000505,deutsch_jozsa,tampered,static,3,3,2,deutsch_jozsa
tampered_deutsch_jozsa_static_v1_000506,benign_deutsch_jozsa_v1_000506,deutsch_jozsa,tampered,static,1,0,0,deutsch_jozsa
tampered_deutsch_jozsa_static_v1_000507,benign_deutsch_jozsa_v1_000507,deutsch_jozsa,tampered,static,3,1,0,deutsch_jozsa
tampered_deutsch_jozsa_static_v1_000508,benign_deutsch_jozsa_v1_000508,deutsch_jozsa,tampered,static,0,2,0,deutsch_jozsa
tampered_deutsch_jozsa_static_v1_000509,benign_deutsch_jozsa_v1_000509,deutsch_jozsa,tampered,static,3,3,0,deutsch_jozsa
tampered_deutsch_jozsa_static_v1_000510,benign_deutsch_jozsa_v1_000510,deutsch_jozsa,tampered,static,4,3,2,deutsch_jozsa
tampered_deutsch_jozsa_static_v1_000511,benign_deutsch_jozsa_v1_000511,deutsch_jozsa,tampered,static,3,1,3,deutsch_jozsa
tampered_deutsch_jozsa_static_v1_000512,benign_deutsch_jozsa_v1_000512,deutsch_jozsa,tampered,static,0,2,1,deutsch_jozsa
tampered_deutsch_jozsa_static_v1_000513,benign_deutsch_jozsa_v1_000513,deutsch_jozsa,tampered,static,1,2,3,deutsch_jozsa
tampered_deutsch_jozsa_static_v1_000514,benign_deutsch_jozsa_v1_000514,deutsch_jozsa,tampered,static,0,3,3,deutsch_jozsa
tampered_deutsch_jozsa_static_v1_000515,benign_deutsch_jozsa_v1_000515,deutsch_jozsa,tampered,static,0,4,3,deutsch_jozsa
tampered_deutsch_jozsa_static_v1_000516,benign_deutsch_jozsa_v1_000516,deutsch_jozsa,tampered,static,1,2,1,deutsch_jozsa
tampered_deutsch_jozsa_static_v1_000517,benign_deutsch_jozsa_v1_000517,deutsch_jozsa,tampered,static,0,3,0,deutsch_jozsa
tampered_deutsch_jozsa_static_v1_000518,benign_deutsch_jozsa_v1_000518,deutsch_jozsa,tampered,static,3,1,0,deutsch_jozsa
tampered_deutsch_jozsa_static_v1_000519,benign_deutsch_jozsa_v1_000519,deutsch_jozsa,tampered,static,4,1,1,deutsch_jozsa
tampered_deutsch_jozsa_static_v1_000520,benign_deutsch_jozsa_v1_000520,deutsch_jozsa,tampered,static,1,1,4,deutsch_jozsa
tampered_deutsch_jozsa_static_v1_000521,benign_deutsch_jozsa_v1_000521,deutsch_jozsa,tampered,static,0,3,1,deutsch_jozsa
tampered_deutsch_jozsa_static_v1_000522,benign_deutsch_jozsa_v1_000522,deutsch_jozsa,tampered,static,4,3,3,deutsch_jozsa
tampered_deutsch_jozsa_static_v1_000523,benign_deutsch_jozsa_v1_000523,deutsch_jozsa,tampered,static,2,3,4,deutsch_jozsa
tampered_deutsch_jozsa_static_v1_000524,benign_deutsch_jozsa_v1_000524,deutsch_jozsa,tampered,static,3,0,1,deutsch_jozsa
tampered_deutsch_jozsa_static_v1_000525,benign_deutsch_jozsa_v1_000525,deutsch_jozsa,tampered,static,0,0,4,deutsch_jozsa
tampered_deutsch_jozsa_static_v1_000526,benign_deutsch_jozsa_v1_000526,deutsch_jozsa,tampered,static,1,1,4,deutsch_jozsa
tampered_deutsch_jozsa_static_v1_000527,benign_deutsch_jozsa_v1_000527,deutsch_jozsa,tampered,static,3,3,3,deutsch_jozsa
tampered_deutsch_jozsa_static_v1_000528,benign_deutsch_jozsa_v1_000528,deutsch_jozsa,tampered,static,4,4,0,deutsch_jozsa
tampered_deutsch_jozsa_static_v1_000529,benign_deutsch_jozsa_v1_000529,deutsch_jozsa,tampered,static,1,3,4,deutsch_jozsa
tampered_deutsch_jozsa_static_v1_000530,benign_deutsch_jozsa_v1_000530,deutsch_jozsa,tampered,static,0,2,4,deutsch_jozsa
tampered_deutsch_jozsa_static_v1_000531,benign_deutsch_jozsa_v1_000531,deutsch_jozsa,tampered,static,3,0,0,deutsch_jozsa
tampered_deutsch_jozsa_static_v1_000532,benign_deutsch_jozsa_v1_000532,deutsch_jozsa,tampered,static,3,3,0,deutsch_jozsa
tampered_deutsch_jozsa_static_v1_000533,benign_deutsch_jozsa_v1_000533,deutsch_jozsa,tampered,static,4,4,0,deutsch_jozsa
tampered_deutsch_jozsa_static_v1_000534,benign_deutsch_jozsa_v1_000534,deutsch_jozsa,tampered,static,3,4,3,deutsch_jozsa
tampered_deutsch_jozsa_static_v1_000535,benign_deutsch_jozsa_v1_000535,deutsch_jozsa,tampered,static,3,4,2,deutsch_jozsa
tampered_deutsch_jozsa_static_v1_000536,benign_deutsch_jozsa_v1_000536,deutsch_jozsa,tampered,static,0,0,0,deutsch_jozsa
tampered_deutsch_jozsa_static_v1_000537,benign_deutsch_jozsa_v1_000537,deutsch_jozsa,tampered,static,2,0,4,deutsch_jozsa
tampered_deutsch_jozsa_static_v1_000538,benign_deutsch_jozsa_v1_000538,deutsch_jozsa,tampered,static,2,2,2,deutsch_jozsa
tampered_deutsch_jozsa_static_v1_000539,benign_deutsch_jozsa_v1_000539,deutsch_jozsa,tampered,static,1,4,0,deutsch_jozsa
tampered_deutsch_jozsa_static_v1_000540,benign_deutsch_jozsa_v1_000540,deutsch_jozsa,tampered,static,2,0,3,deutsch_jozsa
tampered_deutsch_jozsa_static_v1_000541,benign_deutsch_jozsa_v1_000541,deutsch_jozsa,tampered,static,0,0,3,deutsch_jozsa
tampered_deutsch_jozsa_static_v1_000542,benign_deutsch_jozsa_v1_000542,deutsch_jozsa,tampered,static,1,1,4,deutsch_jozsa
tampered_deutsch_jozsa_static_v1_000543,benign_deutsch_jozsa_v1_000543,deutsch_jozsa,tampered,static,0,2,0,deutsch_jozsa
tampered_deutsch_jozsa_static_v1_000544,benign_deutsch_jozsa_v1_000544,deutsch_jozsa,tampered,static,2,1,0,deutsch_jozsa
tampered_deutsch_jozsa_static_v1_000545,benign_deutsch_jozsa_v1_000545,deutsch_jozsa,tampered,static,0,1,1,deutsch_jozsa
tampered_deutsch_jozsa_static_v1_000546,benign_deutsch_jozsa_v1_000546,deutsch_jozsa,tampered,static,1,3,2,deutsch_jozsa
tampered_deutsch_jozsa_static_v1_000547,benign_deutsch_jozsa_v1_000547,deutsch_jozsa,tampered,static,4,3,0,deutsch_jozsa
tampered_deutsch_jozsa_static_v1_000548,benign_deutsch_jozsa_v1_000548,deutsch_jozsa,tampered,static,4,4,4,deutsch_jozsa
tampered_deutsch_jozsa_static_v1_000549,benign_deutsch_jozsa_v1_000549,deutsch_jozsa,tampered,static,3,4,3,deutsch_jozsa
tampered_deutsch_jozsa_static_v1_000550,benign_deutsch_jozsa_v1_000550,deutsch_jozsa,tampered,static,4,2,3,deutsch_jozsa
tampered_deutsch_jozsa_static_v1_000551,benign_deutsch_jozsa_v1_000551,deutsch_jozsa,tampered,static,0,3,2,deutsch_jozsa
tampered_deutsch_jozsa_static_v1_000552,benign_deutsch_jozsa_v1_000552,deutsch_jozsa,tampered,static,2,4,1,deutsch_jozsa
tampered_deutsch_jozsa_static_v1_000553,benign_deutsch_jozsa_v1_000553,deutsch_jozsa,tampered,static,4,4,4,deutsch_jozsa
tampered_deutsch_jozsa_static_v1_000554,benign_deutsch_jozsa_v1_000554,deutsch_jozsa,tampered,static,3,2,4,deutsch_jozsa
tampered_deutsch_jozsa_static_v1_000555,benign_deutsch_jozsa_v1_000555,deutsch_jozsa,tampered,static,2,4,2,deutsch_jozsa
tampered_deutsch_jozsa_static_v1_000556,benign_deutsch_jozsa_v1_000556,deutsch_jozsa,tampered,static,2,4,3,deutsch_jozsa
tampered_deutsch_jozsa_static_v1_000557,benign_deutsch_jozsa_v1_000557,deutsch_jozsa,tampered,static,3,3,4,deutsch_jozsa
tampered_deutsch_jozsa_static_v1_000558,benign_deutsch_jozsa_v1_000558,deutsch_jozsa,tampered,static,3,2,0,deutsch_jozsa
tampered_deutsch_jozsa_static_v1_000559,benign_deutsch_jozsa_v1_000559,deutsch_jozsa,tampered,static,4,1,2,deutsch_jozsa
tampered_deutsch_jozsa_static_v1_000560,benign_deutsch_jozsa_v1_000560,deutsch_jozsa,tampered,static,2,2,1,deutsch_jozsa
tampered_deutsch_jozsa_static_v1_000561,benign_deutsch_jozsa_v1_000561,deutsch_jozsa,tampered,static,1,1,0,deutsch_jozsa
tampered_deutsch_jozsa_static_v1_000562,benign_deutsch_jozsa_v1_000562,deutsch_jozsa,tampered,static,4,1,1,deutsch_jozsa
tampered_deutsch_jozsa_static_v1_000563,benign_deutsch_jozsa_v1_000563,deutsch_jozsa,tampered,static,1,1,2,deutsch_jozsa
tampered_deutsch_jozsa_static_v1_000564,benign_deutsch_jozsa_v1_000564,deutsch_jozsa,tampered,static,2,4,4,deutsch_jozsa
tampered_deutsch_jozsa_static_v1_000565,benign_deutsch_jozsa_v1_000565,deutsch_jozsa,tampered,static,0,2,4,deutsch_jozsa
tampered_deutsch_jozsa_static_v1_000566,benign_deutsch_jozsa_v1_000566,deutsch_jozsa,tampered,static,1,3,0,deutsch_jozsa
tampered_deutsch_jozsa_static_v1_000567,benign_deutsch_jozsa_v1_000567,deutsch_jozsa,tampered,static,2,4,2,deutsch_jozsa
tampered_deutsch_jozsa_static_v1_000568,benign_deutsch_jozsa_v1_000568,deutsch_jozsa,tampered,static,4,4,3,deutsch_jozsa
tampered_deutsch_jozsa_static_v1_000569,benign_deutsch_jozsa_v1_000569,deutsch_jozsa,tampered,static,3,2,2,deutsch_jozsa
tampered_deutsch_jozsa_static_v1_000570,benign_deutsch_jozsa_v1_000570,deutsch_jozsa,tampered,static,3,1,4,deutsch_jozsa
tampered_deutsch_jozsa_static_v1_000571,benign_deutsch_jozsa_v1_000571,deutsch_jozsa,tampered,static,4,3,3,deutsch_jozsa
tampered_deutsch_jozsa_static_v1_000572,benign_deutsch_jozsa_v1_000572,deutsch_jozsa,tampered,static,1,3,0,deutsch_jozsa
tampered_deutsch_jozsa_static_v1_000573,benign_deutsch_jozsa_v1_000573,deutsch_jozsa,tampered,static,4,3,2,deutsch_jozsa
tampered_deutsch_jozsa_static_v1_000574,benign_deutsch_jozsa_v1_000574,deutsch_jozsa,tampered,static,0,4,4,deutsch_jozsa
tampered_deutsch_jozsa_static_v1_000575,benign_deutsch_jozsa_v1_000575,deutsch_jozsa,tampered,static,1,3,4,deutsch_jozsa
tampered_deutsch_jozsa_static_v1_000576,benign_deutsch_jozsa_v1_000576,deutsch_jozsa,tampered,static,2,1,1,deutsch_jozsa
tampered_deutsch_jozsa_static_v1_000577,benign_deutsch_jozsa_v1_000577,deutsch_jozsa,tampered,static,2,3,3,deutsch_jozsa
tampered_deutsch_jozsa_static_v1_000578,benign_deutsch_jozsa_v1_000578,deutsch_jozsa,tampered,static,3,3,3,deutsch_jozsa
tampered_deutsch_jozsa_static_v1_000579,benign_deutsch_jozsa_v1_000579,deutsch_jozsa,tampered,static,3,0,0,deutsch_jozsa
tampered_deutsch_jozsa_static_v1_000580,benign_deutsch_jozsa_v1_000580,deutsch_jozsa,tampered,static,4,1,2,deutsch_jozsa
tampered_deutsch_jozsa_static_v1_000581,benign_deutsch_jozsa_v1_000581,deutsch_jozsa,tampered,static,1,1,1,deutsch_jozsa
tampered_deutsch_jozsa_static_v1_000582,benign_deutsch_jozsa_v1_000582,deutsch_jozsa,tampered,static,2,4,2,deutsch_jozsa
tampered_deutsch_jozsa_static_v1_000583,benign_deutsch_jozsa_v1_000583,deutsch_jozsa,tampered,static,2,4,2,deutsch_jozsa
tampered_deutsch_jozsa_static_v1_000584,benign_deutsch_jozsa_v1_000584,deutsch_jozsa,tampered,static,4,2,2,deutsch_jozsa
tampered_deutsch_jozsa_static_v1_000585,benign_deutsch_jozsa_v1_000585,deutsch_jozsa,tampered,static,2,2,0,deutsch_jozsa
tampered_deutsch_jozsa_static_v1_000586,benign_deutsch_jozsa_v1_000586,deutsch_jozsa,tampered,static,4,2,1,deutsch_jozsa
tampered_deutsch_jozsa_static_v1_000587,benign_deutsch_jozsa_v1_000587,deutsch_jozsa,tampered,static,4,1,1,deutsch_jozsa
tampered_deutsch_jozsa_static_v1_000588,benign_deutsch_jozsa_v1_000588,deutsch_jozsa,tampered,static,2,4,2,deutsch_jozsa
tampered_deutsch_jozsa_static_v1_000589,benign_deutsch_jozsa_v1_000589,deutsch_jozsa,tampered,static,2,0,3,deutsch_jozsa
tampered_deutsch_jozsa_static_v1_000590,benign_deutsch_jozsa_v1_000590,deutsch_jozsa,tampered,static,3,2,4,deutsch_jozsa
tampered_deutsch_jozsa_static_v1_000591,benign_deutsch_jozsa_v1_000591,deutsch_jozsa,tampered,static,2,3,0,deutsch_jozsa
tampered_deutsch_jozsa_static_v1_000592,benign_deutsch_jozsa_v1_000592,deutsch_jozsa,tampered,static,4,3,3,deutsch_jozsa
tampered_deutsch_jozsa_static_v1_000593,benign_deutsch_jozsa_v1_000593,deutsch_jozsa,tampered,static,4,1,0,deutsch_jozsa
tampered_deutsch_jozsa_static_v1_000594,benign_deutsch_jozsa_v1_000594,deutsch_jozsa,tampered,static,1,3,2,deutsch_jozsa
tampered_deutsch_jozsa_static_v1_000595,benign_deutsch_jozsa_v1_000595,deutsch_jozsa,tampered,static,3,1,3,deutsch_jozsa
tampered_deutsch_jozsa_static_v1_000596,benign_deutsch_jozsa_v1_000596,deutsch_jozsa,tampered,static,0,1,4,deutsch_jozsa
tampered_deutsch_jozsa_static_v1_000597,benign_deutsch_jozsa_v1_000597,deutsch_jozsa,tampered,static,1,2,4,deutsch_jozsa
tampered_deutsch_jozsa_static_v1_000598,benign_deutsch_jozsa_v1_000598,deutsch_jozsa,tampered,static,3,1,1,deutsch_jozsa
tampered_deutsch_jozsa_static_v1_000599,benign_deutsch_jozsa_v1_000599,deutsch_jozsa,tampered,static,4,1,3,deutsch_jozsa
tampered_deutsch_jozsa_triggered_v1_000000,benign_deutsch_jozsa_v1_000000,deutsch_jozsa,tampered,triggered,1,1,0,deutsch_jozsa
tampered_deutsch_jozsa_triggered_v1_000001,benign_deutsch_jozsa_v1_000001,deutsch_jozsa,tampered,triggered,4,3,0,deutsch_jozsa
tampered_deutsch_jozsa_triggered_v1_000002,benign_deutsch_jozsa_v1_000002,deutsch_jozsa,tampered,triggered,2,4,1,deutsch_jozsa
tampered_deutsch_jozsa_triggered_v1_000003,benign_deutsch_jozsa_v1_000003,deutsch_jozsa,tampered,triggered,3,1,2,deutsch_jozsa
tampered_deutsch_jozsa_triggered_v1_000004,benign_deutsch_jozsa_v1_000004,deutsch_jozsa,tampered,triggered,4,0,2,deutsch_jozsa
tampered_deutsch_jozsa_triggered_v1_000005,benign_deutsch_jozsa_v1_000005,deutsch_jozsa,tampered,triggered,1,3,0,deutsch_jozsa
tampered_deutsch_jozsa_triggered_v1_000006,benign_deutsch_jozsa_v1_000006,deutsch_jozsa,tampered,triggered,3,1,2,deutsch_jozsa
tampered_deutsch_jozsa_triggered_v1_000007,benign_deutsch_jozsa_v1_000007,deutsch_jozsa,tampered,triggered,0,3,1,deutsch_jozsa
tampered_deutsch_jozsa_triggered_v1_000008,benign_deutsch_jozsa_v1_000008,deutsch_jozsa,tampered,triggered,2,3,0,deutsch_jozsa
tampered_deutsch_jozsa_triggered_v1_000009,benign_deutsch_jozsa_v1_000009,deutsch_jozsa,tampered,triggered,1,1,4,deutsch_jozsa
tampered_deutsch_jozsa_triggered_v1_000010,benign_deutsch_jozsa_v1_000010,deutsch_jozsa,tampered,triggered,2,2,2,deutsch_jozsa
tampered_deutsch_jozsa_triggered_v1_000011,benign_deutsch_jozsa_v1_000011,deutsch_jozsa,tampered,triggered,1,3,4,deutsch_jozsa
tampered_deutsch_jozsa_triggered_v1_000012,benign_deutsch_jozsa_v1_000012,deutsch_jozsa,tampered,triggered,3,0,2,deutsch_jozsa
tampered_deutsch_jozsa_triggered_v1_000013,benign_deutsch_jozsa_v1_000013,deutsch_jozsa,tampered,triggered,2,2,0,deutsch_jozsa
tampered_deutsch_jozsa_triggered_v1_000014,benign_deutsch_jozsa_v1_000014,deutsch_jozsa,tampered,triggered,1,4,2,deutsch_jozsa
tampered_deutsch_jozsa_triggered_v1_000015,benign_deutsch_jozsa_v1_000015,deutsch_jozsa,tampered,triggered,1,2,1,deutsch_jozsa
tampered_deutsch_jozsa_triggered_v1_000016,benign_deutsch_jozsa_v1_000016,deutsch_jozsa,tampered,triggered,3,3,2,deutsch_jozsa
tampered_deutsch_jozsa_triggered_v1_000017,benign_deutsch_jozsa_v1_000017,deutsch_jozsa,tampered,triggered,3,3,3,deutsch_jozsa
tampered_deutsch_jozsa_triggered_v1_000018,benign_deutsch_jozsa_v1_000018,deutsch_jozsa,tampered,triggered,1,0,1,deutsch_jozsa
tampered_deutsch_jozsa_triggered_v1_000019,benign_deutsch_jozsa_v1_000019,deutsch_jozsa,tampered,triggered,0,4,2,deutsch_jozsa
tampered_deutsch_jozsa_triggered_v1_000020,benign_deutsch_jozsa_v1_000020,deutsch_jozsa,tampered,triggered,3,2,1,deutsch_jozsa
tampered_deutsch_jozsa_triggered_v1_000021,benign_deutsch_jozsa_v1_000021,deutsch_jozsa,tampered,triggered,1,4,4,deutsch_jozsa
tampered_deutsch_jozsa_triggered_v1_000022,benign_deutsch_jozsa_v1_000022,deutsch_jozsa,tampered,triggered,3,4,3,deutsch_jozsa
tampered_deutsch_jozsa_triggered_v1_000023,benign_deutsch_jozsa_v1_000023,deutsch_jozsa,tampered,triggered,3,4,3,deutsch_jozsa
tampered_deutsch_jozsa_triggered_v1_000024,benign_deutsch_jozsa_v1_000024,deutsch_jozsa,tampered,triggered,4,4,0,deutsch_jozsa
tampered_deutsch_jozsa_triggered_v1_000025,benign_deutsch_jozsa_v1_000025,deutsch_jozsa,tampered,triggered,0,0,1,deutsch_jozsa
tampered_deutsch_jozsa_triggered_v1_000026,benign_deutsch_jozsa_v1_000026,deutsch_jozsa,tampered,triggered,4,3,1,deutsch_jozsa
tampered_deutsch_jozsa_triggered_v1_000027,benign_deutsch_jozsa_v1_000027,deutsch_jozsa,tampered,triggered,1,4,4,deutsch_jozsa
tampered_deutsch_jozsa_triggered_v1_000028,benign_deutsch_jozsa_v1_000028,deutsch_jozsa,tampered,triggered,0,3,1,deutsch_jozsa
tampered_deutsch_jozsa_triggered_v1_000029,benign_deutsch_jozsa_v1_000029,deutsch_jozsa,tampered,triggered,4,2,4,deutsch_jozsa
tampered_deutsch_jozsa_triggered_v1_000030,benign_deutsch_jozsa_v1_000030,deutsch_jozsa,tampered,triggered,0,2,0,deutsch_jozsa
tampered_deutsch_jozsa_triggered_v1_000031,benign_deutsch_jozsa_v1_000031,deutsch_jozsa,tampered,triggered,0,3,3,deutsch_jozsa
tampered_deutsch_jozsa_triggered_v1_000032,benign_deutsch_jozsa_v1_000032,deutsch_jozsa,tampered,triggered,2,1,1,deutsch_jozsa
tampered_deutsch_jozsa_triggered_v1_000033,benign_deutsch_jozsa_v1_000033,deutsch_jozsa,tampered,triggered,4,3,0,deutsch_jozsa
tampered_deutsch_jozsa_triggered_v1_000034,benign_deutsch_jozsa_v1_000034,deutsch_jozsa,tampered,triggered,1,3,3,deutsch_jozsa
tampered_deutsch_jozsa_triggered_v1_000035,benign_deutsch_jozsa_v1_000035,deutsch_jozsa,tampered,triggered,2,2,4,deutsch_jozsa
tampered_deutsch_jozsa_triggered_v1_000036,benign_deutsch_jozsa_v1_000036,deutsch_jozsa,tampered,triggered,3,2,2,deutsch_jozsa
tampered_deutsch_jozsa_triggered_v1_000037,benign_deutsch_jozsa_v1_000037,deutsch_jozsa,tampered,triggered,3,0,2,deutsch_jozsa
tampered_deutsch_jozsa_triggered_v1_000038,benign_deutsch_jozsa_v1_000038,deutsch_jozsa,tampered,triggered,0,2,3,deutsch_jozsa
tampered_deutsch_jozsa_triggered_v1_000039,benign_deutsch_jozsa_v1_000039,deutsch_jozsa,tampered,triggered,1,4,1,deutsch_jozsa
tampered_deutsch_jozsa_triggered_v1_000040,benign_deutsch_jozsa_v1_000040,deutsch_jozsa,tampered,triggered,4,4,0,deutsch_jozsa
tampered_deutsch_jozsa_triggered_v1_000041,benign_deutsch_jozsa_v1_000041,deutsch_jozsa,tampered,triggered,0,4,0,deutsch_jozsa
tampered_deutsch_jozsa_triggered_v1_000042,benign_deutsch_jozsa_v1_000042,deutsch_jozsa,tampered,triggered,4,0,3,deutsch_jozsa
tampered_deutsch_jozsa_triggered_v1_000043,benign_deutsch_jozsa_v1_000043,deutsch_jozsa,tampered,triggered,2,2,1,deutsch_jozsa
tampered_deutsch_jozsa_triggered_v1_000044,benign_deutsch_jozsa_v1_000044,deutsch_jozsa,tampered,triggered,1,4,0,deutsch_jozsa
tampered_deutsch_jozsa_triggered_v1_000045,benign_deutsch_jozsa_v1_000045,deutsch_jozsa,tampered,triggered,4,2,3,deutsch_jozsa
tampered_deutsch_jozsa_triggered_v1_000046,benign_deutsch_jozsa_v1_000046,deutsch_jozsa,tampered,triggered,4,3,0,deutsch_jozsa
tampered_deutsch_jozsa_triggered_v1_000047,benign_deutsch_jozsa_v1_000047,deutsch_jozsa,tampered,triggered,2,0,3,deutsch_jozsa
tampered_deutsch_jozsa_triggered_v1_000048,benign_deutsch_jozsa_v1_000048,deutsch_jozsa,tampered,triggered,3,0,2,deutsch_jozsa
tampered_deutsch_jozsa_triggered_v1_000049,benign_deutsch_jozsa_v1_000049,deutsch_jozsa,tampered,triggered,2,2,4,deutsch_jozsa
tampered_deutsch_jozsa_triggered_v1_000050,benign_deutsch_jozsa_v1_000050,deutsch_jozsa,tampered,triggered,1,4,1,deutsch_jozsa
tampered_deutsch_jozsa_triggered_v1_000051,benign_deutsch_jozsa_v1_000051,deutsch_jozsa,tampered,triggered,3,0,1,deutsch_jozsa
tampered_deutsch_jozsa_triggered_v1_000052,benign_deutsch_jozsa_v1_000052,deutsch_jozsa,tampered,triggered,2,2,1,deutsch_jozsa
tampered_deutsch_jozsa_triggered_v1_000053,benign_deutsch_jozsa_v1_000053,deutsch_jozsa,tampered,triggered,1,3,1,deutsch_jozsa
tampered_deutsch_jozsa_triggered_v1_000054,benign_deutsch_jozsa_v1_000054,deutsch_jozsa,tampered,triggered,4,2,0,deutsch_jozsa
tampered_deutsch_jozsa_triggered_v1_000055,benign_deutsch_jozsa_v1_000055,deutsch_jozsa,tampered,triggered,0,0,4,deutsch_jozsa
tampered_deutsch_jozsa_triggered_v1_000056,benign_deutsch_jozsa_v1_000056,deutsch_jozsa,tampered,triggered,4,0,4,deutsch_jozsa
tampered_deutsch_jozsa_triggered_v1_000057,benign_deutsch_jozsa_v1_000057,deutsch_jozsa,tampered,triggered,4,2,2,deutsch_jozsa
tampered_deutsch_jozsa_triggered_v1_000058,benign_deutsch_jozsa_v1_000058,deutsch_jozsa,tampered,triggered,0,2,2,deutsch_jozsa
tampered_deutsch_jozsa_triggered_v1_000059,benign_deutsch_jozsa_v1_000059,deutsch_jozsa,tampered,triggered,0,3,0,deutsch_jozsa
tampered_deutsch_jozsa_triggered_v1_000060,benign_deutsch_jozsa_v1_000060,deutsch_jozsa,tampered,triggered,4,1,4,deutsch_jozsa
tampered_deutsch_jozsa_triggered_v1_000061,benign_deutsch_jozsa_v1_000061,deutsch_jozsa,tampered,triggered,2,2,4,deutsch_jozsa
tampered_deutsch_jozsa_triggered_v1_000062,benign_deutsch_jozsa_v1_000062,deutsch_jozsa,tampered,triggered,3,3,2,deutsch_jozsa
tampered_deutsch_jozsa_triggered_v1_000063,benign_deutsch_jozsa_v1_000063,deutsch_jozsa,tampered,triggered,2,1,2,deutsch_jozsa
tampered_deutsch_jozsa_triggered_v1_000064,benign_deutsch_jozsa_v1_000064,deutsch_jozsa,tampered,triggered,3,3,3,deutsch_jozsa
tampered_deutsch_jozsa_triggered_v1_000065,benign_deutsch_jozsa_v1_000065,deutsch_jozsa,tampered,triggered,2,1,3,deutsch_jozsa
tampered_deutsch_jozsa_triggered_v1_000066,benign_deutsch_jozsa_v1_000066,deutsch_jozsa,tampered,triggered,3,1,4,deutsch_jozsa
tampered_deutsch_jozsa_triggered_v1_000067,benign_deutsch_jozsa_v1_000067,deutsch_jozsa,tampered,triggered,2,4,1,deutsch_jozsa
tampered_deutsch_jozsa_triggered_v1_000068,benign_deutsch_jozsa_v1_000068,deutsch_jozsa,tampered,triggered,0,4,0,deutsch_jozsa
tampered_deutsch_jozsa_triggered_v1_000069,benign_deutsch_jozsa_v1_000069,deutsch_jozsa,tampered,triggered,1,4,1,deutsch_jozsa
tampered_deutsch_jozsa_triggered_v1_000070,benign_deutsch_jozsa_v1_000070,deutsch_jozsa,tampered,triggered,0,1,2,deutsch_jozsa
tampered_deutsch_jozsa_triggered_v1_000071,benign_deutsch_jozsa_v1_000071,deutsch_jozsa,tampered,triggered,0,0,2,deutsch_jozsa
tampered_deutsch_jozsa_triggered_v1_000072,benign_deutsch_jozsa_v1_000072,deutsch_jozsa,tampered,triggered,1,1,3,deutsch_jozsa
tampered_deutsch_jozsa_triggered_v1_000073,benign_deutsch_jozsa_v1_000073,deutsch_jozsa,tampered,triggered,2,3,0,deutsch_jozsa
tampered_deutsch_jozsa_triggered_v1_000074,benign_deutsch_jozsa_v1_000074,deutsch_jozsa,tampered,triggered,1,2,4,deutsch_jozsa
tampered_deutsch_jozsa_triggered_v1_000075,benign_deutsch_jozsa_v1_000075,deutsch_jozsa,tampered,triggered,0,4,2,deutsch_jozsa
tampered_deutsch_jozsa_triggered_v1_000076,benign_deutsch_jozsa_v1_000076,deutsch_jozsa,tampered,triggered,1,4,1,deutsch_jozsa
tampered_deutsch_jozsa_triggered_v1_000077,benign_deutsch_jozsa_v1_000077,deutsch_jozsa,tampered,triggered,2,2,0,deutsch_jozsa
tampered_deutsch_jozsa_triggered_v1_000078,benign_deutsch_jozsa_v1_000078,deutsch_jozsa,tampered,triggered,2,2,4,deutsch_jozsa
tampered_deutsch_jozsa_triggered_v1_000079,benign_deutsch_jozsa_v1_000079,deutsch_jozsa,tampered,triggered,3,3,1,deutsch_jozsa
tampered_deutsch_jozsa_triggered_v1_000080,benign_deutsch_jozsa_v1_000080,deutsch_jozsa,tampered,triggered,3,0,0,deutsch_jozsa
tampered_deutsch_jozsa_triggered_v1_000081,benign_deutsch_jozsa_v1_000081,deutsch_jozsa,tampered,triggered,2,1,0,deutsch_jozsa
tampered_deutsch_jozsa_triggered_v1_000082,benign_deutsch_jozsa_v1_000082,deutsch_jozsa,tampered,triggered,0,4,4,deutsch_jozsa
tampered_deutsch_jozsa_triggered_v1_000083,benign_deutsch_jozsa_v1_000083,deutsch_jozsa,tampered,triggered,0,3,4,deutsch_jozsa
tampered_deutsch_jozsa_triggered_v1_000084,benign_deutsch_jozsa_v1_000084,deutsch_jozsa,tampered,triggered,2,4,4,deutsch_jozsa
tampered_deutsch_jozsa_triggered_v1_000085,benign_deutsch_jozsa_v1_000085,deutsch_jozsa,tampered,triggered,2,1,2,deutsch_jozsa
tampered_deutsch_jozsa_triggered_v1_000086,benign_deutsch_jozsa_v1_000086,deutsch_jozsa,tampered,triggered,3,1,3,deutsch_jozsa
tampered_deutsch_jozsa_triggered_v1_000087,benign_deutsch_jozsa_v1_000087,deutsch_jozsa,tampered,triggered,2,3,2,deutsch_jozsa
tampered_deutsch_jozsa_triggered_v1_000088,benign_deutsch_jozsa_v1_000088,deutsch_jozsa,tampered,triggered,3,3,1,deutsch_jozsa
tampered_deutsch_jozsa_triggered_v1_000089,benign_deutsch_jozsa_v1_000089,deutsch_jozsa,tampered,triggered,3,2,4,deutsch_jozsa
tampered_deutsch_jozsa_triggered_v1_000090,benign_deutsch_jozsa_v1_000090,deutsch_jozsa,tampered,triggered,1,2,1,deutsch_jozsa
tampered_deutsch_jozsa_triggered_v1_000091,benign_deutsch_jozsa_v1_000091,deutsch_jozsa,tampered,triggered,1,1,3,deutsch_jozsa
tampered_deutsch_jozsa_triggered_v1_000092,benign_deutsch_jozsa_v1_000092,deutsch_jozsa,tampered,triggered,1,0,1,deutsch_jozsa
tampered_deutsch_jozsa_triggered_v1_000093,benign_deutsch_jozsa_v1_000093,deutsch_jozsa,tampered,triggered,0,0,4,deutsch_jozsa
tampered_deutsch_jozsa_triggered_v1_000094,benign_deutsch_jozsa_v1_000094,deutsch_jozsa,tampered,triggered,4,0,4,deutsch_jozsa
tampered_deutsch_jozsa_triggered_v1_000095,benign_deutsch_jozsa_v1_000095,deutsch_jozsa,tampered,triggered,3,4,3,deutsch_jozsa
tampered_deutsch_jozsa_triggered_v1_000096,benign_deutsch_jozsa_v1_000096,deutsch_jozsa,tampered,triggered,0,4,1,deutsch_jozsa
tampered_deutsch_jozsa_triggered_v1_000097,benign_deutsch_jozsa_v1_000097,deutsch_jozsa,tampered,triggered,3,2,2,deutsch_jozsa
tampered_deutsch_jozsa_triggered_v1_000098,benign_deutsch_jozsa_v1_000098,deutsch_jozsa,tampered,triggered,1,4,1,deutsch_jozsa
tampered_deutsch_jozsa_triggered_v1_000099,benign_deutsch_jozsa_v1_000099,deutsch_jozsa,tampered,triggered,1,0,3,deutsch_jozsa
tampered_deutsch_jozsa_triggered_v1_000100,benign_deutsch_jozsa_v1_000100,deutsch_jozsa,tampered,triggered,3,0,4,deutsch_jozsa
tampered_deutsch_jozsa_triggered_v1_000101,benign_deutsch_jozsa_v1_000101,deutsch_jozsa,tampered,triggered,4,0,0,deutsch_jozsa
tampered_deutsch_jozsa_triggered_v1_000102,benign_deutsch_jozsa_v1_000102,deutsch_jozsa,tampered,triggered,0,0,3,deutsch_jozsa
tampered_deutsch_jozsa_triggered_v1_000103,benign_deutsch_jozsa_v1_000103,deutsch_jozsa,tampered,triggered,0,3,0,deutsch_jozsa
tampered_deutsch_jozsa_triggered_v1_000104,benign_deutsch_jozsa_v1_000104,deutsch_jozsa,tampered,triggered,0,4,2,deutsch_jozsa
tampered_deutsch_jozsa_triggered_v1_000105,benign_deutsch_jozsa_v1_000105,deutsch_jozsa,tampered,triggered,0,0,1,deutsch_jozsa
tampered_deutsch_jozsa_triggered_v1_000106,benign_deutsch_jozsa_v1_000106,deutsch_jozsa,tampered,triggered,0,4,2,deutsch_jozsa
tampered_deutsch_jozsa_triggered_v1_000107,benign_deutsch_jozsa_v1_000107,deutsch_jozsa,tampered,triggered,4,3,1,deutsch_jozsa
tampered_deutsch_jozsa_triggered_v1_000108,benign_deutsch_jozsa_v1_000108,deutsch_jozsa,tampered,triggered,4,1,2,deutsch_jozsa
tampered_deutsch_jozsa_triggered_v1_000109,benign_deutsch_jozsa_v1_000109,deutsch_jozsa,tampered,triggered,0,0,3,deutsch_jozsa
tampered_deutsch_jozsa_triggered_v1_000110,benign_deutsch_jozsa_v1_000110,deutsch_jozsa,tampered,triggered,0,4,3,deutsch_jozsa
tampered_deutsch_jozsa_triggered_v1_000111,benign_deutsch_jozsa_v1_000111,deutsch_jozsa,tampered,triggered,3,3,1,deutsch_jozsa
tampered_deutsch_jozsa_triggered_v1_000112,benign_deutsch_jozsa_v1_000112,deutsch_jozsa,tampered,triggered,1,3,0,deutsch_jozsa
tampered_deutsch_jozsa_triggered_v1_000113,benign_deutsch_jozsa_v1_000113,deutsch_jozsa,tampered,triggered,3,4,3,deutsch_jozsa
tampered_deutsch_jozsa_triggered_v1_000114,benign_deutsch_jozsa_v1_000114,deutsch_jozsa,tampered,triggered,0,1,4,deutsch_jozsa
tampered_deutsch_jozsa_triggered_v1_000115,benign_deutsch_jozsa_v1_000115,deutsch_jozsa,tampered,triggered,0,0,0,deutsch_jozsa
tampered_deutsch_jozsa_triggered_v1_000116,benign_deutsch_jozsa_v1_000116,deutsch_jozsa,tampered,triggered,2,1,1,deutsch_jozsa
tampered_deutsch_jozsa_triggered_v1_000117,benign_deutsch_jozsa_v1_000117,deutsch_jozsa,tampered,triggered,2,2,1,deutsch_jozsa
tampered_deutsch_jozsa_triggered_v1_000118,benign_deutsch_jozsa_v1_000118,deutsch_jozsa,tampered,triggered,0,4,2,deutsch_jozsa
tampered_deutsch_jozsa_triggered_v1_000119,benign_deutsch_jozsa_v1_000119,deutsch_jozsa,tampered,triggered,0,2,4,deutsch_jozsa
tampered_deutsch_jozsa_triggered_v1_000120,benign_deutsch_jozsa_v1_000120,deutsch_jozsa,tampered,triggered,4,2,1,deutsch_jozsa
tampered_deutsch_jozsa_triggered_v1_000121,benign_deutsch_jozsa_v1_000121,deutsch_jozsa,tampered,triggered,2,1,4,deutsch_jozsa
tampered_deutsch_jozsa_triggered_v1_000122,benign_deutsch_jozsa_v1_000122,deutsch_jozsa,tampered,triggered,3,3,2,deutsch_jozsa
tampered_deutsch_jozsa_triggered_v1_000123,benign_deutsch_jozsa_v1_000123,deutsch_jozsa,tampered,triggered,4,4,3,deutsch_jozsa
tampered_deutsch_jozsa_triggered_v1_000124,benign_deutsch_jozsa_v1_000124,deutsch_jozsa,tampered,triggered,0,0,3,deutsch_jozsa
tampered_deutsch_jozsa_triggered_v1_000125,benign_deutsch_jozsa_v1_000125,deutsch_jozsa,tampered,triggered,4,2,0,deutsch_jozsa
tampered_deutsch_jozsa_triggered_v1_000126,benign_deutsch_jozsa_v1_000126,deutsch_jozsa,tampered,triggered,4,1,4,deutsch_jozsa
tampered_deutsch_jozsa_triggered_v1_000127,benign_deutsch_jozsa_v1_000127,deutsch_jozsa,tampered,triggered,1,1,0,deutsch_jozsa
tampered_deutsch_jozsa_triggered_v1_000128,benign_deutsch_jozsa_v1_000128,deutsch_jozsa,tampered,triggered,3,1,1,deutsch_jozsa
tampered_deutsch_jozsa_triggered_v1_000129,benign_deutsch_jozsa_v1_000129,deutsch_jozsa,tampered,triggered,2,4,3,deutsch_jozsa
tampered_deutsch_jozsa_triggered_v1_000130,benign_deutsch_jozsa_v1_000130,deutsch_jozsa,tampered,triggered,4,1,4,deutsch_jozsa
tampered_deutsch_jozsa_triggered_v1_000131,benign_deutsch_jozsa_v1_000131,deutsch_jozsa,tampered,triggered,3,0,1,deutsch_jozsa
tampered_deutsch_jozsa_triggered_v1_000132,benign_deutsch_jozsa_v1_000132,deutsch_jozsa,tampered,triggered,1,2,2,deutsch_jozsa
tampered_deutsch_jozsa_triggered_v1_000133,benign_deutsch_jozsa_v1_000133,deutsch_jozsa,tampered,triggered,4,2,4,deutsch_jozsa
tampered_deutsch_jozsa_triggered_v1_000134,benign_deutsch_jozsa_v1_000134,deutsch_jozsa,tampered,triggered,2,1,4,deutsch_jozsa
tampered_deutsch_jozsa_triggered_v1_000135,benign_deutsch_jozsa_v1_000135,deutsch_jozsa,tampered,triggered,3,4,0,deutsch_jozsa
tampered_deutsch_jozsa_triggered_v1_000136,benign_deutsch_jozsa_v1_000136,deutsch_jozsa,tampered,triggered,1,1,2,deutsch_jozsa
tampered_deutsch_jozsa_triggered_v1_000137,benign_deutsch_jozsa_v1_000137,deutsch_jozsa,tampered,triggered,0,1,4,deutsch_jozsa
tampered_deutsch_jozsa_triggered_v1_000138,benign_deutsch_jozsa_v1_000138,deutsch_jozsa,tampered,triggered,1,2,0,deutsch_jozsa
tampered_deutsch_jozsa_triggered_v1_000139,benign_deutsch_jozsa_v1_000139,deutsch_jozsa,tampered,triggered,4,2,2,deutsch_jozsa
tampered_deutsch_jozsa_triggered_v1_000140,benign_deutsch_jozsa_v1_000140,deutsch_jozsa,tampered,triggered,0,1,3,deutsch_jozsa
tampered_deutsch_jozsa_triggered_v1_000141,benign_deutsch_jozsa_v1_000141,deutsch_jozsa,tampered,triggered,4,4,2,deutsch_jozsa
tampered_deutsch_jozsa_triggered_v1_000142,benign_deutsch_jozsa_v1_000142,deutsch_jozsa,tampered,triggered,2,1,4,deutsch_jozsa
tampered_deutsch_jozsa_triggered_v1_000143,benign_deutsch_jozsa_v1_000143,deutsch_jozsa,tampered,triggered,2,4,3,deutsch_jozsa
tampered_deutsch_jozsa_triggered_v1_000144,benign_deutsch_jozsa_v1_000144,deutsch_jozsa,tampered,triggered,0,0,3,deutsch_jozsa
tampered_deutsch_jozsa_triggered_v1_000145,benign_deutsch_jozsa_v1_000145,deutsch_jozsa,tampered,triggered,1,2,3,deutsch_jozsa
tampered_deutsch_jozsa_triggered_v1_000146,benign_deutsch_jozsa_v1_000146,deutsch_jozsa,tampered,triggered,0,2,3,deutsch_jozsa
tampered_deutsch_jozsa_triggered_v1_000147,benign_deutsch_jozsa_v1_000147,deutsch_jozsa,tampered,triggered,4,3,0,deutsch_jozsa
tampered_deutsch_jozsa_triggered_v1_000148,benign_deutsch_jozsa_v1_000148,deutsch_jozsa,tampered,triggered,2,2,3,deutsch_jozsa
tampered_deutsch_jozsa_triggered_v1_000149,benign_deutsch_jozsa_v1_000149,deutsch_jozsa,tampered,triggered,3,0,3,deutsch_jozsa
tampered_deutsch_jozsa_triggered_v1_000150,benign_deutsch_jozsa_v1_000150,deutsch_jozsa,tampered,triggered,0,3,4,deutsch_jozsa
tampered_deutsch_jozsa_triggered_v1_000151,benign_deutsch_jozsa_v1_000151,deutsch_jozsa,tampered,triggered,2,1,3,deutsch_jozsa
tampered_deutsch_jozsa_triggered_v1_000152,benign_deutsch_jozsa_v1_000152,deutsch_jozsa,tampered,triggered,1,2,4,deutsch_jozsa
tampered_deutsch_jozsa_triggered_v1_000153,benign_deutsch_jozsa_v1_000153,deutsch_jozsa,tampered,triggered,1,3,4,deutsch_jozsa
tampered_deutsch_jozsa_triggered_v1_000154,benign_deutsch_jozsa_v1_000154,deutsch_jozsa,tampered,triggered,2,1,2,deutsch_jozsa
tampered_deutsch_jozsa_triggered_v1_000155,benign_deutsch_jozsa_v1_000155,deutsch_jozsa,tampered,triggered,1,1,0,deutsch_jozsa
tampered_deutsch_jozsa_triggered_v1_000156,benign_deutsch_jozsa_v1_000156,deutsch_jozsa,tampered,triggered,3,4,2,deutsch_jozsa
tampered_deutsch_jozsa_triggered_v1_000157,benign_deutsch_jozsa_v1_000157,deutsch_jozsa,tampered,triggered,1,1,3,deutsch_jozsa
tampered_deutsch_jozsa_triggered_v1_000158,benign_deutsch_jozsa_v1_000158,deutsch_jozsa,tampered,triggered,4,1,2,deutsch_jozsa
tampered_deutsch_jozsa_triggered_v1_000159,benign_deutsch_jozsa_v1_000159,deutsch_jozsa,tampered,triggered,3,3,2,deutsch_jozsa
tampered_deutsch_jozsa_triggered_v1_000160,benign_deutsch_jozsa_v1_000160,deutsch_jozsa,tampered,triggered,2,0,0,deutsch_jozsa
tampered_deutsch_jozsa_triggered_v1_000161,benign_deutsch_jozsa_v1_000161,deutsch_jozsa,tampered,triggered,2,0,1,deutsch_jozsa
tampered_deutsch_jozsa_triggered_v1_000162,benign_deutsch_jozsa_v1_000162,deutsch_jozsa,tampered,triggered,1,1,2,deutsch_jozsa
tampered_deutsch_jozsa_triggered_v1_000163,benign_deutsch_jozsa_v1_000163,deutsch_jozsa,tampered,triggered,0,3,4,deutsch_jozsa
tampered_deutsch_jozsa_triggered_v1_000164,benign_deutsch_jozsa_v1_000164,deutsch_jozsa,tampered,triggered,1,2,3,deutsch_jozsa
tampered_deutsch_jozsa_triggered_v1_000165,benign_deutsch_jozsa_v1_000165,deutsch_jozsa,tampered,triggered,3,4,3,deutsch_jozsa
tampered_deutsch_jozsa_triggered_v1_000166,benign_deutsch_jozsa_v1_000166,deutsch_jozsa,tampered,triggered,4,1,3,deutsch_jozsa
tampered_deutsch_jozsa_triggered_v1_000167,benign_deutsch_jozsa_v1_000167,deutsch_jozsa,tampered,triggered,0,1,0,deutsch_jozsa
tampered_deutsch_jozsa_triggered_v1_000168,benign_deutsch_jozsa_v1_000168,deutsch_jozsa,tampered,triggered,3,0,0,deutsch_jozsa
tampered_deutsch_jozsa_triggered_v1_000169,benign_deutsch_jozsa_v1_000169,deutsch_jozsa,tampered,triggered,1,4,4,deutsch_jozsa
tampered_deutsch_jozsa_triggered_v1_000170,benign_deutsch_jozsa_v1_000170,deutsch_jozsa,tampered,triggered,4,4,1,deutsch_jozsa
tampered_deutsch_jozsa_triggered_v1_000171,benign_deutsch_jozsa_v1_000171,deutsch_jozsa,tampered,triggered,4,1,2,deutsch_jozsa
tampered_deutsch_jozsa_triggered_v1_000172,benign_deutsch_jozsa_v1_000172,deutsch_jozsa,tampered,triggered,3,2,4,deutsch_jozsa
tampered_deutsch_jozsa_triggered_v1_000173,benign_deutsch_jozsa_v1_000173,deutsch_jozsa,tampered,triggered,2,3,1,deutsch_jozsa
tampered_deutsch_jozsa_triggered_v1_000174,benign_deutsch_jozsa_v1_000174,deutsch_jozsa,tampered,triggered,3,3,1,deutsch_jozsa
tampered_deutsch_jozsa_triggered_v1_000175,benign_deutsch_jozsa_v1_000175,deutsch_jozsa,tampered,triggered,4,4,0,deutsch_jozsa
tampered_deutsch_jozsa_triggered_v1_000176,benign_deutsch_jozsa_v1_000176,deutsch_jozsa,tampered,triggered,0,0,4,deutsch_jozsa
tampered_deutsch_jozsa_triggered_v1_000177,benign_deutsch_jozsa_v1_000177,deutsch_jozsa,tampered,triggered,0,0,4,deutsch_jozsa
tampered_deutsch_jozsa_triggered_v1_000178,benign_deutsch_jozsa_v1_000178,deutsch_jozsa,tampered,triggered,0,4,1,deutsch_jozsa
tampered_deutsch_jozsa_triggered_v1_000179,benign_deutsch_jozsa_v1_000179,deutsch_jozsa,tampered,triggered,1,0,3,deutsch_jozsa
tampered_deutsch_jozsa_triggered_v1_000180,benign_deutsch_jozsa_v1_000180,deutsch_jozsa,tampered,triggered,4,4,1,deutsch_jozsa
tampered_deutsch_jozsa_triggered_v1_000181,benign_deutsch_jozsa_v1_000181,deutsch_jozsa,tampered,triggered,0,4,0,deutsch_jozsa
tampered_deutsch_jozsa_triggered_v1_000182,benign_deutsch_jozsa_v1_000182,deutsch_jozsa,tampered,triggered,2,2,1,deutsch_jozsa
tampered_deutsch_jozsa_triggered_v1_000183,benign_deutsch_jozsa_v1_000183,deutsch_jozsa,tampered,triggered,1,1,3,deutsch_jozsa
tampered_deutsch_jozsa_triggered_v1_000184,benign_deutsch_jozsa_v1_000184,deutsch_jozsa,tampered,triggered,0,1,0,deutsch_jozsa
tampered_deutsch_jozsa_triggered_v1_000185,benign_deutsch_jozsa_v1_000185,deutsch_jozsa,tampered,triggered,4,3,2,deutsch_jozsa
tampered_deutsch_jozsa_triggered_v1_000186,benign_deutsch_jozsa_v1_000186,deutsch_jozsa,tampered,triggered,3,1,1,deutsch_jozsa
tampered_deutsch_jozsa_triggered_v1_000187,benign_deutsch_jozsa_v1_000187,deutsch_jozsa,tampered,triggered,4,4,1,deutsch_jozsa
tampered_deutsch_jozsa_triggered_v1_000188,benign_deutsch_jozsa_v1_000188,deutsch_jozsa,tampered,triggered,4,4,3,deutsch_jozsa
tampered_deutsch_jozsa_triggered_v1_000189,benign_deutsch_jozsa_v1_000189,deutsch_jozsa,tampered,triggered,1,3,0,deutsch_jozsa
tampered_deutsch_jozsa_triggered_v1_000190,benign_deutsch_jozsa_v1_000190,deutsch_jozsa,tampered,triggered,4,2,2,deutsch_jozsa
tampered_deutsch_jozsa_triggered_v1_000191,benign_deutsch_jozsa_v1_000191,deutsch_jozsa,tampered,triggered,3,1,1,deutsch_jozsa
tampered_deutsch_jozsa_triggered_v1_000192,benign_deutsch_jozsa_v1_000192,deutsch_jozsa,tampered,triggered,4,3,3,deutsch_jozsa
tampered_deutsch_jozsa_triggered_v1_000193,benign_deutsch_jozsa_v1_000193,deutsch_jozsa,tampered,triggered,3,0,3,deutsch_jozsa
tampered_deutsch_jozsa_triggered_v1_000194,benign_deutsch_jozsa_v1_000194,deutsch_jozsa,tampered,triggered,2,0,3,deutsch_jozsa
tampered_deutsch_jozsa_triggered_v1_000195,benign_deutsch_jozsa_v1_000195,deutsch_jozsa,tampered,triggered,1,1,2,deutsch_jozsa
tampered_deutsch_jozsa_triggered_v1_000196,benign_deutsch_jozsa_v1_000196,deutsch_jozsa,tampered,triggered,4,3,0,deutsch_jozsa
tampered_deutsch_jozsa_triggered_v1_000197,benign_deutsch_jozsa_v1_000197,deutsch_jozsa,tampered,triggered,1,0,2,deutsch_jozsa
tampered_deutsch_jozsa_triggered_v1_000198,benign_deutsch_jozsa_v1_000198,deutsch_jozsa,tampered,triggered,3,1,2,deutsch_jozsa
tampered_deutsch_jozsa_triggered_v1_000199,benign_deutsch_jozsa_v1_000199,deutsch_jozsa,tampered,triggered,0,2,4,deutsch_jozsa
tampered_deutsch_jozsa_triggered_v1_000200,benign_deutsch_jozsa_v1_000200,deutsch_jozsa,tampered,triggered,4,0,2,deutsch_jozsa
tampered_deutsch_jozsa_triggered_v1_000201,benign_deutsch_jozsa_v1_000201,deutsch_jozsa,tampered,triggered,0,4,4,deutsch_jozsa
tampered_deutsch_jozsa_triggered_v1_000202,benign_deutsch_jozsa_v1_000202,deutsch_jozsa,tampered,triggered,2,1,3,deutsch_jozsa
tampered_deutsch_jozsa_triggered_v1_000203,benign_deutsch_jozsa_v1_000203,deutsch_jozsa,tampered,triggered,0,3,4,deutsch_jozsa
tampered_deutsch_jozsa_triggered_v1_000204,benign_deutsch_jozsa_v1_000204,deutsch_jozsa,tampered,triggered,4,2,2,deutsch_jozsa
tampered_deutsch_jozsa_triggered_v1_000205,benign_deutsch_jozsa_v1_000205,deutsch_jozsa,tampered,triggered,3,4,2,deutsch_jozsa
tampered_deutsch_jozsa_triggered_v1_000206,benign_deutsch_jozsa_v1_000206,deutsch_jozsa,tampered,triggered,1,4,1,deutsch_jozsa
tampered_deutsch_jozsa_triggered_v1_000207,benign_deutsch_jozsa_v1_000207,deutsch_jozsa,tampered,triggered,0,0,0,deutsch_jozsa
tampered_deutsch_jozsa_triggered_v1_000208,benign_deutsch_jozsa_v1_000208,deutsch_jozsa,tampered,triggered,0,2,1,deutsch_jozsa
tampered_deutsch_jozsa_triggered_v1_000209,benign_deutsch_jozsa_v1_000209,deutsch_jozsa,tampered,triggered,2,0,1,deutsch_jozsa
tampered_deutsch_jozsa_triggered_v1_000210,benign_deutsch_jozsa_v1_000210,deutsch_jozsa,tampered,triggered,0,3,2,deutsch_jozsa
tampered_deutsch_jozsa_triggered_v1_000211,benign_deutsch_jozsa_v1_000211,deutsch_jozsa,tampered,triggered,1,1,1,deutsch_jozsa
tampered_deutsch_jozsa_triggered_v1_000212,benign_deutsch_jozsa_v1_000212,deutsch_jozsa,tampered,triggered,3,3,0,deutsch_jozsa
tampered_deutsch_jozsa_triggered_v1_000213,benign_deutsch_jozsa_v1_000213,deutsch_jozsa,tampered,triggered,4,0,0,deutsch_jozsa
tampered_deutsch_jozsa_triggered_v1_000214,benign_deutsch_jozsa_v1_000214,deutsch_jozsa,tampered,triggered,2,4,0,deutsch_jozsa
tampered_deutsch_jozsa_triggered_v1_000215,benign_deutsch_jozsa_v1_000215,deutsch_jozsa,tampered,triggered,1,1,0,deutsch_jozsa
tampered_deutsch_jozsa_triggered_v1_000216,benign_deutsch_jozsa_v1_000216,deutsch_jozsa,tampered,triggered,3,3,0,deutsch_jozsa
tampered_deutsch_jozsa_triggered_v1_000217,benign_deutsch_jozsa_v1_000217,deutsch_jozsa,tampered,triggered,2,2,2,deutsch_jozsa
tampered_deutsch_jozsa_triggered_v1_000218,benign_deutsch_jozsa_v1_000218,deutsch_jozsa,tampered,triggered,2,0,2,deutsch_jozsa
tampered_deutsch_jozsa_triggered_v1_000219,benign_deutsch_jozsa_v1_000219,deutsch_jozsa,tampered,triggered,2,4,3,deutsch_jozsa
tampered_deutsch_jozsa_triggered_v1_000220,benign_deutsch_jozsa_v1_000220,deutsch_jozsa,tampered,triggered,2,1,2,deutsch_jozsa
tampered_deutsch_jozsa_triggered_v1_000221,benign_deutsch_jozsa_v1_000221,deutsch_jozsa,tampered,triggered,4,0,0,deutsch_jozsa
tampered_deutsch_jozsa_triggered_v1_000222,benign_deutsch_jozsa_v1_000222,deutsch_jozsa,tampered,triggered,0,2,0,deutsch_jozsa
tampered_deutsch_jozsa_triggered_v1_000223,benign_deutsch_jozsa_v1_000223,deutsch_jozsa,tampered,triggered,1,3,3,deutsch_jozsa
tampered_deutsch_jozsa_triggered_v1_000224,benign_deutsch_jozsa_v1_000224,deutsch_jozsa,tampered,triggered,2,1,1,deutsch_jozsa
tampered_deutsch_jozsa_triggered_v1_000225,benign_deutsch_jozsa_v1_000225,deutsch_jozsa,tampered,triggered,3,4,2,deutsch_jozsa
tampered_deutsch_jozsa_triggered_v1_000226,benign_deutsch_jozsa_v1_000226,deutsch_jozsa,tampered,triggered,4,4,1,deutsch_jozsa
tampered_deutsch_jozsa_triggered_v1_000227,benign_deutsch_jozsa_v1_000227,deutsch_jozsa,tampered,triggered,1,0,2,deutsch_jozsa
tampered_deutsch_jozsa_triggered_v1_000228,benign_deutsch_jozsa_v1_000228,deutsch_jozsa,tampered,triggered,2,0,3,deutsch_jozsa
tampered_deutsch_jozsa_triggered_v1_000229,benign_deutsch_jozsa_v1_000229,deutsch_jozsa,tampered,triggered,1,1,4,deutsch_jozsa
tampered_deutsch_jozsa_triggered_v1_000230,benign_deutsch_jozsa_v1_000230,deutsch_jozsa,tampered,triggered,4,1,3,deutsch_jozsa
tampered_deutsch_jozsa_triggered_v1_000231,benign_deutsch_jozsa_v1_000231,deutsch_jozsa,tampered,triggered,2,0,0,deutsch_jozsa
tampered_deutsch_jozsa_triggered_v1_000232,benign_deutsch_jozsa_v1_000232,deutsch_jozsa,tampered,triggered,4,0,0,deutsch_jozsa
tampered_deutsch_jozsa_triggered_v1_000233,benign_deutsch_jozsa_v1_000233,deutsch_jozsa,tampered,triggered,4,4,2,deutsch_jozsa
tampered_deutsch_jozsa_triggered_v1_000234,benign_deutsch_jozsa_v1_000234,deutsch_jozsa,tampered,triggered,3,2,4,deutsch_jozsa
tampered_deutsch_jozsa_triggered_v1_000235,benign_deutsch_jozsa_v1_000235,deutsch_jozsa,tampered,triggered,1,0,4,deutsch_jozsa
tampered_deutsch_jozsa_triggered_v1_000236,benign_deutsch_jozsa_v1_000236,deutsch_jozsa,tampered,triggered,2,0,2,deutsch_jozsa
tampered_deutsch_jozsa_triggered_v1_000237,benign_deutsch_jozsa_v1_000237,deutsch_jozsa,tampered,triggered,0,0,1,deutsch_jozsa
tampered_deutsch_jozsa_triggered_v1_000238,benign_deutsch_jozsa_v1_000238,deutsch_jozsa,tampered,triggered,0,4,1,deutsch_jozsa
tampered_deutsch_jozsa_triggered_v1_000239,benign_deutsch_jozsa_v1_000239,deutsch_jozsa,tampered,triggered,4,1,2,deutsch_jozsa
tampered_deutsch_jozsa_triggered_v1_000240,benign_deutsch_jozsa_v1_000240,deutsch_jozsa,tampered,triggered,1,2,2,deutsch_jozsa
tampered_deutsch_jozsa_triggered_v1_000241,benign_deutsch_jozsa_v1_000241,deutsch_jozsa,tampered,triggered,1,3,0,deutsch_jozsa
tampered_deutsch_jozsa_triggered_v1_000242,benign_deutsch_jozsa_v1_000242,deutsch_jozsa,tampered,triggered,4,0,1,deutsch_jozsa
tampered_deutsch_jozsa_triggered_v1_000243,benign_deutsch_jozsa_v1_000243,deutsch_jozsa,tampered,triggered,1,1,0,deutsch_jozsa
tampered_deutsch_jozsa_triggered_v1_000244,benign_deutsch_jozsa_v1_000244,deutsch_jozsa,tampered,triggered,3,3,2,deutsch_jozsa
tampered_deutsch_jozsa_triggered_v1_000245,benign_deutsch_jozsa_v1_000245,deutsch_jozsa,tampered,triggered,0,2,1,deutsch_jozsa
tampered_deutsch_jozsa_triggered_v1_000246,benign_deutsch_jozsa_v1_000246,deutsch_jozsa,tampered,triggered,2,3,3,deutsch_jozsa
tampered_deutsch_jozsa_triggered_v1_000247,benign_deutsch_jozsa_v1_000247,deutsch_jozsa,tampered,triggered,0,3,0,deutsch_jozsa
tampered_deutsch_jozsa_triggered_v1_000248,benign_deutsch_jozsa_v1_000248,deutsch_jozsa,tampered,triggered,1,1,3,deutsch_jozsa
tampered_deutsch_jozsa_triggered_v1_000249,benign_deutsch_jozsa_v1_000249,deutsch_jozsa,tampered,triggered,1,3,2,deutsch_jozsa
tampered_deutsch_jozsa_triggered_v1_000250,benign_deutsch_jozsa_v1_000250,deutsch_jozsa,tampered,triggered,2,2,2,deutsch_jozsa
tampered_deutsch_jozsa_triggered_v1_000251,benign_deutsch_jozsa_v1_000251,deutsch_jozsa,tampered,triggered,2,4,0,deutsch_jozsa
tampered_deutsch_jozsa_triggered_v1_000252,benign_deutsch_jozsa_v1_000252,deutsch_jozsa,tampered,triggered,1,4,0,deutsch_jozsa
tampered_deutsch_jozsa_triggered_v1_000253,benign_deutsch_jozsa_v1_000253,deutsch_jozsa,tampered,triggered,0,4,4,deutsch_jozsa
tampered_deutsch_jozsa_triggered_v1_000254,benign_deutsch_jozsa_v1_000254,deutsch_jozsa,tampered,triggered,2,3,3,deutsch_jozsa
tampered_deutsch_jozsa_triggered_v1_000255,benign_deutsch_jozsa_v1_000255,deutsch_jozsa,tampered,triggered,4,3,2,deutsch_jozsa
tampered_deutsch_jozsa_triggered_v1_000256,benign_deutsch_jozsa_v1_000256,deutsch_jozsa,tampered,triggered,2,3,3,deutsch_jozsa
tampered_deutsch_jozsa_triggered_v1_000257,benign_deutsch_jozsa_v1_000257,deutsch_jozsa,tampered,triggered,4,2,1,deutsch_jozsa
tampered_deutsch_jozsa_triggered_v1_000258,benign_deutsch_jozsa_v1_000258,deutsch_jozsa,tampered,triggered,3,4,4,deutsch_jozsa
tampered_deutsch_jozsa_triggered_v1_000259,benign_deutsch_jozsa_v1_000259,deutsch_jozsa,tampered,triggered,0,1,2,deutsch_jozsa
tampered_deutsch_jozsa_triggered_v1_000260,benign_deutsch_jozsa_v1_000260,deutsch_jozsa,tampered,triggered,1,2,3,deutsch_jozsa
tampered_deutsch_jozsa_triggered_v1_000261,benign_deutsch_jozsa_v1_000261,deutsch_jozsa,tampered,triggered,4,0,0,deutsch_jozsa
tampered_deutsch_jozsa_triggered_v1_000262,benign_deutsch_jozsa_v1_000262,deutsch_jozsa,tampered,triggered,3,4,1,deutsch_jozsa
tampered_deutsch_jozsa_triggered_v1_000263,benign_deutsch_jozsa_v1_000263,deutsch_jozsa,tampered,triggered,0,1,2,deutsch_jozsa
tampered_deutsch_jozsa_triggered_v1_000264,benign_deutsch_jozsa_v1_000264,deutsch_jozsa,tampered,triggered,2,1,1,deutsch_jozsa
tampered_deutsch_jozsa_triggered_v1_000265,benign_deutsch_jozsa_v1_000265,deutsch_jozsa,tampered,triggered,1,1,4,deutsch_jozsa
tampered_deutsch_jozsa_triggered_v1_000266,benign_deutsch_jozsa_v1_000266,deutsch_jozsa,tampered,triggered,0,0,4,deutsch_jozsa
tampered_deutsch_jozsa_triggered_v1_000267,benign_deutsch_jozsa_v1_000267,deutsch_jozsa,tampered,triggered,2,1,0,deutsch_jozsa
tampered_deutsch_jozsa_triggered_v1_000268,benign_deutsch_jozsa_v1_000268,deutsch_jozsa,tampered,triggered,0,3,2,deutsch_jozsa
tampered_deutsch_jozsa_triggered_v1_000269,benign_deutsch_jozsa_v1_000269,deutsch_jozsa,tampered,triggered,2,3,2,deutsch_jozsa
tampered_deutsch_jozsa_triggered_v1_000270,benign_deutsch_jozsa_v1_000270,deutsch_jozsa,tampered,triggered,2,4,4,deutsch_jozsa
tampered_deutsch_jozsa_triggered_v1_000271,benign_deutsch_jozsa_v1_000271,deutsch_jozsa,tampered,triggered,4,1,2,deutsch_jozsa
tampered_deutsch_jozsa_triggered_v1_000272,benign_deutsch_jozsa_v1_000272,deutsch_jozsa,tampered,triggered,1,2,4,deutsch_jozsa
tampered_deutsch_jozsa_triggered_v1_000273,benign_deutsch_jozsa_v1_000273,deutsch_jozsa,tampered,triggered,4,2,2,deutsch_jozsa
tampered_deutsch_jozsa_triggered_v1_000274,benign_deutsch_jozsa_v1_000274,deutsch_jozsa,tampered,triggered,3,2,4,deutsch_jozsa
tampered_deutsch_jozsa_triggered_v1_000275,benign_deutsch_jozsa_v1_000275,deutsch_jozsa,tampered,triggered,1,4,0,deutsch_jozsa
tampered_deutsch_jozsa_triggered_v1_000276,benign_deutsch_jozsa_v1_000276,deutsch_jozsa,tampered,triggered,1,1,4,deutsch_jozsa
tampered_deutsch_jozsa_triggered_v1_000277,benign_deutsch_jozsa_v1_000277,deutsch_jozsa,tampered,triggered,3,4,3,deutsch_jozsa
tampered_deutsch_jozsa_triggered_v1_000278,benign_deutsch_jozsa_v1_000278,deutsch_jozsa,tampered,triggered,3,4,1,deutsch_jozsa
tampered_deutsch_jozsa_triggered_v1_000279,benign_deutsch_jozsa_v1_000279,deutsch_jozsa,tampered,triggered,1,4,4,deutsch_jozsa
tampered_deutsch_jozsa_triggered_v1_000280,benign_deutsch_jozsa_v1_000280,deutsch_jozsa,tampered,triggered,2,4,3,deutsch_jozsa
tampered_deutsch_jozsa_triggered_v1_000281,benign_deutsch_jozsa_v1_000281,deutsch_jozsa,tampered,triggered,1,4,4,deutsch_jozsa
tampered_deutsch_jozsa_triggered_v1_000282,benign_deutsch_jozsa_v1_000282,deutsch_jozsa,tampered,triggered,2,3,1,deutsch_jozsa
tampered_deutsch_jozsa_triggered_v1_000283,benign_deutsch_jozsa_v1_000283,deutsch_jozsa,tampered,triggered,1,0,1,deutsch_jozsa
tampered_deutsch_jozsa_triggered_v1_000284,benign_deutsch_jozsa_v1_000284,deutsch_jozsa,tampered,triggered,0,4,3,deutsch_jozsa
tampered_deutsch_jozsa_triggered_v1_000285,benign_deutsch_jozsa_v1_000285,deutsch_jozsa,tampered,triggered,4,0,0,deutsch_jozsa
tampered_deutsch_jozsa_triggered_v1_000286,benign_deutsch_jozsa_v1_000286,deutsch_jozsa,tampered,triggered,2,1,2,deutsch_jozsa
tampered_deutsch_jozsa_triggered_v1_000287,benign_deutsch_jozsa_v1_000287,deutsch_jozsa,tampered,triggered,2,1,0,deutsch_jozsa
tampered_deutsch_jozsa_triggered_v1_000288,benign_deutsch_jozsa_v1_000288,deutsch_jozsa,tampered,triggered,1,3,4,deutsch_jozsa
tampered_deutsch_jozsa_triggered_v1_000289,benign_deutsch_jozsa_v1_000289,deutsch_jozsa,tampered,triggered,0,1,4,deutsch_jozsa
tampered_deutsch_jozsa_triggered_v1_000290,benign_deutsch_jozsa_v1_000290,deutsch_jozsa,tampered,triggered,0,0,3,deutsch_jozsa
tampered_deutsch_jozsa_triggered_v1_000291,benign_deutsch_jozsa_v1_000291,deutsch_jozsa,tampered,triggered,2,4,0,deutsch_jozsa
tampered_deutsch_jozsa_triggered_v1_000292,benign_deutsch_jozsa_v1_000292,deutsch_jozsa,tampered,triggered,0,0,3,deutsch_jozsa
tampered_deutsch_jozsa_triggered_v1_000293,benign_deutsch_jozsa_v1_000293,deutsch_jozsa,tampered,triggered,2,0,0,deutsch_jozsa
tampered_deutsch_jozsa_triggered_v1_000294,benign_deutsch_jozsa_v1_000294,deutsch_jozsa,tampered,triggered,2,3,2,deutsch_jozsa
tampered_deutsch_jozsa_triggered_v1_000295,benign_deutsch_jozsa_v1_000295,deutsch_jozsa,tampered,triggered,2,0,3,deutsch_jozsa
tampered_deutsch_jozsa_triggered_v1_000296,benign_deutsch_jozsa_v1_000296,deutsch_jozsa,tampered,triggered,4,0,0,deutsch_jozsa
tampered_deutsch_jozsa_triggered_v1_000297,benign_deutsch_jozsa_v1_000297,deutsch_jozsa,tampered,triggered,0,1,2,deutsch_jozsa
tampered_deutsch_jozsa_triggered_v1_000298,benign_deutsch_jozsa_v1_000298,deutsch_jozsa,tampered,triggered,1,2,0,deutsch_jozsa
tampered_deutsch_jozsa_triggered_v1_000299,benign_deutsch_jozsa_v1_000299,deutsch_jozsa,tampered,triggered,2,2,0,deutsch_jozsa
tampered_deutsch_jozsa_triggered_v1_000300,benign_deutsch_jozsa_v1_000300,deutsch_jozsa,tampered,triggered,1,1,3,deutsch_jozsa
tampered_deutsch_jozsa_triggered_v1_000301,benign_deutsch_jozsa_v1_000301,deutsch_jozsa,tampered,triggered,0,0,0,deutsch_jozsa
tampered_deutsch_jozsa_triggered_v1_000302,benign_deutsch_jozsa_v1_000302,deutsch_jozsa,tampered,triggered,4,3,1,deutsch_jozsa
tampered_deutsch_jozsa_triggered_v1_000303,benign_deutsch_jozsa_v1_000303,deutsch_jozsa,tampered,triggered,1,2,4,deutsch_jozsa
tampered_deutsch_jozsa_triggered_v1_000304,benign_deutsch_jozsa_v1_000304,deutsch_jozsa,tampered,triggered,3,2,4,deutsch_jozsa
tampered_deutsch_jozsa_triggered_v1_000305,benign_deutsch_jozsa_v1_000305,deutsch_jozsa,tampered,triggered,1,2,0,deutsch_jozsa
tampered_deutsch_jozsa_triggered_v1_000306,benign_deutsch_jozsa_v1_000306,deutsch_jozsa,tampered,triggered,3,1,4,deutsch_jozsa
tampered_deutsch_jozsa_triggered_v1_000307,benign_deutsch_jozsa_v1_000307,deutsch_jozsa,tampered,triggered,2,2,4,deutsch_jozsa
tampered_deutsch_jozsa_triggered_v1_000308,benign_deutsch_jozsa_v1_000308,deutsch_jozsa,tampered,triggered,4,1,3,deutsch_jozsa
tampered_deutsch_jozsa_triggered_v1_000309,benign_deutsch_jozsa_v1_000309,deutsch_jozsa,tampered,triggered,3,0,0,deutsch_jozsa
tampered_deutsch_jozsa_triggered_v1_000310,benign_deutsch_jozsa_v1_000310,deutsch_jozsa,tampered,triggered,3,4,3,deutsch_jozsa
tampered_deutsch_jozsa_triggered_v1_000311,benign_deutsch_jozsa_v1_000311,deutsch_jozsa,tampered,triggered,4,3,4,deutsch_jozsa
tampered_deutsch_jozsa_triggered_v1_000312,benign_deutsch_jozsa_v1_000312,deutsch_jozsa,tampered,triggered,1,2,2,deutsch_jozsa
tampered_deutsch_jozsa_triggered_v1_000313,benign_deutsch_jozsa_v1_000313,deutsch_jozsa,tampered,triggered,3,3,3,deutsch_jozsa
tampered_deutsch_jozsa_triggered_v1_000314,benign_deutsch_jozsa_v1_000314,deutsch_jozsa,tampered,triggered,1,4,1,deutsch_jozsa
tampered_deutsch_jozsa_triggered_v1_000315,benign_deutsch_jozsa_v1_000315,deutsch_jozsa,tampered,triggered,1,0,3,deutsch_jozsa
tampered_deutsch_jozsa_triggered_v1_000316,benign_deutsch_jozsa_v1_000316,deutsch_jozsa,tampered,triggered,4,3,3,deutsch_jozsa
tampered_deutsch_jozsa_triggered_v1_000317,benign_deutsch_jozsa_v1_000317,deutsch_jozsa,tampered,triggered,0,2,3,deutsch_jozsa
tampered_deutsch_jozsa_triggered_v1_000318,benign_deutsch_jozsa_v1_000318,deutsch_jozsa,tampered,triggered,4,3,4,deutsch_jozsa
tampered_deutsch_jozsa_triggered_v1_000319,benign_deutsch_jozsa_v1_000319,deutsch_jozsa,tampered,triggered,3,2,1,deutsch_jozsa
tampered_deutsch_jozsa_triggered_v1_000320,benign_deutsch_jozsa_v1_000320,deutsch_jozsa,tampered,triggered,0,2,0,deutsch_jozsa
tampered_deutsch_jozsa_triggered_v1_000321,benign_deutsch_jozsa_v1_000321,deutsch_jozsa,tampered,triggered,1,3,0,deutsch_jozsa
tampered_deutsch_jozsa_triggered_v1_000322,benign_deutsch_jozsa_v1_000322,deutsch_jozsa,tampered,triggered,2,2,4,deutsch_jozsa
tampered_deutsch_jozsa_triggered_v1_000323,benign_deutsch_jozsa_v1_000323,deutsch_jozsa,tampered,triggered,4,0,0,deutsch_jozsa
tampered_deutsch_jozsa_triggered_v1_000324,benign_deutsch_jozsa_v1_000324,deutsch_jozsa,tampered,triggered,3,2,2,deutsch_jozsa
tampered_deutsch_jozsa_triggered_v1_000325,benign_deutsch_jozsa_v1_000325,deutsch_jozsa,tampered,triggered,2,0,4,deutsch_jozsa
tampered_deutsch_jozsa_triggered_v1_000326,benign_deutsch_jozsa_v1_000326,deutsch_jozsa,tampered,triggered,2,3,1,deutsch_jozsa
tampered_deutsch_jozsa_triggered_v1_000327,benign_deutsch_jozsa_v1_000327,deutsch_jozsa,tampered,triggered,4,4,1,deutsch_jozsa
tampered_deutsch_jozsa_triggered_v1_000328,benign_deutsch_jozsa_v1_000328,deutsch_jozsa,tampered,triggered,3,1,4,deutsch_jozsa
tampered_deutsch_jozsa_triggered_v1_000329,benign_deutsch_jozsa_v1_000329,deutsch_jozsa,tampered,triggered,4,4,3,deutsch_jozsa
tampered_deutsch_jozsa_triggered_v1_000330,benign_deutsch_jozsa_v1_000330,deutsch_jozsa,tampered,triggered,2,3,3,deutsch_jozsa
tampered_deutsch_jozsa_triggered_v1_000331,benign_deutsch_jozsa_v1_000331,deutsch_jozsa,tampered,triggered,4,1,0,deutsch_jozsa
tampered_deutsch_jozsa_triggered_v1_000332,benign_deutsch_jozsa_v1_000332,deutsch_jozsa,tampered,triggered,2,0,0,deutsch_jozsa
tampered_deutsch_jozsa_triggered_v1_000333,benign_deutsch_jozsa_v1_000333,deutsch_jozsa,tampered,triggered,0,0,4,deutsch_jozsa
tampered_deutsch_jozsa_triggered_v1_000334,benign_deutsch_jozsa_v1_000334,deutsch_jozsa,tampered,triggered,3,3,4,deutsch_jozsa
tampered_deutsch_jozsa_triggered_v1_000335,benign_deutsch_jozsa_v1_000335,deutsch_jozsa,tampered,triggered,2,2,1,deutsch_jozsa
tampered_deutsch_jozsa_triggered_v1_000336,benign_deutsch_jozsa_v1_000336,deutsch_jozsa,tampered,triggered,0,0,3,deutsch_jozsa
tampered_deutsch_jozsa_triggered_v1_000337,benign_deutsch_jozsa_v1_000337,deutsch_jozsa,tampered,triggered,3,4,1,deutsch_jozsa
tampered_deutsch_jozsa_triggered_v1_000338,benign_deutsch_jozsa_v1_000338,deutsch_jozsa,tampered,triggered,1,2,4,deutsch_jozsa
tampered_deutsch_jozsa_triggered_v1_000339,benign_deutsch_jozsa_v1_000339,deutsch_jozsa,tampered,triggered,4,2,3,deutsch_jozsa
tampered_deutsch_jozsa_triggered_v1_000340,benign_deutsch_jozsa_v1_000340,deutsch_jozsa,tampered,triggered,0,0,2,deutsch_jozsa
tampered_deutsch_jozsa_triggered_v1_000341,benign_deutsch_jozsa_v1_000341,deutsch_jozsa,tampered,triggered,0,4,3,deutsch_jozsa
tampered_deutsch_jozsa_triggered_v1_000342,benign_deutsch_jozsa_v1_000342,deutsch_jozsa,tampered,triggered,3,3,3,deutsch_jozsa
tampered_deutsch_jozsa_triggered_v1_000343,benign_deutsch_jozsa_v1_000343,deutsch_jozsa,tampered,triggered,1,2,2,deutsch_jozsa
tampered_deutsch_jozsa_triggered_v1_000344,benign_deutsch_jozsa_v1_000344,deutsch_jozsa,tampered,triggered,2,1,1,deutsch_jozsa
tampered_deutsch_jozsa_triggered_v1_000345,benign_deutsch_jozsa_v1_000345,deutsch_jozsa,tampered,triggered,1,1,4,deutsch_jozsa
tampered_deutsch_jozsa_triggered_v1_000346,benign_deutsch_jozsa_v1_000346,deutsch_jozsa,tampered,triggered,3,1,2,deutsch_jozsa
tampered_deutsch_jozsa_triggered_v1_000347,benign_deutsch_jozsa_v1_000347,deutsch_jozsa,tampered,triggered,0,4,1,deutsch_jozsa
tampered_deutsch_jozsa_triggered_v1_000348,benign_deutsch_jozsa_v1_000348,deutsch_jozsa,tampered,triggered,3,1,3,deutsch_jozsa
tampered_deutsch_jozsa_triggered_v1_000349,benign_deutsch_jozsa_v1_000349,deutsch_jozsa,tampered,triggered,4,2,1,deutsch_jozsa
tampered_deutsch_jozsa_triggered_v1_000350,benign_deutsch_jozsa_v1_000350,deutsch_jozsa,tampered,triggered,1,1,0,deutsch_jozsa
tampered_deutsch_jozsa_triggered_v1_000351,benign_deutsch_jozsa_v1_000351,deutsch_jozsa,tampered,triggered,4,2,1,deutsch_jozsa
tampered_deutsch_jozsa_triggered_v1_000352,benign_deutsch_jozsa_v1_000352,deutsch_jozsa,tampered,triggered,4,3,0,deutsch_jozsa
tampered_deutsch_jozsa_triggered_v1_000353,benign_deutsch_jozsa_v1_000353,deutsch_jozsa,tampered,triggered,0,2,3,deutsch_jozsa
tampered_deutsch_jozsa_triggered_v1_000354,benign_deutsch_jozsa_v1_000354,deutsch_jozsa,tampered,triggered,1,0,3,deutsch_jozsa
tampered_deutsch_jozsa_triggered_v1_000355,benign_deutsch_jozsa_v1_000355,deutsch_jozsa,tampered,triggered,1,1,2,deutsch_jozsa
tampered_deutsch_jozsa_triggered_v1_000356,benign_deutsch_jozsa_v1_000356,deutsch_jozsa,tampered,triggered,4,0,3,deutsch_jozsa
tampered_deutsch_jozsa_triggered_v1_000357,benign_deutsch_jozsa_v1_000357,deutsch_jozsa,tampered,triggered,0,1,4,deutsch_jozsa
tampered_deutsch_jozsa_triggered_v1_000358,benign_deutsch_jozsa_v1_000358,deutsch_jozsa,tampered,triggered,0,2,0,deutsch_jozsa
tampered_deutsch_jozsa_triggered_v1_000359,benign_deutsch_jozsa_v1_000359,deutsch_jozsa,tampered,triggered,0,4,3,deutsch_jozsa
tampered_deutsch_jozsa_triggered_v1_000360,benign_deutsch_jozsa_v1_000360,deutsch_jozsa,tampered,triggered,0,4,4,deutsch_jozsa
tampered_deutsch_jozsa_triggered_v1_000361,benign_deutsch_jozsa_v1_000361,deutsch_jozsa,tampered,triggered,2,2,2,deutsch_jozsa
tampered_deutsch_jozsa_triggered_v1_000362,benign_deutsch_jozsa_v1_000362,deutsch_jozsa,tampered,triggered,2,3,1,deutsch_jozsa
tampered_deutsch_jozsa_triggered_v1_000363,benign_deutsch_jozsa_v1_000363,deutsch_jozsa,tampered,triggered,0,4,2,deutsch_jozsa
tampered_deutsch_jozsa_triggered_v1_000364,benign_deutsch_jozsa_v1_000364,deutsch_jozsa,tampered,triggered,3,2,4,deutsch_jozsa
tampered_deutsch_jozsa_triggered_v1_000365,benign_deutsch_jozsa_v1_000365,deutsch_jozsa,tampered,triggered,2,2,1,deutsch_jozsa
tampered_deutsch_jozsa_triggered_v1_000366,benign_deutsch_jozsa_v1_000366,deutsch_jozsa,tampered,triggered,4,4,0,deutsch_jozsa
tampered_deutsch_jozsa_triggered_v1_000367,benign_deutsch_jozsa_v1_000367,deutsch_jozsa,tampered,triggered,3,0,3,deutsch_jozsa
tampered_deutsch_jozsa_triggered_v1_000368,benign_deutsch_jozsa_v1_000368,deutsch_jozsa,tampered,triggered,1,0,3,deutsch_jozsa
tampered_deutsch_jozsa_triggered_v1_000369,benign_deutsch_jozsa_v1_000369,deutsch_jozsa,tampered,triggered,0,2,1,deutsch_jozsa
tampered_deutsch_jozsa_triggered_v1_000370,benign_deutsch_jozsa_v1_000370,deutsch_jozsa,tampered,triggered,2,0,3,deutsch_jozsa
tampered_deutsch_jozsa_triggered_v1_000371,benign_deutsch_jozsa_v1_000371,deutsch_jozsa,tampered,triggered,0,4,1,deutsch_jozsa
tampered_deutsch_jozsa_triggered_v1_000372,benign_deutsch_jozsa_v1_000372,deutsch_jozsa,tampered,triggered,1,1,2,deutsch_jozsa
tampered_deutsch_jozsa_triggered_v1_000373,benign_deutsch_jozsa_v1_000373,deutsch_jozsa,tampered,triggered,1,4,4,deutsch_jozsa
tampered_deutsch_jozsa_triggered_v1_000374,benign_deutsch_jozsa_v1_000374,deutsch_jozsa,tampered,triggered,1,1,4,deutsch_jozsa
tampered_deutsch_jozsa_triggered_v1_000375,benign_deutsch_jozsa_v1_000375,deutsch_jozsa,tampered,triggered,1,0,4,deutsch_jozsa
tampered_deutsch_jozsa_triggered_v1_000376,benign_deutsch_jozsa_v1_000376,deutsch_jozsa,tampered,triggered,1,2,3,deutsch_jozsa
tampered_deutsch_jozsa_triggered_v1_000377,benign_deutsch_jozsa_v1_000377,deutsch_jozsa,tampered,triggered,3,4,1,deutsch_jozsa
tampered_deutsch_jozsa_triggered_v1_000378,benign_deutsch_jozsa_v1_000378,deutsch_jozsa,tampered,triggered,3,2,3,deutsch_jozsa
tampered_deutsch_jozsa_triggered_v1_000379,benign_deutsch_jozsa_v1_000379,deutsch_jozsa,tampered,triggered,0,4,2,deutsch_jozsa
tampered_deutsch_jozsa_triggered_v1_000380,benign_deutsch_jozsa_v1_000380,deutsch_jozsa,tampered,triggered,1,4,4,deutsch_jozsa
tampered_deutsch_jozsa_triggered_v1_000381,benign_deutsch_jozsa_v1_000381,deutsch_jozsa,tampered,triggered,3,2,3,deutsch_jozsa
tampered_deutsch_jozsa_triggered_v1_000382,benign_deutsch_jozsa_v1_000382,deutsch_jozsa,tampered,triggered,1,1,0,deutsch_jozsa
tampered_deutsch_jozsa_triggered_v1_000383,benign_deutsch_jozsa_v1_000383,deutsch_jozsa,tampered,triggered,0,4,2,deutsch_jozsa
tampered_deutsch_jozsa_triggered_v1_000384,benign_deutsch_jozsa_v1_000384,deutsch_jozsa,tampered,triggered,0,1,3,deutsch_jozsa
tampered_deutsch_jozsa_triggered_v1_000385,benign_deutsch_jozsa_v1_000385,deutsch_jozsa,tampered,triggered,3,3,3,deutsch_jozsa
tampered_deutsch_jozsa_triggered_v1_000386,benign_deutsch_jozsa_v1_000386,deutsch_jozsa,tampered,triggered,3,2,1,deutsch_jozsa
tampered_deutsch_jozsa_triggered_v1_000387,benign_deutsch_jozsa_v1_000387,deutsch_jozsa,tampered,triggered,3,0,1,deutsch_jozsa
tampered_deutsch_jozsa_triggered_v1_000388,benign_deutsch_jozsa_v1_000388,deutsch_jozsa,tampered,triggered,2,2,1,deutsch_jozsa
tampered_deutsch_jozsa_triggered_v1_000389,benign_deutsch_jozsa_v1_000389,deutsch_jozsa,tampered,triggered,0,3,3,deutsch_jozsa
tampered_deutsch_jozsa_triggered_v1_000390,benign_deutsch_jozsa_v1_000390,deutsch_jozsa,tampered,triggered,0,3,1,deutsch_jozsa
tampered_deutsch_jozsa_triggered_v1_000391,benign_deutsch_jozsa_v1_000391,deutsch_jozsa,tampered,triggered,1,0,1,deutsch_jozsa
tampered_deutsch_jozsa_triggered_v1_000392,benign_deutsch_jozsa_v1_000392,deutsch_jozsa,tampered,triggered,2,0,2,deutsch_jozsa
tampered_deutsch_jozsa_triggered_v1_000393,benign_deutsch_jozsa_v1_000393,deutsch_jozsa,tampered,triggered,4,0,3,deutsch_jozsa
tampered_deutsch_jozsa_triggered_v1_000394,benign_deutsch_jozsa_v1_000394,deutsch_jozsa,tampered,triggered,3,4,2,deutsch_jozsa
tampered_deutsch_jozsa_triggered_v1_000395,benign_deutsch_jozsa_v1_000395,deutsch_jozsa,tampered,triggered,3,0,1,deutsch_jozsa
tampered_deutsch_jozsa_triggered_v1_000396,benign_deutsch_jozsa_v1_000396,deutsch_jozsa,tampered,triggered,0,3,2,deutsch_jozsa
tampered_deutsch_jozsa_triggered_v1_000397,benign_deutsch_jozsa_v1_000397,deutsch_jozsa,tampered,triggered,4,1,4,deutsch_jozsa
tampered_deutsch_jozsa_triggered_v1_000398,benign_deutsch_jozsa_v1_000398,deutsch_jozsa,tampered,triggered,1,4,3,deutsch_jozsa
tampered_deutsch_jozsa_triggered_v1_000399,benign_deutsch_jozsa_v1_000399,deutsch_jozsa,tampered,triggered,1,1,4,deutsch_jozsa
tampered_deutsch_jozsa_triggered_v1_000400,benign_deutsch_jozsa_v1_000400,deutsch_jozsa,tampered,triggered,3,3,0,deutsch_jozsa
tampered_deutsch_jozsa_triggered_v1_000401,benign_deutsch_jozsa_v1_000401,deutsch_jozsa,tampered,triggered,0,3,0,deutsch_jozsa
tampered_deutsch_jozsa_triggered_v1_000402,benign_deutsch_jozsa_v1_000402,deutsch_jozsa,tampered,triggered,4,4,4,deutsch_jozsa
tampered_deutsch_jozsa_triggered_v1_000403,benign_deutsch_jozsa_v1_000403,deutsch_jozsa,tampered,triggered,1,0,1,deutsch_jozsa
tampered_deutsch_jozsa_triggered_v1_000404,benign_deutsch_jozsa_v1_000404,deutsch_jozsa,tampered,triggered,4,1,2,deutsch_jozsa
tampered_deutsch_jozsa_triggered_v1_000405,benign_deutsch_jozsa_v1_000405,deutsch_jozsa,tampered,triggered,4,4,1,deutsch_jozsa
tampered_deutsch_jozsa_triggered_v1_000406,benign_deutsch_jozsa_v1_000406,deutsch_jozsa,tampered,triggered,1,0,2,deutsch_jozsa
tampered_deutsch_jozsa_triggered_v1_000407,benign_deutsch_jozsa_v1_000407,deutsch_jozsa,tampered,triggered,2,1,1,deutsch_jozsa
tampered_deutsch_jozsa_triggered_v1_000408,benign_deutsch_jozsa_v1_000408,deutsch_jozsa,tampered,triggered,4,1,3,deutsch_jozsa
tampered_deutsch_jozsa_triggered_v1_000409,benign_deutsch_jozsa_v1_000409,deutsch_jozsa,tampered,triggered,2,3,0,deutsch_jozsa
tampered_deutsch_jozsa_triggered_v1_000410,benign_deutsch_jozsa_v1_000410,deutsch_jozsa,tampered,triggered,1,0,2,deutsch_jozsa
tampered_deutsch_jozsa_triggered_v1_000411,benign_deutsch_jozsa_v1_000411,deutsch_jozsa,tampered,triggered,1,1,2,deutsch_jozsa
tampered_deutsch_jozsa_triggered_v1_000412,benign_deutsch_jozsa_v1_000412,deutsch_jozsa,tampered,triggered,4,3,4,deutsch_jozsa
tampered_deutsch_jozsa_triggered_v1_000413,benign_deutsch_jozsa_v1_000413,deutsch_jozsa,tampered,triggered,3,2,1,deutsch_jozsa
tampered_deutsch_jozsa_triggered_v1_000414,benign_deutsch_jozsa_v1_000414,deutsch_jozsa,tampered,triggered,4,2,3,deutsch_jozsa
tampered_deutsch_jozsa_triggered_v1_000415,benign_deutsch_jozsa_v1_000415,deutsch_jozsa,tampered,triggered,2,1,0,deutsch_jozsa
tampered_deutsch_jozsa_triggered_v1_000416,benign_deutsch_jozsa_v1_000416,deutsch_jozsa,tampered,triggered,3,0,0,deutsch_jozsa
tampered_deutsch_jozsa_triggered_v1_000417,benign_deutsch_jozsa_v1_000417,deutsch_jozsa,tampered,triggered,4,3,2,deutsch_jozsa
tampered_deutsch_jozsa_triggered_v1_000418,benign_deutsch_jozsa_v1_000418,deutsch_jozsa,tampered,triggered,2,0,2,deutsch_jozsa
tampered_deutsch_jozsa_triggered_v1_000419,benign_deutsch_jozsa_v1_000419,deutsch_jozsa,tampered,triggered,2,0,2,deutsch_jozsa
tampered_deutsch_jozsa_triggered_v1_000420,benign_deutsch_jozsa_v1_000420,deutsch_jozsa,tampered,triggered,4,2,4,deutsch_jozsa
tampered_deutsch_jozsa_triggered_v1_000421,benign_deutsch_jozsa_v1_000421,deutsch_jozsa,tampered,triggered,3,4,3,deutsch_jozsa
tampered_deutsch_jozsa_triggered_v1_000422,benign_deutsch_jozsa_v1_000422,deutsch_jozsa,tampered,triggered,3,4,1,deutsch_jozsa
tampered_deutsch_jozsa_triggered_v1_000423,benign_deutsch_jozsa_v1_000423,deutsch_jozsa,tampered,triggered,3,1,0,deutsch_jozsa
tampered_deutsch_jozsa_triggered_v1_000424,benign_deutsch_jozsa_v1_000424,deutsch_jozsa,tampered,triggered,0,3,1,deutsch_jozsa
tampered_deutsch_jozsa_triggered_v1_000425,benign_deutsch_jozsa_v1_000425,deutsch_jozsa,tampered,triggered,2,2,1,deutsch_jozsa
tampered_deutsch_jozsa_triggered_v1_000426,benign_deutsch_jozsa_v1_000426,deutsch_jozsa,tampered,triggered,3,3,1,deutsch_jozsa
tampered_deutsch_jozsa_triggered_v1_000427,benign_deutsch_jozsa_v1_000427,deutsch_jozsa,tampered,triggered,4,2,3,deutsch_jozsa
tampered_deutsch_jozsa_triggered_v1_000428,benign_deutsch_jozsa_v1_000428,deutsch_jozsa,tampered,triggered,4,0,0,deutsch_jozsa
tampered_deutsch_jozsa_triggered_v1_000429,benign_deutsch_jozsa_v1_000429,deutsch_jozsa,tampered,triggered,1,3,4,deutsch_jozsa
tampered_deutsch_jozsa_triggered_v1_000430,benign_deutsch_jozsa_v1_000430,deutsch_jozsa,tampered,triggered,2,0,4,deutsch_jozsa
tampered_deutsch_jozsa_triggered_v1_000431,benign_deutsch_jozsa_v1_000431,deutsch_jozsa,tampered,triggered,2,0,3,deutsch_jozsa
tampered_deutsch_jozsa_triggered_v1_000432,benign_deutsch_jozsa_v1_000432,deutsch_jozsa,tampered,triggered,4,2,2,deutsch_jozsa
tampered_deutsch_jozsa_triggered_v1_000433,benign_deutsch_jozsa_v1_000433,deutsch_jozsa,tampered,triggered,4,4,0,deutsch_jozsa
tampered_deutsch_jozsa_triggered_v1_000434,benign_deutsch_jozsa_v1_000434,deutsch_jozsa,tampered,triggered,1,4,4,deutsch_jozsa
tampered_deutsch_jozsa_triggered_v1_000435,benign_deutsch_jozsa_v1_000435,deutsch_jozsa,tampered,triggered,1,3,3,deutsch_jozsa
tampered_deutsch_jozsa_triggered_v1_000436,benign_deutsch_jozsa_v1_000436,deutsch_jozsa,tampered,triggered,4,0,4,deutsch_jozsa
tampered_deutsch_jozsa_triggered_v1_000437,benign_deutsch_jozsa_v1_000437,deutsch_jozsa,tampered,triggered,2,1,3,deutsch_jozsa
tampered_deutsch_jozsa_triggered_v1_000438,benign_deutsch_jozsa_v1_000438,deutsch_jozsa,tampered,triggered,0,2,0,deutsch_jozsa
tampered_deutsch_jozsa_triggered_v1_000439,benign_deutsch_jozsa_v1_000439,deutsch_jozsa,tampered,triggered,4,0,3,deutsch_jozsa
tampered_deutsch_jozsa_triggered_v1_000440,benign_deutsch_jozsa_v1_000440,deutsch_jozsa,tampered,triggered,1,1,4,deutsch_jozsa
tampered_deutsch_jozsa_triggered_v1_000441,benign_deutsch_jozsa_v1_000441,deutsch_jozsa,tampered,triggered,2,4,1,deutsch_jozsa
tampered_deutsch_jozsa_triggered_v1_000442,benign_deutsch_jozsa_v1_000442,deutsch_jozsa,tampered,triggered,0,3,2,deutsch_jozsa
tampered_deutsch_jozsa_triggered_v1_000443,benign_deutsch_jozsa_v1_000443,deutsch_jozsa,tampered,triggered,0,1,0,deutsch_jozsa
tampered_deutsch_jozsa_triggered_v1_000444,benign_deutsch_jozsa_v1_000444,deutsch_jozsa,tampered,triggered,0,1,4,deutsch_jozsa
tampered_deutsch_jozsa_triggered_v1_000445,benign_deutsch_jozsa_v1_000445,deutsch_jozsa,tampered,triggered,3,4,1,deutsch_jozsa
tampered_deutsch_jozsa_triggered_v1_000446,benign_deutsch_jozsa_v1_000446,deutsch_jozsa,tampered,triggered,0,0,4,deutsch_jozsa
tampered_deutsch_jozsa_triggered_v1_000447,benign_deutsch_jozsa_v1_000447,deutsch_jozsa,tampered,triggered,4,4,4,deutsch_jozsa
tampered_deutsch_jozsa_triggered_v1_000448,benign_deutsch_jozsa_v1_000448,deutsch_jozsa,tampered,triggered,3,0,2,deutsch_jozsa
tampered_deutsch_jozsa_triggered_v1_000449,benign_deutsch_jozsa_v1_000449,deutsch_jozsa,tampered,triggered,2,0,4,deutsch_jozsa
tampered_deutsch_jozsa_triggered_v1_000450,benign_deutsch_jozsa_v1_000450,deutsch_jozsa,tampered,triggered,3,0,2,deutsch_jozsa
tampered_deutsch_jozsa_triggered_v1_000451,benign_deutsch_jozsa_v1_000451,deutsch_jozsa,tampered,triggered,1,2,4,deutsch_jozsa
tampered_deutsch_jozsa_triggered_v1_000452,benign_deutsch_jozsa_v1_000452,deutsch_jozsa,tampered,triggered,1,3,0,deutsch_jozsa
tampered_deutsch_jozsa_triggered_v1_000453,benign_deutsch_jozsa_v1_000453,deutsch_jozsa,tampered,triggered,0,3,4,deutsch_jozsa
tampered_deutsch_jozsa_triggered_v1_000454,benign_deutsch_jozsa_v1_000454,deutsch_jozsa,tampered,triggered,2,4,0,deutsch_jozsa
tampered_deutsch_jozsa_triggered_v1_000455,benign_deutsch_jozsa_v1_000455,deutsch_jozsa,tampered,triggered,1,2,2,deutsch_jozsa
tampered_deutsch_jozsa_triggered_v1_000456,benign_deutsch_jozsa_v1_000456,deutsch_jozsa,tampered,triggered,3,0,1,deutsch_jozsa
tampered_deutsch_jozsa_triggered_v1_000457,benign_deutsch_jozsa_v1_000457,deutsch_jozsa,tampered,triggered,0,2,1,deutsch_jozsa
tampered_deutsch_jozsa_triggered_v1_000458,benign_deutsch_jozsa_v1_000458,deutsch_jozsa,tampered,triggered,3,0,3,deutsch_jozsa
tampered_deutsch_jozsa_triggered_v1_000459,benign_deutsch_jozsa_v1_000459,deutsch_jozsa,tampered,triggered,1,4,0,deutsch_jozsa
tampered_deutsch_jozsa_triggered_v1_000460,benign_deutsch_jozsa_v1_000460,deutsch_jozsa,tampered,triggered,3,3,4,deutsch_jozsa
tampered_deutsch_jozsa_triggered_v1_000461,benign_deutsch_jozsa_v1_000461,deutsch_jozsa,tampered,triggered,2,3,1,deutsch_jozsa
tampered_deutsch_jozsa_triggered_v1_000462,benign_deutsch_jozsa_v1_000462,deutsch_jozsa,tampered,triggered,4,1,1,deutsch_jozsa
tampered_deutsch_jozsa_triggered_v1_000463,benign_deutsch_jozsa_v1_000463,deutsch_jozsa,tampered,triggered,2,3,0,deutsch_jozsa
tampered_deutsch_jozsa_triggered_v1_000464,benign_deutsch_jozsa_v1_000464,deutsch_jozsa,tampered,triggered,3,0,2,deutsch_jozsa
tampered_deutsch_jozsa_triggered_v1_000465,benign_deutsch_jozsa_v1_000465,deutsch_jozsa,tampered,triggered,4,0,2,deutsch_jozsa
tampered_deutsch_jozsa_triggered_v1_000466,benign_deutsch_jozsa_v1_000466,deutsch_jozsa,tampered,triggered,3,3,1,deutsch_jozsa
tampered_deutsch_jozsa_triggered_v1_000467,benign_deutsch_jozsa_v1_000467,deutsch_jozsa,tampered,triggered,1,4,1,deutsch_jozsa
tampered_deutsch_jozsa_triggered_v1_000468,benign_deutsch_jozsa_v1_000468,deutsch_jozsa,tampered,triggered,0,2,0,deutsch_jozsa
tampered_deutsch_jozsa_triggered_v1_000469,benign_deutsch_jozsa_v1_000469,deutsch_jozsa,tampered,triggered,0,3,0,deutsch_jozsa
tampered_deutsch_jozsa_triggered_v1_000470,benign_deutsch_jozsa_v1_000470,deutsch_jozsa,tampered,triggered,2,1,1,deutsch_jozsa
tampered_deutsch_jozsa_triggered_v1_000471,benign_deutsch_jozsa_v1_000471,deutsch_jozsa,tampered,triggered,2,0,1,deutsch_jozsa
tampered_deutsch_jozsa_triggered_v1_000472,benign_deutsch_jozsa_v1_000472,deutsch_jozsa,tampered,triggered,3,2,2,deutsch_jozsa
tampered_deutsch_jozsa_triggered_v1_000473,benign_deutsch_jozsa_v1_000473,deutsch_jozsa,tampered,triggered,4,3,3,deutsch_jozsa
tampered_deutsch_jozsa_triggered_v1_000474,benign_deutsch_jozsa_v1_000474,deutsch_jozsa,tampered,triggered,0,1,4,deutsch_jozsa
tampered_deutsch_jozsa_triggered_v1_000475,benign_deutsch_jozsa_v1_000475,deutsch_jozsa,tampered,triggered,0,0,4,deutsch_jozsa
tampered_deutsch_jozsa_triggered_v1_000476,benign_deutsch_jozsa_v1_000476,deutsch_jozsa,tampered,triggered,2,2,1,deutsch_jozsa
tampered_deutsch_jozsa_triggered_v1_000477,benign_deutsch_jozsa_v1_000477,deutsch_jozsa,tampered,triggered,1,4,2,deutsch_jozsa
tampered_deutsch_jozsa_triggered_v1_000478,benign_deutsch_jozsa_v1_000478,deutsch_jozsa,tampered,triggered,3,2,1,deutsch_jozsa
tampered_deutsch_jozsa_triggered_v1_000479,benign_deutsch_jozsa_v1_000479,deutsch_jozsa,tampered,triggered,3,1,3,deutsch_jozsa
tampered_deutsch_jozsa_triggered_v1_000480,benign_deutsch_jozsa_v1_000480,deutsch_jozsa,tampered,triggered,4,2,4,deutsch_jozsa
tampered_deutsch_jozsa_triggered_v1_000481,benign_deutsch_jozsa_v1_000481,deutsch_jozsa,tampered,triggered,0,3,0,deutsch_jozsa
tampered_deutsch_jozsa_triggered_v1_000482,benign_deutsch_jozsa_v1_000482,deutsch_jozsa,tampered,triggered,3,2,0,deutsch_jozsa
tampered_deutsch_jozsa_triggered_v1_000483,benign_deutsch_jozsa_v1_000483,deutsch_jozsa,tampered,triggered,3,1,1,deutsch_jozsa
tampered_deutsch_jozsa_triggered_v1_000484,benign_deutsch_jozsa_v1_000484,deutsch_jozsa,tampered,triggered,0,2,2,deutsch_jozsa
tampered_deutsch_jozsa_triggered_v1_000485,benign_deutsch_jozsa_v1_000485,deutsch_jozsa,tampered,triggered,4,3,4,deutsch_jozsa
tampered_deutsch_jozsa_triggered_v1_000486,benign_deutsch_jozsa_v1_000486,deutsch_jozsa,tampered,triggered,3,4,0,deutsch_jozsa
tampered_deutsch_jozsa_triggered_v1_000487,benign_deutsch_jozsa_v1_000487,deutsch_jozsa,tampered,triggered,3,3,1,deutsch_jozsa
tampered_deutsch_jozsa_triggered_v1_000488,benign_deutsch_jozsa_v1_000488,deutsch_jozsa,tampered,triggered,0,0,0,deutsch_jozsa
tampered_deutsch_jozsa_triggered_v1_000489,benign_deutsch_jozsa_v1_000489,deutsch_jozsa,tampered,triggered,4,0,2,deutsch_jozsa
tampered_deutsch_jozsa_triggered_v1_000490,benign_deutsch_jozsa_v1_000490,deutsch_jozsa,tampered,triggered,3,2,2,deutsch_jozsa
tampered_deutsch_jozsa_triggered_v1_000491,benign_deutsch_jozsa_v1_000491,deutsch_jozsa,tampered,triggered,4,2,3,deutsch_jozsa
tampered_deutsch_jozsa_triggered_v1_000492,benign_deutsch_jozsa_v1_000492,deutsch_jozsa,tampered,triggered,0,4,3,deutsch_jozsa
tampered_deutsch_jozsa_triggered_v1_000493,benign_deutsch_jozsa_v1_000493,deutsch_jozsa,tampered,triggered,0,3,4,deutsch_jozsa
tampered_deutsch_jozsa_triggered_v1_000494,benign_deutsch_jozsa_v1_000494,deutsch_jozsa,tampered,triggered,4,2,2,deutsch_jozsa
tampered_deutsch_jozsa_triggered_v1_000495,benign_deutsch_jozsa_v1_000495,deutsch_jozsa,tampered,triggered,4,0,1,deutsch_jozsa
tampered_deutsch_jozsa_triggered_v1_000496,benign_deutsch_jozsa_v1_000496,deutsch_jozsa,tampered,triggered,1,3,4,deutsch_jozsa
tampered_deutsch_jozsa_triggered_v1_000497,benign_deutsch_jozsa_v1_000497,deutsch_jozsa,tampered,triggered,2,4,1,deutsch_jozsa
tampered_deutsch_jozsa_triggered_v1_000498,benign_deutsch_jozsa_v1_000498,deutsch_jozsa,tampered,triggered,4,0,4,deutsch_jozsa
tampered_deutsch_jozsa_triggered_v1_000499,benign_deutsch_jozsa_v1_000499,deutsch_jozsa,tampered,triggered,2,0,2,deutsch_jozsa
tampered_deutsch_jozsa_triggered_v1_000500,benign_deutsch_jozsa_v1_000500,deutsch_jozsa,tampered,triggered,3,0,0,deutsch_jozsa
tampered_deutsch_jozsa_triggered_v1_000501,benign_deutsch_jozsa_v1_000501,deutsch_jozsa,tampered,triggered,2,0,3,deutsch_jozsa
tampered_deutsch_jozsa_triggered_v1_000502,benign_deutsch_jozsa_v1_000502,deutsch_jozsa,tampered,triggered,2,0,1,deutsch_jozsa
tampered_deutsch_jozsa_triggered_v1_000503,benign_deutsch_jozsa_v1_000503,deutsch_jozsa,tampered,triggered,4,0,1,deutsch_jozsa
tampered_deutsch_jozsa_triggered_v1_000504,benign_deutsch_jozsa_v1_000504,deutsch_jozsa,tampered,triggered,2,0,0,deutsch_jozsa
tampered_deutsch_jozsa_triggered_v1_000505,benign_deutsch_jozsa_v1_000505,deutsch_jozsa,tampered,triggered,3,3,2,deutsch_jozsa
tampered_deutsch_jozsa_triggered_v1_000506,benign_deutsch_jozsa_v1_000506,deutsch_jozsa,tampered,triggered,1,0,0,deutsch_jozsa
tampered_deutsch_jozsa_triggered_v1_000507,benign_deutsch_jozsa_v1_000507,deutsch_jozsa,tampered,triggered,3,1,0,deutsch_jozsa
tampered_deutsch_jozsa_triggered_v1_000508,benign_deutsch_jozsa_v1_000508,deutsch_jozsa,tampered,triggered,0,2,0,deutsch_jozsa
tampered_deutsch_jozsa_triggered_v1_000509,benign_deutsch_jozsa_v1_000509,deutsch_jozsa,tampered,triggered,3,3,0,deutsch_jozsa
tampered_deutsch_jozsa_triggered_v1_000510,benign_deutsch_jozsa_v1_000510,deutsch_jozsa,tampered,triggered,4,3,2,deutsch_jozsa
tampered_deutsch_jozsa_triggered_v1_000511,benign_deutsch_jozsa_v1_000511,deutsch_jozsa,tampered,triggered,3,1,3,deutsch_jozsa
tampered_deutsch_jozsa_triggered_v1_000512,benign_deutsch_jozsa_v1_000512,deutsch_jozsa,tampered,triggered,0,2,1,deutsch_jozsa
tampered_deutsch_jozsa_triggered_v1_000513,benign_deutsch_jozsa_v1_000513,deutsch_jozsa,tampered,triggered,1,2,3,deutsch_jozsa
tampered_deutsch_jozsa_triggered_v1_000514,benign_deutsch_jozsa_v1_000514,deutsch_jozsa,tampered,triggered,0,3,3,deutsch_jozsa
tampered_deutsch_jozsa_triggered_v1_000515,benign_deutsch_jozsa_v1_000515,deutsch_jozsa,tampered,triggered,0,4,3,deutsch_jozsa
tampered_deutsch_jozsa_triggered_v1_000516,benign_deutsch_jozsa_v1_000516,deutsch_jozsa,tampered,triggered,1,2,1,deutsch_jozsa
tampered_deutsch_jozsa_triggered_v1_000517,benign_deutsch_jozsa_v1_000517,deutsch_jozsa,tampered,triggered,0,3,0,deutsch_jozsa
tampered_deutsch_jozsa_triggered_v1_000518,benign_deutsch_jozsa_v1_000518,deutsch_jozsa,tampered,triggered,3,1,0,deutsch_jozsa
tampered_deutsch_jozsa_triggered_v1_000519,benign_deutsch_jozsa_v1_000519,deutsch_jozsa,tampered,triggered,4,1,1,deutsch_jozsa
tampered_deutsch_jozsa_triggered_v1_000520,benign_deutsch_jozsa_v1_000520,deutsch_jozsa,tampered,triggered,1,1,4,deutsch_jozsa
tampered_deutsch_jozsa_triggered_v1_000521,benign_deutsch_jozsa_v1_000521,deutsch_jozsa,tampered,triggered,0,3,1,deutsch_jozsa
tampered_deutsch_jozsa_triggered_v1_000522,benign_deutsch_jozsa_v1_000522,deutsch_jozsa,tampered,triggered,4,3,3,deutsch_jozsa
tampered_deutsch_jozsa_triggered_v1_000523,benign_deutsch_jozsa_v1_000523,deutsch_jozsa,tampered,triggered,2,3,4,deutsch_jozsa
tampered_deutsch_jozsa_triggered_v1_000524,benign_deutsch_jozsa_v1_000524,deutsch_jozsa,tampered,triggered,3,0,1,deutsch_jozsa
tampered_deutsch_jozsa_triggered_v1_000525,benign_deutsch_jozsa_v1_000525,deutsch_jozsa,tampered,triggered,0,0,4,deutsch_jozsa
tampered_deutsch_jozsa_triggered_v1_000526,benign_deutsch_jozsa_v1_000526,deutsch_jozsa,tampered,triggered,1,1,4,deutsch_jozsa
tampered_deutsch_jozsa_triggered_v1_000527,benign_deutsch_jozsa_v1_000527,deutsch_jozsa,tampered,triggered,3,3,3,deutsch_jozsa
tampered_deutsch_jozsa_triggered_v1_000528,benign_deutsch_jozsa_v1_000528,deutsch_jozsa,tampered,triggered,4,4,0,deutsch_jozsa
tampered_deutsch_jozsa_triggered_v1_000529,benign_deutsch_jozsa_v1_000529,deutsch_jozsa,tampered,triggered,1,3,4,deutsch_jozsa
tampered_deutsch_jozsa_triggered_v1_000530,benign_deutsch_jozsa_v1_000530,deutsch_jozsa,tampered,triggered,0,2,4,deutsch_jozsa
tampered_deutsch_jozsa_triggered_v1_000531,benign_deutsch_jozsa_v1_000531,deutsch_jozsa,tampered,triggered,3,0,0,deutsch_jozsa
tampered_deutsch_jozsa_triggered_v1_000532,benign_deutsch_jozsa_v1_000532,deutsch_jozsa,tampered,triggered,3,3,0,deutsch_jozsa
tampered_deutsch_jozsa_triggered_v1_000533,benign_deutsch_jozsa_v1_000533,deutsch_jozsa,tampered,triggered,4,4,0,deutsch_jozsa
tampered_deutsch_jozsa_triggered_v1_000534,benign_deutsch_jozsa_v1_000534,deutsch_jozsa,tampered,triggered,3,4,3,deutsch_jozsa
tampered_deutsch_jozsa_triggered_v1_000535,benign_deutsch_jozsa_v1_000535,deutsch_jozsa,tampered,triggered,3,4,2,deutsch_jozsa
tampered_deutsch_jozsa_triggered_v1_000536,benign_deutsch_jozsa_v1_000536,deutsch_jozsa,tampered,triggered,0,0,0,deutsch_jozsa
tampered_deutsch_jozsa_triggered_v1_000537,benign_deutsch_jozsa_v1_000537,deutsch_jozsa,tampered,triggered,2,0,4,deutsch_jozsa
tampered_deutsch_jozsa_triggered_v1_000538,benign_deutsch_jozsa_v1_000538,deutsch_jozsa,tampered,triggered,2,2,2,deutsch_jozsa
tampered_deutsch_jozsa_triggered_v1_000539,benign_deutsch_jozsa_v1_000539,deutsch_jozsa,tampered,triggered,1,4,0,deutsch_jozsa
tampered_deutsch_jozsa_triggered_v1_000540,benign_deutsch_jozsa_v1_000540,deutsch_jozsa,tampered,triggered,2,0,3,deutsch_jozsa
tampered_deutsch_jozsa_triggered_v1_000541,benign_deutsch_jozsa_v1_000541,deutsch_jozsa,tampered,triggered,0,0,3,deutsch_jozsa
tampered_deutsch_jozsa_triggered_v1_000542,benign_deutsch_jozsa_v1_000542,deutsch_jozsa,tampered,triggered,1,1,4,deutsch_jozsa
tampered_deutsch_jozsa_triggered_v1_000543,benign_deutsch_jozsa_v1_000543,deutsch_jozsa,tampered,triggered,0,2,0,deutsch_jozsa
tampered_deutsch_jozsa_triggered_v1_000544,benign_deutsch_jozsa_v1_000544,deutsch_jozsa,tampered,triggered,2,1,0,deutsch_jozsa
tampered_deutsch_jozsa_triggered_v1_000545,benign_deutsch_jozsa_v1_000545,deutsch_jozsa,tampered,triggered,0,1,1,deutsch_jozsa
tampered_deutsch_jozsa_triggered_v1_000546,benign_deutsch_jozsa_v1_000546,deutsch_jozsa,tampered,triggered,1,3,2,deutsch_jozsa
tampered_deutsch_jozsa_triggered_v1_000547,benign_deutsch_jozsa_v1_000547,deutsch_jozsa,tampered,triggered,4,3,0,deutsch_jozsa
tampered_deutsch_jozsa_triggered_v1_000548,benign_deutsch_jozsa_v1_000548,deutsch_jozsa,tampered,triggered,4,4,4,deutsch_jozsa
tampered_deutsch_jozsa_triggered_v1_000549,benign_deutsch_jozsa_v1_000549,deutsch_jozsa,tampered,triggered,3,4,3,deutsch_jozsa
tampered_deutsch_jozsa_triggered_v1_000550,benign_deutsch_jozsa_v1_000550,deutsch_jozsa,tampered,triggered,4,2,3,deutsch_jozsa
tampered_deutsch_jozsa_triggered_v1_000551,benign_deutsch_jozsa_v1_000551,deutsch_jozsa,tampered,triggered,0,3,2,deutsch_jozsa
tampered_deutsch_jozsa_triggered_v1_000552,benign_deutsch_jozsa_v1_000552,deutsch_jozsa,tampered,triggered,2,4,1,deutsch_jozsa
tampered_deutsch_jozsa_triggered_v1_000553,benign_deutsch_jozsa_v1_000553,deutsch_jozsa,tampered,triggered,4,4,4,deutsch_jozsa
tampered_deutsch_jozsa_triggered_v1_000554,benign_deutsch_jozsa_v1_000554,deutsch_jozsa,tampered,triggered,3,2,4,deutsch_jozsa
tampered_deutsch_jozsa_triggered_v1_000555,benign_deutsch_jozsa_v1_000555,deutsch_jozsa,tampered,triggered,2,4,2,deutsch_jozsa
tampered_deutsch_jozsa_triggered_v1_000556,benign_deutsch_jozsa_v1_000556,deutsch_jozsa,tampered,triggered,2,4,3,deutsch_jozsa
tampered_deutsch_jozsa_triggered_v1_000557,benign_deutsch_jozsa_v1_000557,deutsch_jozsa,tampered,triggered,3,3,4,deutsch_jozsa
tampered_deutsch_jozsa_triggered_v1_000558,benign_deutsch_jozsa_v1_000558,deutsch_jozsa,tampered,triggered,3,2,0,deutsch_jozsa
tampered_deutsch_jozsa_triggered_v1_000559,benign_deutsch_jozsa_v1_000559,deutsch_jozsa,tampered,triggered,4,1,2,deutsch_jozsa
tampered_deutsch_jozsa_triggered_v1_000560,benign_deutsch_jozsa_v1_000560,deutsch_jozsa,tampered,triggered,2,2,1,deutsch_jozsa
tampered_deutsch_jozsa_triggered_v1_000561,benign_deutsch_jozsa_v1_000561,deutsch_jozsa,tampered,triggered,1,1,0,deutsch_jozsa
tampered_deutsch_jozsa_triggered_v1_000562,benign_deutsch_jozsa_v1_000562,deutsch_jozsa,tampered,triggered,4,1,1,deutsch_jozsa
tampered_deutsch_jozsa_triggered_v1_000563,benign_deutsch_jozsa_v1_000563,deutsch_jozsa,tampered,triggered,1,1,2,deutsch_jozsa
tampered_deutsch_jozsa_triggered_v1_000564,benign_deutsch_jozsa_v1_000564,deutsch_jozsa,tampered,triggered,2,4,4,deutsch_jozsa
tampered_deutsch_jozsa_triggered_v1_000565,benign_deutsch_jozsa_v1_000565,deutsch_jozsa,tampered,triggered,0,2,4,deutsch_jozsa
tampered_deutsch_jozsa_triggered_v1_000566,benign_deutsch_jozsa_v1_000566,deutsch_jozsa,tampered,triggered,1,3,0,deutsch_jozsa
tampered_deutsch_jozsa_triggered_v1_000567,benign_deutsch_jozsa_v1_000567,deutsch_jozsa,tampered,triggered,2,4,2,deutsch_jozsa
tampered_deutsch_jozsa_triggered_v1_000568,benign_deutsch_jozsa_v1_000568,deutsch_jozsa,tampered,triggered,4,4,3,deutsch_jozsa
tampered_deutsch_jozsa_triggered_v1_000569,benign_deutsch_jozsa_v1_000569,deutsch_jozsa,tampered,triggered,3,2,2,deutsch_jozsa
tampered_deutsch_jozsa_triggered_v1_000570,benign_deutsch_jozsa_v1_000570,deutsch_jozsa,tampered,triggered,3,1,4,deutsch_jozsa
tampered_deutsch_jozsa_triggered_v1_000571,benign_deutsch_jozsa_v1_000571,deutsch_jozsa,tampered,triggered,4,3,3,deutsch_jozsa
tampered_deutsch_jozsa_triggered_v1_000572,benign_deutsch_jozsa_v1_000572,deutsch_jozsa,tampered,triggered,1,3,0,deutsch_jozsa
tampered_deutsch_jozsa_triggered_v1_000573,benign_deutsch_jozsa_v1_000573,deutsch_jozsa,tampered,triggered,4,3,2,deutsch_jozsa
tampered_deutsch_jozsa_triggered_v1_000574,benign_deutsch_jozsa_v1_000574,deutsch_jozsa,tampered,triggered,0,4,4,deutsch_jozsa
tampered_deutsch_jozsa_triggered_v1_000575,benign_deutsch_jozsa_v1_000575,deutsch_jozsa,tampered,triggered,1,3,4,deutsch_jozsa
tampered_deutsch_jozsa_triggered_v1_000576,benign_deutsch_jozsa_v1_000576,deutsch_jozsa,tampered,triggered,2,1,1,deutsch_jozsa
tampered_deutsch_jozsa_triggered_v1_000577,benign_deutsch_jozsa_v1_000577,deutsch_jozsa,tampered,triggered,2,3,3,deutsch_jozsa
tampered_deutsch_jozsa_triggered_v1_000578,benign_deutsch_jozsa_v1_000578,deutsch_jozsa,tampered,triggered,3,3,3,deutsch_jozsa
tampered_deutsch_jozsa_triggered_v1_000579,benign_deutsch_jozsa_v1_000579,deutsch_jozsa,tampered,triggered,3,0,0,deutsch_jozsa
tampered_deutsch_jozsa_triggered_v1_000580,benign_deutsch_jozsa_v1_000580,deutsch_jozsa,tampered,triggered,4,1,2,deutsch_jozsa
tampered_deutsch_jozsa_triggered_v1_000581,benign_deutsch_jozsa_v1_000581,deutsch_jozsa,tampered,triggered,1,1,1,deutsch_jozsa
tampered_deutsch_jozsa_triggered_v1_000582,benign_deutsch_jozsa_v1_000582,deutsch_jozsa,tampered,triggered,2,4,2,deutsch_jozsa
tampered_deutsch_jozsa_triggered_v1_000583,benign_deutsch_jozsa_v1_000583,deutsch_jozsa,tampered,triggered,2,4,2,deutsch_jozsa
tampered_deutsch_jozsa_triggered_v1_000584,benign_deutsch_jozsa_v1_000584,deutsch_jozsa,tampered,triggered,4,2,2,deutsch_jozsa
tampered_deutsch_jozsa_triggered_v1_000585,benign_deutsch_jozsa_v1_000585,deutsch_jozsa,tampered,triggered,2,2,0,deutsch_jozsa
tampered_deutsch_jozsa_triggered_v1_000586,benign_deutsch_jozsa_v1_000586,deutsch_jozsa,tampered,triggered,4,2,1,deutsch_jozsa
tampered_deutsch_jozsa_triggered_v1_000587,benign_deutsch_jozsa_v1_000587,deutsch_jozsa,tampered,triggered,4,1,1,deutsch_jozsa
tampered_deutsch_jozsa_triggered_v1_000588,benign_deutsch_jozsa_v1_000588,deutsch_jozsa,tampered,triggered,2,4,2,deutsch_jozsa
tampered_deutsch_jozsa_triggered_v1_000589,benign_deutsch_jozsa_v1_000589,deutsch_jozsa,tampered,triggered,2,0,3,deutsch_jozsa
tampered_deutsch_jozsa_triggered_v1_000590,benign_deutsch_jozsa_v1_000590,deutsch_jozsa,tampered,triggered,3,2,4,deutsch_jozsa
tampered_deutsch_jozsa_triggered_v1_000591,benign_deutsch_jozsa_v1_000591,deutsch_jozsa,tampered,triggered,2,3,0,deutsch_jozsa
tampered_deutsch_jozsa_triggered_v1_000592,benign_deutsch_jozsa_v1_000592,deutsch_jozsa,tampered,triggered,4,3,3,deutsch_jozsa
tampered_deutsch_jozsa_triggered_v1_000593,benign_deutsch_jozsa_v1_000593,deutsch_jozsa,tampered,triggered,4,1,0,deutsch_jozsa
tampered_deutsch_jozsa_triggered_v1_000594,benign_deutsch_jozsa_v1_000594,deutsch_jozsa,tampered,triggered,1,3,2,deutsch_jozsa
tampered_deutsch_jozsa_triggered_v1_000595,benign_deutsch_jozsa_v1_000595,deutsch_jozsa,tampered,triggered,3,1,3,deutsch_jozsa
tampered_deutsch_jozsa_triggered_v1_000596,benign_deutsch_jozsa_v1_000596,deutsch_jozsa,tampered,triggered,0,1,4,deutsch_jozsa
tampered_deutsch_jozsa_triggered_v1_000597,benign_deutsch_jozsa_v1_000597,deutsch_jozsa,tampered,triggered,1,2,4,deutsch_jozsa
tampered_deutsch_jozsa_triggered_v1_000598,benign_deutsch_jozsa_v1_000598,deutsch_jozsa,tampered,triggered,3,1,1,deutsch_jozsa
tampered_deutsch_jozsa_triggered_v1_000599,benign_deutsch_jozsa_v1_000599,deutsch_jozsa,tampered,triggered,4,1,3,deutsch_jozsa
tampered_grover_static_v1_000000,benign_grover_v1_000000,grover,tampered,static,1,1,1,grover
tampered_grover_static_v1_000001,benign_grover_v1_000001,grover,tampered,static,0,1,3,grover
tampered_grover_static_v1_000002,benign_grover_v1_000002,grover,tampered,static,1,3,2,grover
tampered_grover_static_v1_000003,benign_grover_v1_000003,grover,tampered,static,4,2,3,grover
tampered_grover_static_v1_000004,benign_grover_v1_000004,grover,tampered,static,0,0,1,grover
tampered_grover_static_v1_000005,benign_grover_v1_000005,grover,tampered,static,2,4,3,grover
tampered_grover_static_v1_000006,benign_grover_v1_000006,grover,tampered,static,1,2,3,grover
tampered_grover_static_v1_000007,benign_grover_v1_000007,grover,tampered,static,1,3,2,grover
tampered_grover_static_v1_000008,benign_grover_v1_000008,grover,tampered,static,3,2,3,grover
tampered_grover_static_v1_000009,benign_grover_v1_000009,grover,tampered,static,3,2,3,grover
tampered_grover_static_v1_000010,benign_grover_v1_000010,grover,tampered,static,4,3,2,grover
tampered_grover_static_v1_000011,benign_grover_v1_000011,grover,tampered,static,0,0,3,grover
tampered_grover_static_v1_000012,benign_grover_v1_000012,grover,tampered,static,4,1,2,grover
tampered_grover_static_v1_000013,benign_grover_v1_000013,grover,tampered,static,2,2,3,grover
tampered_grover_static_v1_000014,benign_grover_v1_000014,grover,tampered,static,0,2,2,grover
tampered_grover_static_v1_000015,benign_grover_v1_000015,grover,tampered,static,3,4,0,grover
tampered_grover_static_v1_000016,benign_grover_v1_000016,grover,tampered,static,2,2,3,grover
tampered_grover_static_v1_000017,benign_grover_v1_000017,grover,tampered,static,4,2,0,grover
tampered_grover_static_v1_000018,benign_grover_v1_000018,grover,tampered,static,4,1,2,grover
tampered_grover_static_v1_000019,benign_grover_v1_000019,grover,tampered,static,3,0,4,grover
tampered_grover_static_v1_000020,benign_grover_v1_000020,grover,tampered,static,4,3,4,grover
tampered_grover_static_v1_000021,benign_grover_v1_000021,grover,tampered,static,2,1,1,grover
tampered_grover_static_v1_000022,benign_grover_v1_000022,grover,tampered,static,1,4,0,grover
tampered_grover_static_v1_000023,benign_grover_v1_000023,grover,tampered,static,4,1,4,grover
tampered_grover_static_v1_000024,benign_grover_v1_000024,grover,tampered,static,2,4,1,grover
tampered_grover_static_v1_000025,benign_grover_v1_000025,grover,tampered,static,3,1,0,grover
tampered_grover_static_v1_000026,benign_grover_v1_000026,grover,tampered,static,1,4,2,grover
tampered_grover_static_v1_000027,benign_grover_v1_000027,grover,tampered,static,0,2,0,grover
tampered_grover_static_v1_000028,benign_grover_v1_000028,grover,tampered,static,4,2,1,grover
tampered_grover_static_v1_000029,benign_grover_v1_000029,grover,tampered,static,2,2,3,grover
tampered_grover_static_v1_000030,benign_grover_v1_000030,grover,tampered,static,4,0,0,grover
tampered_grover_static_v1_000031,benign_grover_v1_000031,grover,tampered,static,3,3,0,grover
tampered_grover_static_v1_000032,benign_grover_v1_000032,grover,tampered,static,4,2,0,grover
tampered_grover_static_v1_000033,benign_grover_v1_000033,grover,tampered,static,0,3,3,grover
tampered_grover_static_v1_000034,benign_grover_v1_000034,grover,tampered,static,3,4,4,grover
tampered_grover_static_v1_000035,benign_grover_v1_000035,grover,tampered,static,4,2,2,grover
tampered_grover_static_v1_000036,benign_grover_v1_000036,grover,tampered,static,4,3,2,grover
tampered_grover_static_v1_000037,benign_grover_v1_000037,grover,tampered,static,2,4,1,grover
tampered_grover_static_v1_000038,benign_grover_v1_000038,grover,tampered,static,1,3,1,grover
tampered_grover_static_v1_000039,benign_grover_v1_000039,grover,tampered,static,1,1,2,grover
tampered_grover_static_v1_000040,benign_grover_v1_000040,grover,tampered,static,1,1,1,grover
tampered_grover_static_v1_000041,benign_grover_v1_000041,grover,tampered,static,2,0,1,grover
tampered_grover_static_v1_000042,benign_grover_v1_000042,grover,tampered,static,4,2,0,grover
tampered_grover_static_v1_000043,benign_grover_v1_000043,grover,tampered,static,3,3,0,grover
tampered_grover_static_v1_000044,benign_grover_v1_000044,grover,tampered,static,4,0,2,grover
tampered_grover_static_v1_000045,benign_grover_v1_000045,grover,tampered,static,2,0,2,grover
tampered_grover_static_v1_000046,benign_grover_v1_000046,grover,tampered,static,3,3,0,grover
tampered_grover_static_v1_000047,benign_grover_v1_000047,grover,tampered,static,0,1,3,grover
tampered_grover_static_v1_000048,benign_grover_v1_000048,grover,tampered,static,3,4,2,grover
tampered_grover_static_v1_000049,benign_grover_v1_000049,grover,tampered,static,2,0,2,grover
tampered_grover_static_v1_000050,benign_grover_v1_000050,grover,tampered,static,0,2,4,grover
tampered_grover_static_v1_000051,benign_grover_v1_000051,grover,tampered,static,4,1,4,grover
tampered_grover_static_v1_000052,benign_grover_v1_000052,grover,tampered,static,4,3,1,grover
tampered_grover_static_v1_000053,benign_grover_v1_000053,grover,tampered,static,4,0,2,grover
tampered_grover_static_v1_000054,benign_grover_v1_000054,grover,tampered,static,0,4,3,grover
tampered_grover_static_v1_000055,benign_grover_v1_000055,grover,tampered,static,1,4,2,grover
tampered_grover_static_v1_000056,benign_grover_v1_000056,grover,tampered,static,1,3,1,grover
tampered_grover_static_v1_000057,benign_grover_v1_000057,grover,tampered,static,4,3,4,grover
tampered_grover_static_v1_000058,benign_grover_v1_000058,grover,tampered,static,1,4,0,grover
tampered_grover_static_v1_000059,benign_grover_v1_000059,grover,tampered,static,0,4,3,grover
tampered_grover_static_v1_000060,benign_grover_v1_000060,grover,tampered,static,0,0,2,grover
tampered_grover_static_v1_000061,benign_grover_v1_000061,grover,tampered,static,2,1,0,grover
tampered_grover_static_v1_000062,benign_grover_v1_000062,grover,tampered,static,3,4,0,grover
tampered_grover_static_v1_000063,benign_grover_v1_000063,grover,tampered,static,3,3,1,grover
tampered_grover_static_v1_000064,benign_grover_v1_000064,grover,tampered,static,0,1,0,grover
tampered_grover_static_v1_000065,benign_grover_v1_000065,grover,tampered,static,2,0,2,grover
tampered_grover_static_v1_000066,benign_grover_v1_000066,grover,tampered,static,2,4,3,grover
tampered_grover_static_v1_000067,benign_grover_v1_000067,grover,tampered,static,1,0,3,grover
tampered_grover_static_v1_000068,benign_grover_v1_000068,grover,tampered,static,1,4,2,grover
tampered_grover_static_v1_000069,benign_grover_v1_000069,grover,tampered,static,4,2,3,grover
tampered_grover_static_v1_000070,benign_grover_v1_000070,grover,tampered,static,0,3,4,grover
tampered_grover_static_v1_000071,benign_grover_v1_000071,grover,tampered,static,0,3,4,grover
tampered_grover_static_v1_000072,benign_grover_v1_000072,grover,tampered,static,4,2,3,grover
tampered_grover_static_v1_000073,benign_grover_v1_000073,grover,tampered,static,0,0,3,grover
tampered_grover_static_v1_000074,benign_grover_v1_000074,grover,tampered,static,2,1,2,grover
tampered_grover_static_v1_000075,benign_grover_v1_000075,grover,tampered,static,0,3,0,grover
tampered_grover_static_v1_000076,benign_grover_v1_000076,grover,tampered,static,0,0,3,grover
tampered_grover_static_v1_000077,benign_grover_v1_000077,grover,tampered,static,1,3,3,grover
tampered_grover_static_v1_000078,benign_grover_v1_000078,grover,tampered,static,0,4,4,grover
tampered_grover_static_v1_000079,benign_grover_v1_000079,grover,tampered,static,1,1,4,grover
tampered_grover_static_v1_000080,benign_grover_v1_000080,grover,tampered,static,1,3,1,grover
tampered_grover_static_v1_000081,benign_grover_v1_000081,grover,tampered,static,2,3,1,grover
tampered_grover_static_v1_000082,benign_grover_v1_000082,grover,tampered,static,2,0,4,grover
tampered_grover_static_v1_000083,benign_grover_v1_000083,grover,tampered,static,3,3,1,grover
tampered_grover_static_v1_000084,benign_grover_v1_000084,grover,tampered,static,2,1,3,grover
tampered_grover_static_v1_000085,benign_grover_v1_000085,grover,tampered,static,0,1,0,grover
tampered_grover_static_v1_000086,benign_grover_v1_000086,grover,tampered,static,4,4,1,grover
tampered_grover_static_v1_000087,benign_grover_v1_000087,grover,tampered,static,4,1,3,grover
tampered_grover_static_v1_000088,benign_grover_v1_000088,grover,tampered,static,0,4,0,grover
tampered_grover_static_v1_000089,benign_grover_v1_000089,grover,tampered,static,1,2,0,grover
tampered_grover_static_v1_000090,benign_grover_v1_000090,grover,tampered,static,4,1,1,grover
tampered_grover_static_v1_000091,benign_grover_v1_000091,grover,tampered,static,2,1,0,grover
tampered_grover_static_v1_000092,benign_grover_v1_000092,grover,tampered,static,1,2,0,grover
tampered_grover_static_v1_000093,benign_grover_v1_000093,grover,tampered,static,0,2,1,grover
tampered_grover_static_v1_000094,benign_grover_v1_000094,grover,tampered,static,0,1,0,grover
tampered_grover_static_v1_000095,benign_grover_v1_000095,grover,tampered,static,0,1,3,grover
tampered_grover_static_v1_000096,benign_grover_v1_000096,grover,tampered,static,4,4,4,grover
tampered_grover_static_v1_000097,benign_grover_v1_000097,grover,tampered,static,1,1,1,grover
tampered_grover_static_v1_000098,benign_grover_v1_000098,grover,tampered,static,3,1,0,grover
tampered_grover_static_v1_000099,benign_grover_v1_000099,grover,tampered,static,4,1,3,grover
tampered_grover_static_v1_000100,benign_grover_v1_000100,grover,tampered,static,2,1,2,grover
tampered_grover_static_v1_000101,benign_grover_v1_000101,grover,tampered,static,4,0,3,grover
tampered_grover_static_v1_000102,benign_grover_v1_000102,grover,tampered,static,3,4,0,grover
tampered_grover_static_v1_000103,benign_grover_v1_000103,grover,tampered,static,0,4,0,grover
tampered_grover_static_v1_000104,benign_grover_v1_000104,grover,tampered,static,4,4,4,grover
tampered_grover_static_v1_000105,benign_grover_v1_000105,grover,tampered,static,3,0,4,grover
tampered_grover_static_v1_000106,benign_grover_v1_000106,grover,tampered,static,0,0,0,grover
tampered_grover_static_v1_000107,benign_grover_v1_000107,grover,tampered,static,0,3,0,grover
tampered_grover_static_v1_000108,benign_grover_v1_000108,grover,tampered,static,4,4,0,grover
tampered_grover_static_v1_000109,benign_grover_v1_000109,grover,tampered,static,0,4,4,grover
tampered_grover_static_v1_000110,benign_grover_v1_000110,grover,tampered,static,4,2,3,grover
tampered_grover_static_v1_000111,benign_grover_v1_000111,grover,tampered,static,2,4,0,grover
tampered_grover_static_v1_000112,benign_grover_v1_000112,grover,tampered,static,0,2,4,grover
tampered_grover_static_v1_000113,benign_grover_v1_000113,grover,tampered,static,3,4,2,grover
tampered_grover_static_v1_000114,benign_grover_v1_000114,grover,tampered,static,3,2,1,grover
tampered_grover_static_v1_000115,benign_grover_v1_000115,grover,tampered,static,3,2,0,grover
tampered_grover_static_v1_000116,benign_grover_v1_000116,grover,tampered,static,0,1,4,grover
tampered_grover_static_v1_000117,benign_grover_v1_000117,grover,tampered,static,1,0,4,grover
tampered_grover_static_v1_000118,benign_grover_v1_000118,grover,tampered,static,3,1,4,grover
tampered_grover_static_v1_000119,benign_grover_v1_000119,grover,tampered,static,1,0,1,grover
tampered_grover_static_v1_000120,benign_grover_v1_000120,grover,tampered,static,4,4,1,grover
tampered_grover_static_v1_000121,benign_grover_v1_000121,grover,tampered,static,3,1,3,grover
tampered_grover_static_v1_000122,benign_grover_v1_000122,grover,tampered,static,4,2,0,grover
tampered_grover_static_v1_000123,benign_grover_v1_000123,grover,tampered,static,2,4,1,grover
tampered_grover_static_v1_000124,benign_grover_v1_000124,grover,tampered,static,4,3,0,grover
tampered_grover_static_v1_000125,benign_grover_v1_000125,grover,tampered,static,0,0,3,grover
tampered_grover_static_v1_000126,benign_grover_v1_000126,grover,tampered,static,2,3,1,grover
tampered_grover_static_v1_000127,benign_grover_v1_000127,grover,tampered,static,0,4,1,grover
tampered_grover_static_v1_000128,benign_grover_v1_000128,grover,tampered,static,0,2,4,grover
tampered_grover_static_v1_000129,benign_grover_v1_000129,grover,tampered,static,3,0,1,grover
tampered_grover_static_v1_000130,benign_grover_v1_000130,grover,tampered,static,0,0,1,grover
tampered_grover_static_v1_000131,benign_grover_v1_000131,grover,tampered,static,4,1,3,grover
tampered_grover_static_v1_000132,benign_grover_v1_000132,grover,tampered,static,0,0,2,grover
tampered_grover_static_v1_000133,benign_grover_v1_000133,grover,tampered,static,0,3,1,grover
tampered_grover_static_v1_000134,benign_grover_v1_000134,grover,tampered,static,1,0,1,grover
tampered_grover_static_v1_000135,benign_grover_v1_000135,grover,tampered,static,4,1,0,grover
tampered_grover_static_v1_000136,benign_grover_v1_000136,grover,tampered,static,2,0,4,grover
tampered_grover_static_v1_000137,benign_grover_v1_000137,grover,tampered,static,0,3,1,grover
tampered_grover_static_v1_000138,benign_grover_v1_000138,grover,tampered,static,2,3,2,grover
tampered_grover_static_v1_000139,benign_grover_v1_000139,grover,tampered,static,0,3,2,grover
tampered_grover_static_v1_000140,benign_grover_v1_000140,grover,tampered,static,1,4,1,grover
tampered_grover_static_v1_000141,benign_grover_v1_000141,grover,tampered,static,3,4,3,grover
tampered_grover_static_v1_000142,benign_grover_v1_000142,grover,tampered,static,3,4,2,grover
tampered_grover_static_v1_000143,benign_grover_v1_000143,grover,tampered,static,0,0,1,grover
tampered_grover_static_v1_000144,benign_grover_v1_000144,grover,tampered,static,3,1,4,grover
tampered_grover_static_v1_000145,benign_grover_v1_000145,grover,tampered,static,2,2,4,grover
tampered_grover_static_v1_000146,benign_grover_v1_000146,grover,tampered,static,1,4,1,grover
tampered_grover_static_v1_000147,benign_grover_v1_000147,grover,tampered,static,1,3,2,grover
tampered_grover_static_v1_000148,benign_grover_v1_000148,grover,tampered,static,1,4,2,grover
tampered_grover_static_v1_000149,benign_grover_v1_000149,grover,tampered,static,2,2,0,grover
tampered_grover_static_v1_000150,benign_grover_v1_000150,grover,tampered,static,4,1,1,grover
tampered_grover_static_v1_000151,benign_grover_v1_000151,grover,tampered,static,1,3,2,grover
tampered_grover_static_v1_000152,benign_grover_v1_000152,grover,tampered,static,0,3,2,grover
tampered_grover_static_v1_000153,benign_grover_v1_000153,grover,tampered,static,2,1,0,grover
tampered_grover_static_v1_000154,benign_grover_v1_000154,grover,tampered,static,3,0,3,grover
tampered_grover_static_v1_000155,benign_grover_v1_000155,grover,tampered,static,0,4,1,grover
tampered_grover_static_v1_000156,benign_grover_v1_000156,grover,tampered,static,2,2,0,grover
tampered_grover_static_v1_000157,benign_grover_v1_000157,grover,tampered,static,0,2,1,grover
tampered_grover_static_v1_000158,benign_grover_v1_000158,grover,tampered,static,4,4,2,grover
tampered_grover_static_v1_000159,benign_grover_v1_000159,grover,tampered,static,2,4,4,grover
tampered_grover_static_v1_000160,benign_grover_v1_000160,grover,tampered,static,2,1,4,grover
tampered_grover_static_v1_000161,benign_grover_v1_000161,grover,tampered,static,2,0,1,grover
tampered_grover_static_v1_000162,benign_grover_v1_000162,grover,tampered,static,4,3,1,grover
tampered_grover_static_v1_000163,benign_grover_v1_000163,grover,tampered,static,2,4,1,grover
tampered_grover_static_v1_000164,benign_grover_v1_000164,grover,tampered,static,2,2,0,grover
tampered_grover_static_v1_000165,benign_grover_v1_000165,grover,tampered,static,1,0,3,grover
tampered_grover_static_v1_000166,benign_grover_v1_000166,grover,tampered,static,4,0,2,grover
tampered_grover_static_v1_000167,benign_grover_v1_000167,grover,tampered,static,0,4,0,grover
tampered_grover_static_v1_000168,benign_grover_v1_000168,grover,tampered,static,3,1,2,grover
tampered_grover_static_v1_000169,benign_grover_v1_000169,grover,tampered,static,2,2,4,grover
tampered_grover_static_v1_000170,benign_grover_v1_000170,grover,tampered,static,3,0,1,grover
tampered_grover_static_v1_000171,benign_grover_v1_000171,grover,tampered,static,1,1,2,grover
tampered_grover_static_v1_000172,benign_grover_v1_000172,grover,tampered,static,1,3,3,grover
tampered_grover_static_v1_000173,benign_grover_v1_000173,grover,tampered,static,1,3,0,grover
tampered_grover_static_v1_000174,benign_grover_v1_000174,grover,tampered,static,0,4,0,grover
tampered_grover_static_v1_000175,benign_grover_v1_000175,grover,tampered,static,4,3,1,grover
tampered_grover_static_v1_000176,benign_grover_v1_000176,grover,tampered,static,0,3,2,grover
tampered_grover_static_v1_000177,benign_grover_v1_000177,grover,tampered,static,4,3,0,grover
tampered_grover_static_v1_000178,benign_grover_v1_000178,grover,tampered,static,1,4,2,grover
tampered_grover_static_v1_000179,benign_grover_v1_000179,grover,tampered,static,0,3,3,grover
tampered_grover_static_v1_000180,benign_grover_v1_000180,grover,tampered,static,0,4,3,grover
tampered_grover_static_v1_000181,benign_grover_v1_000181,grover,tampered,static,2,1,3,grover
tampered_grover_static_v1_000182,benign_grover_v1_000182,grover,tampered,static,0,0,1,grover
tampered_grover_static_v1_000183,benign_grover_v1_000183,grover,tampered,static,3,1,4,grover
tampered_grover_static_v1_000184,benign_grover_v1_000184,grover,tampered,static,0,2,3,grover
tampered_grover_static_v1_000185,benign_grover_v1_000185,grover,tampered,static,4,1,0,grover
tampered_grover_static_v1_000186,benign_grover_v1_000186,grover,tampered,static,1,3,1,grover
tampered_grover_static_v1_000187,benign_grover_v1_000187,grover,tampered,static,1,1,1,grover
tampered_grover_static_v1_000188,benign_grover_v1_000188,grover,tampered,static,3,2,2,grover
tampered_grover_static_v1_000189,benign_grover_v1_000189,grover,tampered,static,1,1,0,grover
tampered_grover_static_v1_000190,benign_grover_v1_000190,grover,tampered,static,0,1,4,grover
tampered_grover_static_v1_000191,benign_grover_v1_000191,grover,tampered,static,4,1,2,grover
tampered_grover_static_v1_000192,benign_grover_v1_000192,grover,tampered,static,1,4,0,grover
tampered_grover_static_v1_000193,benign_grover_v1_000193,grover,tampered,static,1,1,3,grover
tampered_grover_static_v1_000194,benign_grover_v1_000194,grover,tampered,static,3,0,0,grover
tampered_grover_static_v1_000195,benign_grover_v1_000195,grover,tampered,static,3,2,3,grover
tampered_grover_static_v1_000196,benign_grover_v1_000196,grover,tampered,static,1,4,2,grover
tampered_grover_static_v1_000197,benign_grover_v1_000197,grover,tampered,static,3,4,4,grover
tampered_grover_static_v1_000198,benign_grover_v1_000198,grover,tampered,static,1,4,0,grover
tampered_grover_static_v1_000199,benign_grover_v1_000199,grover,tampered,static,3,2,4,grover
tampered_grover_static_v1_000200,benign_grover_v1_000200,grover,tampered,static,2,0,1,grover
tampered_grover_static_v1_000201,benign_grover_v1_000201,grover,tampered,static,1,4,4,grover
tampered_grover_static_v1_000202,benign_grover_v1_000202,grover,tampered,static,3,4,2,grover
tampered_grover_static_v1_000203,benign_grover_v1_000203,grover,tampered,static,2,0,2,grover
tampered_grover_static_v1_000204,benign_grover_v1_000204,grover,tampered,static,2,1,3,grover
tampered_grover_static_v1_000205,benign_grover_v1_000205,grover,tampered,static,2,3,4,grover
tampered_grover_static_v1_000206,benign_grover_v1_000206,grover,tampered,static,3,3,4,grover
tampered_grover_static_v1_000207,benign_grover_v1_000207,grover,tampered,static,3,0,0,grover
tampered_grover_static_v1_000208,benign_grover_v1_000208,grover,tampered,static,4,4,4,grover
tampered_grover_static_v1_000209,benign_grover_v1_000209,grover,tampered,static,0,4,4,grover
tampered_grover_static_v1_000210,benign_grover_v1_000210,grover,tampered,static,3,3,3,grover
tampered_grover_static_v1_000211,benign_grover_v1_000211,grover,tampered,static,3,0,4,grover
tampered_grover_static_v1_000212,benign_grover_v1_000212,grover,tampered,static,3,0,3,grover
tampered_grover_static_v1_000213,benign_grover_v1_000213,grover,tampered,static,3,3,3,grover
tampered_grover_static_v1_000214,benign_grover_v1_000214,grover,tampered,static,2,2,3,grover
tampered_grover_static_v1_000215,benign_grover_v1_000215,grover,tampered,static,4,3,4,grover
tampered_grover_static_v1_000216,benign_grover_v1_000216,grover,tampered,static,2,3,4,grover
tampered_grover_static_v1_000217,benign_grover_v1_000217,grover,tampered,static,1,4,4,grover
tampered_grover_static_v1_000218,benign_grover_v1_000218,grover,tampered,static,1,0,1,grover
tampered_grover_static_v1_000219,benign_grover_v1_000219,grover,tampered,static,1,4,2,grover
tampered_grover_static_v1_000220,benign_grover_v1_000220,grover,tampered,static,0,3,0,grover
tampered_grover_static_v1_000221,benign_grover_v1_000221,grover,tampered,static,4,2,3,grover
tampered_grover_static_v1_000222,benign_grover_v1_000222,grover,tampered,static,0,4,3,grover
tampered_grover_static_v1_000223,benign_grover_v1_000223,grover,tampered,static,0,2,4,grover
tampered_grover_static_v1_000224,benign_grover_v1_000224,grover,tampered,static,2,2,4,grover
tampered_grover_static_v1_000225,benign_grover_v1_000225,grover,tampered,static,4,1,4,grover
tampered_grover_static_v1_000226,benign_grover_v1_000226,grover,tampered,static,1,2,0,grover
tampered_grover_static_v1_000227,benign_grover_v1_000227,grover,tampered,static,3,3,3,grover
tampered_grover_static_v1_000228,benign_grover_v1_000228,grover,tampered,static,4,4,3,grover
tampered_grover_static_v1_000229,benign_grover_v1_000229,grover,tampered,static,4,0,4,grover
tampered_grover_static_v1_000230,benign_grover_v1_000230,grover,tampered,static,3,3,2,grover
tampered_grover_static_v1_000231,benign_grover_v1_000231,grover,tampered,static,3,4,0,grover
tampered_grover_static_v1_000232,benign_grover_v1_000232,grover,tampered,static,2,3,2,grover
tampered_grover_static_v1_000233,benign_grover_v1_000233,grover,tampered,static,1,0,3,grover
tampered_grover_static_v1_000234,benign_grover_v1_000234,grover,tampered,static,4,4,4,grover
tampered_grover_static_v1_000235,benign_grover_v1_000235,grover,tampered,static,1,2,2,grover
tampered_grover_static_v1_000236,benign_grover_v1_000236,grover,tampered,static,2,0,4,grover
tampered_grover_static_v1_000237,benign_grover_v1_000237,grover,tampered,static,1,0,3,grover
tampered_grover_static_v1_000238,benign_grover_v1_000238,grover,tampered,static,2,0,1,grover
tampered_grover_static_v1_000239,benign_grover_v1_000239,grover,tampered,static,3,4,1,grover
tampered_grover_static_v1_000240,benign_grover_v1_000240,grover,tampered,static,1,2,1,grover
tampered_grover_static_v1_000241,benign_grover_v1_000241,grover,tampered,static,0,3,4,grover
tampered_grover_static_v1_000242,benign_grover_v1_000242,grover,tampered,static,3,1,4,grover
tampered_grover_static_v1_000243,benign_grover_v1_000243,grover,tampered,static,3,2,3,grover
tampered_grover_static_v1_000244,benign_grover_v1_000244,grover,tampered,static,3,1,3,grover
tampered_grover_static_v1_000245,benign_grover_v1_000245,grover,tampered,static,0,4,1,grover
tampered_grover_static_v1_000246,benign_grover_v1_000246,grover,tampered,static,0,1,1,grover
tampered_grover_static_v1_000247,benign_grover_v1_000247,grover,tampered,static,4,3,3,grover
tampered_grover_static_v1_000248,benign_grover_v1_000248,grover,tampered,static,2,0,1,grover
tampered_grover_static_v1_000249,benign_grover_v1_000249,grover,tampered,static,3,4,4,grover
tampered_grover_static_v1_000250,benign_grover_v1_000250,grover,tampered,static,1,1,2,grover
tampered_grover_static_v1_000251,benign_grover_v1_000251,grover,tampered,static,0,4,1,grover
tampered_grover_static_v1_000252,benign_grover_v1_000252,grover,tampered,static,1,0,2,grover
tampered_grover_static_v1_000253,benign_grover_v1_000253,grover,tampered,static,4,2,1,grover
tampered_grover_static_v1_000254,benign_grover_v1_000254,grover,tampered,static,1,4,2,grover
tampered_grover_static_v1_000255,benign_grover_v1_000255,grover,tampered,static,2,0,4,grover
tampered_grover_static_v1_000256,benign_grover_v1_000256,grover,tampered,static,3,2,0,grover
tampered_grover_static_v1_000257,benign_grover_v1_000257,grover,tampered,static,4,0,2,grover
tampered_grover_static_v1_000258,benign_grover_v1_000258,grover,tampered,static,1,0,2,grover
tampered_grover_static_v1_000259,benign_grover_v1_000259,grover,tampered,static,3,4,2,grover
tampered_grover_static_v1_000260,benign_grover_v1_000260,grover,tampered,static,0,2,0,grover
tampered_grover_static_v1_000261,benign_grover_v1_000261,grover,tampered,static,0,0,0,grover
tampered_grover_static_v1_000262,benign_grover_v1_000262,grover,tampered,static,0,3,0,grover
tampered_grover_static_v1_000263,benign_grover_v1_000263,grover,tampered,static,0,2,3,grover
tampered_grover_static_v1_000264,benign_grover_v1_000264,grover,tampered,static,4,2,2,grover
tampered_grover_static_v1_000265,benign_grover_v1_000265,grover,tampered,static,2,1,3,grover
tampered_grover_static_v1_000266,benign_grover_v1_000266,grover,tampered,static,4,4,1,grover
tampered_grover_static_v1_000267,benign_grover_v1_000267,grover,tampered,static,3,3,0,grover
tampered_grover_static_v1_000268,benign_grover_v1_000268,grover,tampered,static,3,2,1,grover
tampered_grover_static_v1_000269,benign_grover_v1_000269,grover,tampered,static,1,3,0,grover
tampered_grover_static_v1_000270,benign_grover_v1_000270,grover,tampered,static,1,1,0,grover
tampered_grover_static_v1_000271,benign_grover_v1_000271,grover,tampered,static,1,1,1,grover
tampered_grover_static_v1_000272,benign_grover_v1_000272,grover,tampered,static,0,2,4,grover
tampered_grover_static_v1_000273,benign_grover_v1_000273,grover,tampered,static,3,1,1,grover
tampered_grover_static_v1_000274,benign_grover_v1_000274,grover,tampered,static,0,1,0,grover
tampered_grover_static_v1_000275,benign_grover_v1_000275,grover,tampered,static,1,4,1,grover
tampered_grover_static_v1_000276,benign_grover_v1_000276,grover,tampered,static,1,4,1,grover
tampered_grover_static_v1_000277,benign_grover_v1_000277,grover,tampered,static,1,0,1,grover
tampered_grover_static_v1_000278,benign_grover_v1_000278,grover,tampered,static,2,2,3,grover
tampered_grover_static_v1_000279,benign_grover_v1_000279,grover,tampered,static,3,4,3,grover
tampered_grover_static_v1_000280,benign_grover_v1_000280,grover,tampered,static,4,0,4,grover
tampered_grover_static_v1_000281,benign_grover_v1_000281,grover,tampered,static,2,0,1,grover
tampered_grover_static_v1_000282,benign_grover_v1_000282,grover,tampered,static,3,3,1,grover
tampered_grover_static_v1_000283,benign_grover_v1_000283,grover,tampered,static,0,2,0,grover
tampered_grover_static_v1_000284,benign_grover_v1_000284,grover,tampered,static,1,1,2,grover
tampered_grover_static_v1_000285,benign_grover_v1_000285,grover,tampered,static,3,0,2,grover
tampered_grover_static_v1_000286,benign_grover_v1_000286,grover,tampered,static,4,2,2,grover
tampered_grover_static_v1_000287,benign_grover_v1_000287,grover,tampered,static,2,2,0,grover
tampered_grover_static_v1_000288,benign_grover_v1_000288,grover,tampered,static,0,0,4,grover
tampered_grover_static_v1_000289,benign_grover_v1_000289,grover,tampered,static,2,2,0,grover
tampered_grover_static_v1_000290,benign_grover_v1_000290,grover,tampered,static,3,3,4,grover
tampered_grover_static_v1_000291,benign_grover_v1_000291,grover,tampered,static,4,2,0,grover
tampered_grover_static_v1_000292,benign_grover_v1_000292,grover,tampered,static,4,1,4,grover
tampered_grover_static_v1_000293,benign_grover_v1_000293,grover,tampered,static,2,2,4,grover
tampered_grover_static_v1_000294,benign_grover_v1_000294,grover,tampered,static,0,4,4,grover
tampered_grover_static_v1_000295,benign_grover_v1_000295,grover,tampered,static,3,4,2,grover
tampered_grover_static_v1_000296,benign_grover_v1_000296,grover,tampered,static,3,4,1,grover
tampered_grover_static_v1_000297,benign_grover_v1_000297,grover,tampered,static,2,0,1,grover
tampered_grover_static_v1_000298,benign_grover_v1_000298,grover,tampered,static,2,4,0,grover
tampered_grover_static_v1_000299,benign_grover_v1_000299,grover,tampered,static,4,3,2,grover
tampered_grover_static_v1_000300,benign_grover_v1_000300,grover,tampered,static,2,3,0,grover
tampered_grover_static_v1_000301,benign_grover_v1_000301,grover,tampered,static,3,1,0,grover
tampered_grover_static_v1_000302,benign_grover_v1_000302,grover,tampered,static,2,2,4,grover
tampered_grover_static_v1_000303,benign_grover_v1_000303,grover,tampered,static,0,3,2,grover
tampered_grover_static_v1_000304,benign_grover_v1_000304,grover,tampered,static,2,1,1,grover
tampered_grover_static_v1_000305,benign_grover_v1_000305,grover,tampered,static,3,1,1,grover
tampered_grover_static_v1_000306,benign_grover_v1_000306,grover,tampered,static,1,2,3,grover
tampered_grover_static_v1_000307,benign_grover_v1_000307,grover,tampered,static,4,3,0,grover
tampered_grover_static_v1_000308,benign_grover_v1_000308,grover,tampered,static,4,3,3,grover
tampered_grover_static_v1_000309,benign_grover_v1_000309,grover,tampered,static,3,4,3,grover
tampered_grover_static_v1_000310,benign_grover_v1_000310,grover,tampered,static,4,3,4,grover
tampered_grover_static_v1_000311,benign_grover_v1_000311,grover,tampered,static,4,4,2,grover
tampered_grover_static_v1_000312,benign_grover_v1_000312,grover,tampered,static,1,4,4,grover
tampered_grover_static_v1_000313,benign_grover_v1_000313,grover,tampered,static,4,4,2,grover
tampered_grover_static_v1_000314,benign_grover_v1_000314,grover,tampered,static,4,3,4,grover
tampered_grover_static_v1_000315,benign_grover_v1_000315,grover,tampered,static,0,0,3,grover
tampered_grover_static_v1_000316,benign_grover_v1_000316,grover,tampered,static,1,0,4,grover
tampered_grover_static_v1_000317,benign_grover_v1_000317,grover,tampered,static,0,4,2,grover
tampered_grover_static_v1_000318,benign_grover_v1_000318,grover,tampered,static,2,4,2,grover
tampered_grover_static_v1_000319,benign_grover_v1_000319,grover,tampered,static,4,2,4,grover
tampered_grover_static_v1_000320,benign_grover_v1_000320,grover,tampered,static,2,4,4,grover
tampered_grover_static_v1_000321,benign_grover_v1_000321,grover,tampered,static,3,0,0,grover
tampered_grover_static_v1_000322,benign_grover_v1_000322,grover,tampered,static,0,3,4,grover
tampered_grover_static_v1_000323,benign_grover_v1_000323,grover,tampered,static,4,3,0,grover
tampered_grover_static_v1_000324,benign_grover_v1_000324,grover,tampered,static,0,3,0,grover
tampered_grover_static_v1_000325,benign_grover_v1_000325,grover,tampered,static,0,1,4,grover
tampered_grover_static_v1_000326,benign_grover_v1_000326,grover,tampered,static,3,4,0,grover
tampered_grover_static_v1_000327,benign_grover_v1_000327,grover,tampered,static,2,2,0,grover
tampered_grover_static_v1_000328,benign_grover_v1_000328,grover,tampered,static,0,4,0,grover
tampered_grover_static_v1_000329,benign_grover_v1_000329,grover,tampered,static,2,1,4,grover
tampered_grover_static_v1_000330,benign_grover_v1_000330,grover,tampered,static,2,3,0,grover
tampered_grover_static_v1_000331,benign_grover_v1_000331,grover,tampered,static,0,1,0,grover
tampered_grover_static_v1_000332,benign_grover_v1_000332,grover,tampered,static,1,3,4,grover
tampered_grover_static_v1_000333,benign_grover_v1_000333,grover,tampered,static,3,1,1,grover
tampered_grover_static_v1_000334,benign_grover_v1_000334,grover,tampered,static,3,0,2,grover
tampered_grover_static_v1_000335,benign_grover_v1_000335,grover,tampered,static,3,1,2,grover
tampered_grover_static_v1_000336,benign_grover_v1_000336,grover,tampered,static,2,2,4,grover
tampered_grover_static_v1_000337,benign_grover_v1_000337,grover,tampered,static,4,3,3,grover
tampered_grover_static_v1_000338,benign_grover_v1_000338,grover,tampered,static,1,1,0,grover
tampered_grover_static_v1_000339,benign_grover_v1_000339,grover,tampered,static,0,4,2,grover
tampered_grover_static_v1_000340,benign_grover_v1_000340,grover,tampered,static,3,3,1,grover
tampered_grover_static_v1_000341,benign_grover_v1_000341,grover,tampered,static,2,2,3,grover
tampered_grover_static_v1_000342,benign_grover_v1_000342,grover,tampered,static,3,3,1,grover
tampered_grover_static_v1_000343,benign_grover_v1_000343,grover,tampered,static,1,0,2,grover
tampered_grover_static_v1_000344,benign_grover_v1_000344,grover,tampered,static,3,4,4,grover
tampered_grover_static_v1_000345,benign_grover_v1_000345,grover,tampered,static,0,3,4,grover
tampered_grover_static_v1_000346,benign_grover_v1_000346,grover,tampered,static,3,1,4,grover
tampered_grover_static_v1_000347,benign_grover_v1_000347,grover,tampered,static,3,0,2,grover
tampered_grover_static_v1_000348,benign_grover_v1_000348,grover,tampered,static,2,0,1,grover
tampered_grover_static_v1_000349,benign_grover_v1_000349,grover,tampered,static,4,2,1,grover
tampered_grover_static_v1_000350,benign_grover_v1_000350,grover,tampered,static,4,3,2,grover
tampered_grover_static_v1_000351,benign_grover_v1_000351,grover,tampered,static,0,0,2,grover
tampered_grover_static_v1_000352,benign_grover_v1_000352,grover,tampered,static,3,1,4,grover
tampered_grover_static_v1_000353,benign_grover_v1_000353,grover,tampered,static,4,2,1,grover
tampered_grover_static_v1_000354,benign_grover_v1_000354,grover,tampered,static,4,0,3,grover
tampered_grover_static_v1_000355,benign_grover_v1_000355,grover,tampered,static,1,1,3,grover
tampered_grover_static_v1_000356,benign_grover_v1_000356,grover,tampered,static,1,4,0,grover
tampered_grover_static_v1_000357,benign_grover_v1_000357,grover,tampered,static,2,2,0,grover
tampered_grover_static_v1_000358,benign_grover_v1_000358,grover,tampered,static,3,3,1,grover
tampered_grover_static_v1_000359,benign_grover_v1_000359,grover,tampered,static,0,4,3,grover
tampered_grover_static_v1_000360,benign_grover_v1_000360,grover,tampered,static,3,4,2,grover
tampered_grover_static_v1_000361,benign_grover_v1_000361,grover,tampered,static,0,0,4,grover
tampered_grover_static_v1_000362,benign_grover_v1_000362,grover,tampered,static,0,3,0,grover
tampered_grover_static_v1_000363,benign_grover_v1_000363,grover,tampered,static,4,1,3,grover
tampered_grover_static_v1_000364,benign_grover_v1_000364,grover,tampered,static,1,0,1,grover
tampered_grover_static_v1_000365,benign_grover_v1_000365,grover,tampered,static,2,4,1,grover
tampered_grover_static_v1_000366,benign_grover_v1_000366,grover,tampered,static,3,0,1,grover
tampered_grover_static_v1_000367,benign_grover_v1_000367,grover,tampered,static,2,3,4,grover
tampered_grover_static_v1_000368,benign_grover_v1_000368,grover,tampered,static,3,0,2,grover
tampered_grover_static_v1_000369,benign_grover_v1_000369,grover,tampered,static,2,0,0,grover
tampered_grover_static_v1_000370,benign_grover_v1_000370,grover,tampered,static,4,0,2,grover
tampered_grover_static_v1_000371,benign_grover_v1_000371,grover,tampered,static,3,3,0,grover
tampered_grover_static_v1_000372,benign_grover_v1_000372,grover,tampered,static,1,2,4,grover
tampered_grover_static_v1_000373,benign_grover_v1_000373,grover,tampered,static,4,1,0,grover
tampered_grover_static_v1_000374,benign_grover_v1_000374,grover,tampered,static,3,1,1,grover
tampered_grover_static_v1_000375,benign_grover_v1_000375,grover,tampered,static,1,0,2,grover
tampered_grover_static_v1_000376,benign_grover_v1_000376,grover,tampered,static,4,3,4,grover
tampered_grover_static_v1_000377,benign_grover_v1_000377,grover,tampered,static,3,2,2,grover
tampered_grover_static_v1_000378,benign_grover_v1_000378,grover,tampered,static,2,0,0,grover
tampered_grover_static_v1_000379,benign_grover_v1_000379,grover,tampered,static,2,3,3,grover
tampered_grover_static_v1_000380,benign_grover_v1_000380,grover,tampered,static,2,0,1,grover
tampered_grover_static_v1_000381,benign_grover_v1_000381,grover,tampered,static,0,3,1,grover
tampered_grover_static_v1_000382,benign_grover_v1_000382,grover,tampered,static,0,3,0,grover
tampered_grover_static_v1_000383,benign_grover_v1_000383,grover,tampered,static,0,3,0,grover
tampered_grover_static_v1_000384,benign_grover_v1_000384,grover,tampered,static,3,0,4,grover
tampered_grover_static_v1_000385,benign_grover_v1_000385,grover,tampered,static,0,3,1,grover
tampered_grover_static_v1_000386,benign_grover_v1_000386,grover,tampered,static,2,0,4,grover
tampered_grover_static_v1_000387,benign_grover_v1_000387,grover,tampered,static,2,0,4,grover
tampered_grover_static_v1_000388,benign_grover_v1_000388,grover,tampered,static,3,2,4,grover
tampered_grover_static_v1_000389,benign_grover_v1_000389,grover,tampered,static,1,0,3,grover
tampered_grover_static_v1_000390,benign_grover_v1_000390,grover,tampered,static,2,1,2,grover
tampered_grover_static_v1_000391,benign_grover_v1_000391,grover,tampered,static,3,2,2,grover
tampered_grover_static_v1_000392,benign_grover_v1_000392,grover,tampered,static,4,4,0,grover
tampered_grover_static_v1_000393,benign_grover_v1_000393,grover,tampered,static,3,0,4,grover
tampered_grover_static_v1_000394,benign_grover_v1_000394,grover,tampered,static,0,0,2,grover
tampered_grover_static_v1_000395,benign_grover_v1_000395,grover,tampered,static,2,1,0,grover
tampered_grover_static_v1_000396,benign_grover_v1_000396,grover,tampered,static,3,3,2,grover
tampered_grover_static_v1_000397,benign_grover_v1_000397,grover,tampered,static,4,0,4,grover
tampered_grover_static_v1_000398,benign_grover_v1_000398,grover,tampered,static,4,4,4,grover
tampered_grover_static_v1_000399,benign_grover_v1_000399,grover,tampered,static,4,3,1,grover
tampered_grover_static_v1_000400,benign_grover_v1_000400,grover,tampered,static,2,0,4,grover
tampered_grover_static_v1_000401,benign_grover_v1_000401,grover,tampered,static,4,3,2,grover
tampered_grover_static_v1_000402,benign_grover_v1_000402,grover,tampered,static,4,3,1,grover
tampered_grover_static_v1_000403,benign_grover_v1_000403,grover,tampered,static,4,4,4,grover
tampered_grover_static_v1_000404,benign_grover_v1_000404,grover,tampered,static,1,2,0,grover
tampered_grover_static_v1_000405,benign_grover_v1_000405,grover,tampered,static,4,1,0,grover
tampered_grover_static_v1_000406,benign_grover_v1_000406,grover,tampered,static,2,1,1,grover
tampered_grover_static_v1_000407,benign_grover_v1_000407,grover,tampered,static,2,1,4,grover
tampered_grover_static_v1_000408,benign_grover_v1_000408,grover,tampered,static,1,3,1,grover
tampered_grover_static_v1_000409,benign_grover_v1_000409,grover,tampered,static,1,4,3,grover
tampered_grover_static_v1_000410,benign_grover_v1_000410,grover,tampered,static,2,1,4,grover
tampered_grover_static_v1_000411,benign_grover_v1_000411,grover,tampered,static,2,3,2,grover
tampered_grover_static_v1_000412,benign_grover_v1_000412,grover,tampered,static,3,2,1,grover
tampered_grover_static_v1_000413,benign_grover_v1_000413,grover,tampered,static,2,1,2,grover
tampered_grover_static_v1_000414,benign_grover_v1_000414,grover,tampered,static,4,2,0,grover
tampered_grover_static_v1_000415,benign_grover_v1_000415,grover,tampered,static,4,2,4,grover
tampered_grover_static_v1_000416,benign_grover_v1_000416,grover,tampered,static,3,0,2,grover
tampered_grover_static_v1_000417,benign_grover_v1_000417,grover,tampered,static,1,1,1,grover
tampered_grover_static_v1_000418,benign_grover_v1_000418,grover,tampered,static,2,3,2,grover
tampered_grover_static_v1_000419,benign_grover_v1_000419,grover,tampered,static,0,1,3,grover
tampered_grover_static_v1_000420,benign_grover_v1_000420,grover,tampered,static,4,1,2,grover
tampered_grover_static_v1_000421,benign_grover_v1_000421,grover,tampered,static,0,1,1,grover
tampered_grover_static_v1_000422,benign_grover_v1_000422,grover,tampered,static,4,2,3,grover
tampered_grover_static_v1_000423,benign_grover_v1_000423,grover,tampered,static,1,3,2,grover
tampered_grover_static_v1_000424,benign_grover_v1_000424,grover,tampered,static,0,2,2,grover
tampered_grover_static_v1_000425,benign_grover_v1_000425,grover,tampered,static,0,4,0,grover
tampered_grover_static_v1_000426,benign_grover_v1_000426,grover,tampered,static,2,0,4,grover
tampered_grover_static_v1_000427,benign_grover_v1_000427,grover,tampered,static,1,2,1,grover
tampered_grover_static_v1_000428,benign_grover_v1_000428,grover,tampered,static,3,1,2,grover
tampered_grover_static_v1_000429,benign_grover_v1_000429,grover,tampered,static,2,4,3,grover
tampered_grover_static_v1_000430,benign_grover_v1_000430,grover,tampered,static,3,0,4,grover
tampered_grover_static_v1_000431,benign_grover_v1_000431,grover,tampered,static,4,2,3,grover
tampered_grover_static_v1_000432,benign_grover_v1_000432,grover,tampered,static,1,1,2,grover
tampered_grover_static_v1_000433,benign_grover_v1_000433,grover,tampered,static,0,1,0,grover
tampered_grover_static_v1_000434,benign_grover_v1_000434,grover,tampered,static,3,0,2,grover
tampered_grover_static_v1_000435,benign_grover_v1_000435,grover,tampered,static,4,0,3,grover
tampered_grover_static_v1_000436,benign_grover_v1_000436,grover,tampered,static,1,0,4,grover
tampered_grover_static_v1_000437,benign_grover_v1_000437,grover,tampered,static,3,4,2,grover
tampered_grover_static_v1_000438,benign_grover_v1_000438,grover,tampered,static,1,2,3,grover
tampered_grover_static_v1_000439,benign_grover_v1_000439,grover,tampered,static,0,3,0,grover
tampered_grover_static_v1_000440,benign_grover_v1_000440,grover,tampered,static,3,0,3,grover
tampered_grover_static_v1_000441,benign_grover_v1_000441,grover,tampered,static,1,2,3,grover
tampered_grover_static_v1_000442,benign_grover_v1_000442,grover,tampered,static,0,1,2,grover
tampered_grover_static_v1_000443,benign_grover_v1_000443,grover,tampered,static,0,3,1,grover
tampered_grover_static_v1_000444,benign_grover_v1_000444,grover,tampered,static,1,0,4,grover
tampered_grover_static_v1_000445,benign_grover_v1_000445,grover,tampered,static,3,1,2,grover
tampered_grover_static_v1_000446,benign_grover_v1_000446,grover,tampered,static,0,0,2,grover
tampered_grover_static_v1_000447,benign_grover_v1_000447,grover,tampered,static,0,2,0,grover
tampered_grover_static_v1_000448,benign_grover_v1_000448,grover,tampered,static,2,0,2,grover
tampered_grover_static_v1_000449,benign_grover_v1_000449,grover,tampered,static,1,2,1,grover
tampered_grover_static_v1_000450,benign_grover_v1_000450,grover,tampered,static,1,1,2,grover
tampered_grover_static_v1_000451,benign_grover_v1_000451,grover,tampered,static,1,2,4,grover
tampered_grover_static_v1_000452,benign_grover_v1_000452,grover,tampered,static,2,4,3,grover
tampered_grover_static_v1_000453,benign_grover_v1_000453,grover,tampered,static,4,2,4,grover
tampered_grover_static_v1_000454,benign_grover_v1_000454,grover,tampered,static,4,4,3,grover
tampered_grover_static_v1_000455,benign_grover_v1_000455,grover,tampered,static,4,1,4,grover
tampered_grover_static_v1_000456,benign_grover_v1_000456,grover,tampered,static,1,0,2,grover
tampered_grover_static_v1_000457,benign_grover_v1_000457,grover,tampered,static,4,3,0,grover
tampered_grover_static_v1_000458,benign_grover_v1_000458,grover,tampered,static,2,0,3,grover
tampered_grover_static_v1_000459,benign_grover_v1_000459,grover,tampered,static,0,3,2,grover
tampered_grover_static_v1_000460,benign_grover_v1_000460,grover,tampered,static,4,4,1,grover
tampered_grover_static_v1_000461,benign_grover_v1_000461,grover,tampered,static,4,2,1,grover
tampered_grover_static_v1_000462,benign_grover_v1_000462,grover,tampered,static,2,3,2,grover
tampered_grover_static_v1_000463,benign_grover_v1_000463,grover,tampered,static,1,1,3,grover
tampered_grover_static_v1_000464,benign_grover_v1_000464,grover,tampered,static,1,4,3,grover
tampered_grover_static_v1_000465,benign_grover_v1_000465,grover,tampered,static,2,3,4,grover
tampered_grover_static_v1_000466,benign_grover_v1_000466,grover,tampered,static,2,3,0,grover
tampered_grover_static_v1_000467,benign_grover_v1_000467,grover,tampered,static,0,1,3,grover
tampered_grover_static_v1_000468,benign_grover_v1_000468,grover,tampered,static,1,1,3,grover
tampered_grover_static_v1_000469,benign_grover_v1_000469,grover,tampered,static,2,1,0,grover
tampered_grover_static_v1_000470,benign_grover_v1_000470,grover,tampered,static,3,4,0,grover
tampered_grover_static_v1_000471,benign_grover_v1_000471,grover,tampered,static,0,2,2,grover
tampered_grover_static_v1_000472,benign_grover_v1_000472,grover,tampered,static,0,0,3,grover
tampered_grover_static_v1_000473,benign_grover_v1_000473,grover,tampered,static,1,2,4,grover
tampered_grover_static_v1_000474,benign_grover_v1_000474,grover,tampered,static,3,3,4,grover
tampered_grover_static_v1_000475,benign_grover_v1_000475,grover,tampered,static,3,4,1,grover
tampered_grover_static_v1_000476,benign_grover_v1_000476,grover,tampered,static,4,4,4,grover
tampered_grover_static_v1_000477,benign_grover_v1_000477,grover,tampered,static,0,4,4,grover
tampered_grover_static_v1_000478,benign_grover_v1_000478,grover,tampered,static,3,2,4,grover
tampered_grover_static_v1_000479,benign_grover_v1_000479,grover,tampered,static,4,2,4,grover
tampered_grover_static_v1_000480,benign_grover_v1_000480,grover,tampered,static,3,1,4,grover
tampered_grover_static_v1_000481,benign_grover_v1_000481,grover,tampered,static,4,0,3,grover
tampered_grover_static_v1_000482,benign_grover_v1_000482,grover,tampered,static,1,0,0,grover
tampered_grover_static_v1_000483,benign_grover_v1_000483,grover,tampered,static,3,4,1,grover
tampered_grover_static_v1_000484,benign_grover_v1_000484,grover,tampered,static,2,4,1,grover
tampered_grover_static_v1_000485,benign_grover_v1_000485,grover,tampered,static,3,0,3,grover
tampered_grover_static_v1_000486,benign_grover_v1_000486,grover,tampered,static,4,2,3,grover
tampered_grover_static_v1_000487,benign_grover_v1_000487,grover,tampered,static,0,0,3,grover
tampered_grover_static_v1_000488,benign_grover_v1_000488,grover,tampered,static,4,4,3,grover
tampered_grover_static_v1_000489,benign_grover_v1_000489,grover,tampered,static,1,2,0,grover
tampered_grover_static_v1_000490,benign_grover_v1_000490,grover,tampered,static,1,2,3,grover
tampered_grover_static_v1_000491,benign_grover_v1_000491,grover,tampered,static,0,1,0,grover
tampered_grover_static_v1_000492,benign_grover_v1_000492,grover,tampered,static,2,2,2,grover
tampered_grover_static_v1_000493,benign_grover_v1_000493,grover,tampered,static,1,0,0,grover
tampered_grover_static_v1_000494,benign_grover_v1_000494,grover,tampered,static,3,0,1,grover
tampered_grover_static_v1_000495,benign_grover_v1_000495,grover,tampered,static,4,3,3,grover
tampered_grover_static_v1_000496,benign_grover_v1_000496,grover,tampered,static,2,1,3,grover
tampered_grover_static_v1_000497,benign_grover_v1_000497,grover,tampered,static,1,2,1,grover
tampered_grover_static_v1_000498,benign_grover_v1_000498,grover,tampered,static,3,0,4,grover
tampered_grover_static_v1_000499,benign_grover_v1_000499,grover,tampered,static,2,4,0,grover
tampered_grover_static_v1_000500,benign_grover_v1_000500,grover,tampered,static,0,3,4,grover
tampered_grover_static_v1_000501,benign_grover_v1_000501,grover,tampered,static,0,0,2,grover
tampered_grover_static_v1_000502,benign_grover_v1_000502,grover,tampered,static,3,3,2,grover
tampered_grover_static_v1_000503,benign_grover_v1_000503,grover,tampered,static,2,0,3,grover
tampered_grover_static_v1_000504,benign_grover_v1_000504,grover,tampered,static,2,3,2,grover
tampered_grover_static_v1_000505,benign_grover_v1_000505,grover,tampered,static,1,2,1,grover
tampered_grover_static_v1_000506,benign_grover_v1_000506,grover,tampered,static,2,1,1,grover
tampered_grover_static_v1_000507,benign_grover_v1_000507,grover,tampered,static,3,0,3,grover
tampered_grover_static_v1_000508,benign_grover_v1_000508,grover,tampered,static,4,1,3,grover
tampered_grover_static_v1_000509,benign_grover_v1_000509,grover,tampered,static,1,0,0,grover
tampered_grover_static_v1_000510,benign_grover_v1_000510,grover,tampered,static,4,1,0,grover
tampered_grover_static_v1_000511,benign_grover_v1_000511,grover,tampered,static,1,1,0,grover
tampered_grover_static_v1_000512,benign_grover_v1_000512,grover,tampered,static,3,4,2,grover
tampered_grover_static_v1_000513,benign_grover_v1_000513,grover,tampered,static,2,4,3,grover
tampered_grover_static_v1_000514,benign_grover_v1_000514,grover,tampered,static,0,1,4,grover
tampered_grover_static_v1_000515,benign_grover_v1_000515,grover,tampered,static,0,3,0,grover
tampered_grover_static_v1_000516,benign_grover_v1_000516,grover,tampered,static,3,3,1,grover
tampered_grover_static_v1_000517,benign_grover_v1_000517,grover,tampered,static,2,2,1,grover
tampered_grover_static_v1_000518,benign_grover_v1_000518,grover,tampered,static,4,1,2,grover
tampered_grover_static_v1_000519,benign_grover_v1_000519,grover,tampered,static,0,2,3,grover
tampered_grover_static_v1_000520,benign_grover_v1_000520,grover,tampered,static,1,1,1,grover
tampered_grover_static_v1_000521,benign_grover_v1_000521,grover,tampered,static,3,2,4,grover
tampered_grover_static_v1_000522,benign_grover_v1_000522,grover,tampered,static,2,3,3,grover
tampered_grover_static_v1_000523,benign_grover_v1_000523,grover,tampered,static,3,4,3,grover
tampered_grover_static_v1_000524,benign_grover_v1_000524,grover,tampered,static,2,3,0,grover
tampered_grover_static_v1_000525,benign_grover_v1_000525,grover,tampered,static,4,1,3,grover
tampered_grover_static_v1_000526,benign_grover_v1_000526,grover,tampered,static,4,1,4,grover
tampered_grover_static_v1_000527,benign_grover_v1_000527,grover,tampered,static,0,2,2,grover
tampered_grover_static_v1_000528,benign_grover_v1_000528,grover,tampered,static,3,3,4,grover
tampered_grover_static_v1_000529,benign_grover_v1_000529,grover,tampered,static,1,1,2,grover
tampered_grover_static_v1_000530,benign_grover_v1_000530,grover,tampered,static,0,4,3,grover
tampered_grover_static_v1_000531,benign_grover_v1_000531,grover,tampered,static,1,0,3,grover
tampered_grover_static_v1_000532,benign_grover_v1_000532,grover,tampered,static,4,2,4,grover
tampered_grover_static_v1_000533,benign_grover_v1_000533,grover,tampered,static,1,2,3,grover
tampered_grover_static_v1_000534,benign_grover_v1_000534,grover,tampered,static,3,0,3,grover
tampered_grover_static_v1_000535,benign_grover_v1_000535,grover,tampered,static,4,2,3,grover
tampered_grover_static_v1_000536,benign_grover_v1_000536,grover,tampered,static,0,2,1,grover
tampered_grover_static_v1_000537,benign_grover_v1_000537,grover,tampered,static,2,4,4,grover
tampered_grover_static_v1_000538,benign_grover_v1_000538,grover,tampered,static,4,1,4,grover
tampered_grover_static_v1_000539,benign_grover_v1_000539,grover,tampered,static,3,2,1,grover
tampered_grover_static_v1_000540,benign_grover_v1_000540,grover,tampered,static,3,4,0,grover
tampered_grover_static_v1_000541,benign_grover_v1_000541,grover,tampered,static,4,1,1,grover
tampered_grover_static_v1_000542,benign_grover_v1_000542,grover,tampered,static,4,2,0,grover
tampered_grover_static_v1_000543,benign_grover_v1_000543,grover,tampered,static,2,1,0,grover
tampered_grover_static_v1_000544,benign_grover_v1_000544,grover,tampered,static,0,0,1,grover
tampered_grover_static_v1_000545,benign_grover_v1_000545,grover,tampered,static,4,1,1,grover
tampered_grover_static_v1_000546,benign_grover_v1_000546,grover,tampered,static,0,0,2,grover
tampered_grover_static_v1_000547,benign_grover_v1_000547,grover,tampered,static,3,2,4,grover
tampered_grover_static_v1_000548,benign_grover_v1_000548,grover,tampered,static,0,0,1,grover
tampered_grover_static_v1_000549,benign_grover_v1_000549,grover,tampered,static,0,4,3,grover
tampered_grover_static_v1_000550,benign_grover_v1_000550,grover,tampered,static,3,2,4,grover
tampered_grover_static_v1_000551,benign_grover_v1_000551,grover,tampered,static,1,3,2,grover
tampered_grover_static_v1_000552,benign_grover_v1_000552,grover,tampered,static,2,3,3,grover
tampered_grover_static_v1_000553,benign_grover_v1_000553,grover,tampered,static,4,1,4,grover
tampered_grover_static_v1_000554,benign_grover_v1_000554,grover,tampered,static,1,0,0,grover
tampered_grover_static_v1_000555,benign_grover_v1_000555,grover,tampered,static,2,1,2,grover
tampered_grover_static_v1_000556,benign_grover_v1_000556,grover,tampered,static,2,4,3,grover
tampered_grover_static_v1_000557,benign_grover_v1_000557,grover,tampered,static,4,2,0,grover
tampered_grover_static_v1_000558,benign_grover_v1_000558,grover,tampered,static,1,3,3,grover
tampered_grover_static_v1_000559,benign_grover_v1_000559,grover,tampered,static,2,2,1,grover
tampered_grover_static_v1_000560,benign_grover_v1_000560,grover,tampered,static,3,2,2,grover
tampered_grover_static_v1_000561,benign_grover_v1_000561,grover,tampered,static,2,1,0,grover
tampered_grover_static_v1_000562,benign_grover_v1_000562,grover,tampered,static,1,1,2,grover
tampered_grover_static_v1_000563,benign_grover_v1_000563,grover,tampered,static,3,2,3,grover
tampered_grover_static_v1_000564,benign_grover_v1_000564,grover,tampered,static,4,4,3,grover
tampered_grover_static_v1_000565,benign_grover_v1_000565,grover,tampered,static,3,3,3,grover
tampered_grover_static_v1_000566,benign_grover_v1_000566,grover,tampered,static,4,2,2,grover
tampered_grover_static_v1_000567,benign_grover_v1_000567,grover,tampered,static,1,2,1,grover
tampered_grover_static_v1_000568,benign_grover_v1_000568,grover,tampered,static,4,2,3,grover
tampered_grover_static_v1_000569,benign_grover_v1_000569,grover,tampered,static,0,4,4,grover
tampered_grover_static_v1_000570,benign_grover_v1_000570,grover,tampered,static,2,2,1,grover
tampered_grover_static_v1_000571,benign_grover_v1_000571,grover,tampered,static,2,1,0,grover
tampered_grover_static_v1_000572,benign_grover_v1_000572,grover,tampered,static,0,4,1,grover
tampered_grover_static_v1_000573,benign_grover_v1_000573,grover,tampered,static,1,4,0,grover
tampered_grover_static_v1_000574,benign_grover_v1_000574,grover,tampered,static,2,4,4,grover
tampered_grover_static_v1_000575,benign_grover_v1_000575,grover,tampered,static,1,0,0,grover
tampered_grover_static_v1_000576,benign_grover_v1_000576,grover,tampered,static,1,3,1,grover
tampered_grover_static_v1_000577,benign_grover_v1_000577,grover,tampered,static,1,0,2,grover
tampered_grover_static_v1_000578,benign_grover_v1_000578,grover,tampered,static,4,0,0,grover
tampered_grover_static_v1_000579,benign_grover_v1_000579,grover,tampered,static,2,1,0,grover
tampered_grover_static_v1_000580,benign_grover_v1_000580,grover,tampered,static,1,2,1,grover
tampered_grover_static_v1_000581,benign_grover_v1_000581,grover,tampered,static,2,0,1,grover
tampered_grover_static_v1_000582,benign_grover_v1_000582,grover,tampered,static,3,0,1,grover
tampered_grover_static_v1_000583,benign_grover_v1_000583,grover,tampered,static,1,3,2,grover
tampered_grover_static_v1_000584,benign_grover_v1_000584,grover,tampered,static,4,4,3,grover
tampered_grover_static_v1_000585,benign_grover_v1_000585,grover,tampered,static,1,2,3,grover
tampered_grover_static_v1_000586,benign_grover_v1_000586,grover,tampered,static,0,3,4,grover
tampered_grover_static_v1_000587,benign_grover_v1_000587,grover,tampered,static,1,4,3,grover
tampered_grover_static_v1_000588,benign_grover_v1_000588,grover,tampered,static,1,3,0,grover
tampered_grover_static_v1_000589,benign_grover_v1_000589,grover,tampered,static,1,3,1,grover
tampered_grover_static_v1_000590,benign_grover_v1_000590,grover,tampered,static,0,1,2,grover
tampered_grover_static_v1_000591,benign_grover_v1_000591,grover,tampered,static,2,4,2,grover
tampered_grover_static_v1_000592,benign_grover_v1_000592,grover,tampered,static,0,3,2,grover
tampered_grover_static_v1_000593,benign_grover_v1_000593,grover,tampered,static,3,0,4,grover
tampered_grover_static_v1_000594,benign_grover_v1_000594,grover,tampered,static,1,3,3,grover
tampered_grover_static_v1_000595,benign_grover_v1_000595,grover,tampered,static,2,0,0,grover
tampered_grover_static_v1_000596,benign_grover_v1_000596,grover,tampered,static,2,3,1,grover
tampered_grover_static_v1_000597,benign_grover_v1_000597,grover,tampered,static,2,2,1,grover
tampered_grover_static_v1_000598,benign_grover_v1_000598,grover,tampered,static,1,1,2,grover
tampered_grover_static_v1_000599,benign_grover_v1_000599,grover,tampered,static,0,2,2,grover
tampered_grover_triggered_v1_000000,benign_grover_v1_000000,grover,tampered,triggered,1,1,1,grover
tampered_grover_triggered_v1_000001,benign_grover_v1_000001,grover,tampered,triggered,0,1,3,grover
tampered_grover_triggered_v1_000002,benign_grover_v1_000002,grover,tampered,triggered,1,3,2,grover
tampered_grover_triggered_v1_000003,benign_grover_v1_000003,grover,tampered,triggered,4,2,3,grover
tampered_grover_triggered_v1_000004,benign_grover_v1_000004,grover,tampered,triggered,0,0,1,grover
tampered_grover_triggered_v1_000005,benign_grover_v1_000005,grover,tampered,triggered,2,4,3,grover
tampered_grover_triggered_v1_000006,benign_grover_v1_000006,grover,tampered,triggered,1,2,3,grover
tampered_grover_triggered_v1_000007,benign_grover_v1_000007,grover,tampered,triggered,1,3,2,grover
tampered_grover_triggered_v1_000008,benign_grover_v1_000008,grover,tampered,triggered,3,2,3,grover
tampered_grover_triggered_v1_000009,benign_grover_v1_000009,grover,tampered,triggered,3,2,3,grover
tampered_grover_triggered_v1_000010,benign_grover_v1_000010,grover,tampered,triggered,4,3,2,grover
tampered_grover_triggered_v1_000011,benign_grover_v1_000011,grover,tampered,triggered,0,0,3,grover
tampered_grover_triggered_v1_000012,benign_grover_v1_000012,grover,tampered,triggered,4,1,2,grover
tampered_grover_triggered_v1_000013,benign_grover_v1_000013,grover,tampered,triggered,2,2,3,grover
tampered_grover_triggered_v1_000014,benign_grover_v1_000014,grover,tampered,triggered,0,2,2,grover
tampered_grover_triggered_v1_000015,benign_grover_v1_000015,grover,tampered,triggered,3,4,0,grover
tampered_grover_triggered_v1_000016,benign_grover_v1_000016,grover,tampered,triggered,2,2,3,grover
tampered_grover_triggered_v1_000017,benign_grover_v1_000017,grover,tampered,triggered,4,2,0,grover
tampered_grover_triggered_v1_000018,benign_grover_v1_000018,grover,tampered,triggered,4,1,2,grover
tampered_grover_triggered_v1_000019,benign_grover_v1_000019,grover,tampered,triggered,3,0,4,grover
tampered_grover_triggered_v1_000020,benign_grover_v1_000020,grover,tampered,triggered,4,3,4,grover
tampered_grover_triggered_v1_000021,benign_grover_v1_000021,grover,tampered,triggered,2,1,1,grover
tampered_grover_triggered_v1_000022,benign_grover_v1_000022,grover,tampered,triggered,1,4,0,grover
tampered_grover_triggered_v1_000023,benign_grover_v1_000023,grover,tampered,triggered,4,1,4,grover
tampered_grover_triggered_v1_000024,benign_grover_v1_000024,grover,tampered,triggered,2,4,1,grover
tampered_grover_triggered_v1_000025,benign_grover_v1_000025,grover,tampered,triggered,3,1,0,grover
tampered_grover_triggered_v1_000026,benign_grover_v1_000026,grover,tampered,triggered,1,4,2,grover
tampered_grover_triggered_v1_000027,benign_grover_v1_000027,grover,tampered,triggered,0,2,0,grover
tampered_grover_triggered_v1_000028,benign_grover_v1_000028,grover,tampered,triggered,4,2,1,grover
tampered_grover_triggered_v1_000029,benign_grover_v1_000029,grover,tampered,triggered,2,2,3,grover
tampered_grover_triggered_v1_000030,benign_grover_v1_000030,grover,tampered,triggered,4,0,0,grover
tampered_grover_triggered_v1_000031,benign_grover_v1_000031,grover,tampered,triggered,3,3,0,grover
tampered_grover_triggered_v1_000032,benign_grover_v1_000032,grover,tampered,triggered,4,2,0,grover
tampered_grover_triggered_v1_000033,benign_grover_v1_000033,grover,tampered,triggered,0,3,3,grover
tampered_grover_triggered_v1_000034,benign_grover_v1_000034,grover,tampered,triggered,3,4,4,grover
tampered_grover_triggered_v1_000035,benign_grover_v1_000035,grover,tampered,triggered,4,2,2,grover
tampered_grover_triggered_v1_000036,benign_grover_v1_000036,grover,tampered,triggered,4,3,2,grover
tampered_grover_triggered_v1_000037,benign_grover_v1_000037,grover,tampered,triggered,2,4,1,grover
tampered_grover_triggered_v1_000038,benign_grover_v1_000038,grover,tampered,triggered,1,3,1,grover
tampered_grover_triggered_v1_000039,benign_grover_v1_000039,grover,tampered,triggered,1,1,2,grover
tampered_grover_triggered_v1_000040,benign_grover_v1_000040,grover,tampered,triggered,1,1,1,grover
tampered_grover_triggered_v1_000041,benign_grover_v1_000041,grover,tampered,triggered,2,0,1,grover
tampered_grover_triggered_v1_000042,benign_grover_v1_000042,grover,tampered,triggered,4,2,0,grover
tampered_grover_triggered_v1_000043,benign_grover_v1_000043,grover,tampered,triggered,3,3,0,grover
tampered_grover_triggered_v1_000044,benign_grover_v1_000044,grover,tampered,triggered,4,0,2,grover
tampered_grover_triggered_v1_000045,benign_grover_v1_000045,grover,tampered,triggered,2,0,2,grover
tampered_grover_triggered_v1_000046,benign_grover_v1_000046,grover,tampered,triggered,3,3,0,grover
tampered_grover_triggered_v1_000047,benign_grover_v1_000047,grover,tampered,triggered,0,1,3,grover
tampered_grover_triggered_v1_000048,benign_grover_v1_000048,grover,tampered,triggered,3,4,2,grover
tampered_grover_triggered_v1_000049,benign_grover_v1_000049,grover,tampered,triggered,2,0,2,grover
tampered_grover_triggered_v1_000050,benign_grover_v1_000050,grover,tampered,triggered,0,2,4,grover
tampered_grover_triggered_v1_000051,benign_grover_v1_000051,grover,tampered,triggered,4,1,4,grover
tampered_grover_triggered_v1_000052,benign_grover_v1_000052,grover,tampered,triggered,4,3,1,grover
tampered_grover_triggered_v1_000053,benign_grover_v1_000053,grover,tampered,triggered,4,0,2,grover
tampered_grover_triggered_v1_000054,benign_grover_v1_000054,grover,tampered,triggered,0,4,3,grover
tampered_grover_triggered_v1_000055,benign_grover_v1_000055,grover,tampered,triggered,1,4,2,grover
tampered_grover_triggered_v1_000056,benign_grover_v1_000056,grover,tampered,triggered,1,3,1,grover
tampered_grover_triggered_v1_000057,benign_grover_v1_000057,grover,tampered,triggered,4,3,4,grover
tampered_grover_triggered_v1_000058,benign_grover_v1_000058,grover,tampered,triggered,1,4,0,grover
tampered_grover_triggered_v1_000059,benign_grover_v1_000059,grover,tampered,triggered,0,4,3,grover
tampered_grover_triggered_v1_000060,benign_grover_v1_000060,grover,tampered,triggered,0,0,2,grover
tampered_grover_triggered_v1_000061,benign_grover_v1_000061,grover,tampered,triggered,2,1,0,grover
tampered_grover_triggered_v1_000062,benign_grover_v1_000062,grover,tampered,triggered,3,4,0,grover
tampered_grover_triggered_v1_000063,benign_grover_v1_000063,grover,tampered,triggered,3,3,1,grover
tampered_grover_triggered_v1_000064,benign_grover_v1_000064,grover,tampered,triggered,0,1,0,grover
tampered_grover_triggered_v1_000065,benign_grover_v1_000065,grover,tampered,triggered,2,0,2,grover
tampered_grover_triggered_v1_000066,benign_grover_v1_000066,grover,tampered,triggered,2,4,3,grover
tampered_grover_triggered_v1_000067,benign_grover_v1_000067,grover,tampered,triggered,1,0,3,grover
tampered_grover_triggered_v1_000068,benign_grover_v1_000068,grover,tampered,triggered,1,4,2,grover
tampered_grover_triggered_v1_000069,benign_grover_v1_000069,grover,tampered,triggered,4,2,3,grover
tampered_grover_triggered_v1_000070,benign_grover_v1_000070,grover,tampered,triggered,0,3,4,grover
tampered_grover_triggered_v1_000071,benign_grover_v1_000071,grover,tampered,triggered,0,3,4,grover
tampered_grover_triggered_v1_000072,benign_grover_v1_000072,grover,tampered,triggered,4,2,3,grover
tampered_grover_triggered_v1_000073,benign_grover_v1_000073,grover,tampered,triggered,0,0,3,grover
tampered_grover_triggered_v1_000074,benign_grover_v1_000074,grover,tampered,triggered,2,1,2,grover
tampered_grover_triggered_v1_000075,benign_grover_v1_000075,grover,tampered,triggered,0,3,0,grover
tampered_grover_triggered_v1_000076,benign_grover_v1_000076,grover,tampered,triggered,0,0,3,grover
tampered_grover_triggered_v1_000077,benign_grover_v1_000077,grover,tampered,triggered,1,3,3,grover
tampered_grover_triggered_v1_000078,benign_grover_v1_000078,grover,tampered,triggered,0,4,4,grover
tampered_grover_triggered_v1_000079,benign_grover_v1_000079,grover,tampered,triggered,1,1,4,grover
tampered_grover_triggered_v1_000080,benign_grover_v1_000080,grover,tampered,triggered,1,3,1,grover
tampered_grover_triggered_v1_000081,benign_grover_v1_000081,grover,tampered,triggered,2,3,1,grover
tampered_grover_triggered_v1_000082,benign_grover_v1_000082,grover,tampered,triggered,2,0,4,grover
tampered_grover_triggered_v1_000083,benign_grover_v1_000083,grover,tampered,triggered,3,3,1,grover
tampered_grover_triggered_v1_000084,benign_grover_v1_000084,grover,tampered,triggered,2,1,3,grover
tampered_grover_triggered_v1_000085,benign_grover_v1_000085,grover,tampered,triggered,0,1,0,grover
tampered_grover_triggered_v1_000086,benign_grover_v1_000086,grover,tampered,triggered,4,4,1,grover
tampered_grover_triggered_v1_000087,benign_grover_v1_000087,grover,tampered,triggered,4,1,3,grover
tampered_grover_triggered_v1_000088,benign_grover_v1_000088,grover,tampered,triggered,0,4,0,grover
tampered_grover_triggered_v1_000089,benign_grover_v1_000089,grover,tampered,triggered,1,2,0,grover
tampered_grover_triggered_v1_000090,benign_grover_v1_000090,grover,tampered,triggered,4,1,1,grover
tampered_grover_triggered_v1_000091,benign_grover_v1_000091,grover,tampered,triggered,2,1,0,grover
tampered_grover_triggered_v1_000092,benign_grover_v1_000092,grover,tampered,triggered,1,2,0,grover
tampered_grover_triggered_v1_000093,benign_grover_v1_000093,grover,tampered,triggered,0,2,1,grover
tampered_grover_triggered_v1_000094,benign_grover_v1_000094,grover,tampered,triggered,0,1,0,grover
tampered_grover_triggered_v1_000095,benign_grover_v1_000095,grover,tampered,triggered,0,1,3,grover
tampered_grover_triggered_v1_000096,benign_grover_v1_000096,grover,tampered,triggered,4,4,4,grover
tampered_grover_triggered_v1_000097,benign_grover_v1_000097,grover,tampered,triggered,1,1,1,grover
tampered_grover_triggered_v1_000098,benign_grover_v1_000098,grover,tampered,triggered,3,1,0,grover
tampered_grover_triggered_v1_000099,benign_grover_v1_000099,grover,tampered,triggered,4,1,3,grover
tampered_grover_triggered_v1_000100,benign_grover_v1_000100,grover,tampered,triggered,2,1,2,grover
tampered_grover_triggered_v1_000101,benign_grover_v1_000101,grover,tampered,triggered,4,0,3,grover
tampered_grover_triggered_v1_000102,benign_grover_v1_000102,grover,tampered,triggered,3,4,0,grover
tampered_grover_triggered_v1_000103,benign_grover_v1_000103,grover,tampered,triggered,0,4,0,grover
tampered_grover_triggered_v1_000104,benign_grover_v1_000104,grover,tampered,triggered,4,4,4,grover
tampered_grover_triggered_v1_000105,benign_grover_v1_000105,grover,tampered,triggered,3,0,4,grover
tampered_grover_triggered_v1_000106,benign_grover_v1_000106,grover,tampered,triggered,0,0,0,grover
tampered_grover_triggered_v1_000107,benign_grover_v1_000107,grover,tampered,triggered,0,3,0,grover
tampered_grover_triggered_v1_000108,benign_grover_v1_000108,grover,tampered,triggered,4,4,0,grover
tampered_grover_triggered_v1_000109,benign_grover_v1_000109,grover,tampered,triggered,0,4,4,grover
tampered_grover_triggered_v1_000110,benign_grover_v1_000110,grover,tampered,triggered,4,2,3,grover
tampered_grover_triggered_v1_000111,benign_grover_v1_000111,grover,tampered,triggered,2,4,0,grover
tampered_grover_triggered_v1_000112,benign_grover_v1_000112,grover,tampered,triggered,0,2,4,grover
tampered_grover_triggered_v1_000113,benign_grover_v1_000113,grover,tampered,triggered,3,4,2,grover
tampered_grover_triggered_v1_000114,benign_grover_v1_000114,grover,tampered,triggered,3,2,1,grover
tampered_grover_triggered_v1_000115,benign_grover_v1_000115,grover,tampered,triggered,3,2,0,grover
tampered_grover_triggered_v1_000116,benign_grover_v1_000116,grover,tampered,triggered,0,1,4,grover
tampered_grover_triggered_v1_000117,benign_grover_v1_000117,grover,tampered,triggered,1,0,4,grover
tampered_grover_triggered_v1_000118,benign_grover_v1_000118,grover,tampered,triggered,3,1,4,grover
tampered_grover_triggered_v1_000119,benign_grover_v1_000119,grover,tampered,triggered,1,0,1,grover
tampered_grover_triggered_v1_000120,benign_grover_v1_000120,grover,tampered,triggered,4,4,1,grover
tampered_grover_triggered_v1_000121,benign_grover_v1_000121,grover,tampered,triggered,3,1,3,grover
tampered_grover_triggered_v1_000122,benign_grover_v1_000122,grover,tampered,triggered,4,2,0,grover
tampered_grover_triggered_v1_000123,benign_grover_v1_000123,grover,tampered,triggered,2,4,1,grover
tampered_grover_triggered_v1_000124,benign_grover_v1_000124,grover,tampered,triggered,4,3,0,grover
tampered_grover_triggered_v1_000125,benign_grover_v1_000125,grover,tampered,triggered,0,0,3,grover
tampered_grover_triggered_v1_000126,benign_grover_v1_000126,grover,tampered,triggered,2,3,1,grover
tampered_grover_triggered_v1_000127,benign_grover_v1_000127,grover,tampered,triggered,0,4,1,grover
tampered_grover_triggered_v1_000128,benign_grover_v1_000128,grover,tampered,triggered,0,2,4,grover
tampered_grover_triggered_v1_000129,benign_grover_v1_000129,grover,tampered,triggered,3,0,1,grover
tampered_grover_triggered_v1_000130,benign_grover_v1_000130,grover,tampered,triggered,0,0,1,grover
tampered_grover_triggered_v1_000131,benign_grover_v1_000131,grover,tampered,triggered,4,1,3,grover
tampered_grover_triggered_v1_000132,benign_grover_v1_000132,grover,tampered,triggered,0,0,2,grover
tampered_grover_triggered_v1_000133,benign_grover_v1_000133,grover,tampered,triggered,0,3,1,grover
tampered_grover_triggered_v1_000134,benign_grover_v1_000134,grover,tampered,triggered,1,0,1,grover
tampered_grover_triggered_v1_000135,benign_grover_v1_000135,grover,tampered,triggered,4,1,0,grover
tampered_grover_triggered_v1_000136,benign_grover_v1_000136,grover,tampered,triggered,2,0,4,grover
tampered_grover_triggered_v1_000137,benign_grover_v1_000137,grover,tampered,triggered,0,3,1,grover
tampered_grover_triggered_v1_000138,benign_grover_v1_000138,grover,tampered,triggered,2,3,2,grover
tampered_grover_triggered_v1_000139,benign_grover_v1_000139,grover,tampered,triggered,0,3,2,grover
tampered_grover_triggered_v1_000140,benign_grover_v1_000140,grover,tampered,triggered,1,4,1,grover
tampered_grover_triggered_v1_000141,benign_grover_v1_000141,grover,tampered,triggered,3,4,3,grover
tampered_grover_triggered_v1_000142,benign_grover_v1_000142,grover,tampered,triggered,3,4,2,grover
tampered_grover_triggered_v1_000143,benign_grover_v1_000143,grover,tampered,triggered,0,0,1,grover
tampered_grover_triggered_v1_000144,benign_grover_v1_000144,grover,tampered,triggered,3,1,4,grover
tampered_grover_triggered_v1_000145,benign_grover_v1_000145,grover,tampered,triggered,2,2,4,grover
tampered_grover_triggered_v1_000146,benign_grover_v1_000146,grover,tampered,triggered,1,4,1,grover
tampered_grover_triggered_v1_000147,benign_grover_v1_000147,grover,tampered,triggered,1,3,2,grover
tampered_grover_triggered_v1_000148,benign_grover_v1_000148,grover,tampered,triggered,1,4,2,grover
tampered_grover_triggered_v1_000149,benign_grover_v1_000149,grover,tampered,triggered,2,2,0,grover
tampered_grover_triggered_v1_000150,benign_grover_v1_000150,grover,tampered,triggered,4,1,1,grover
tampered_grover_triggered_v1_000151,benign_grover_v1_000151,grover,tampered,triggered,1,3,2,grover
tampered_grover_triggered_v1_000152,benign_grover_v1_000152,grover,tampered,triggered,0,3,2,grover
tampered_grover_triggered_v1_000153,benign_grover_v1_000153,grover,tampered,triggered,2,1,0,grover
tampered_grover_triggered_v1_000154,benign_grover_v1_000154,grover,tampered,triggered,3,0,3,grover
tampered_grover_triggered_v1_000155,benign_grover_v1_000155,grover,tampered,triggered,0,4,1,grover
tampered_grover_triggered_v1_000156,benign_grover_v1_000156,grover,tampered,triggered,2,2,0,grover
tampered_grover_triggered_v1_000157,benign_grover_v1_000157,grover,tampered,triggered,0,2,1,grover
tampered_grover_triggered_v1_000158,benign_grover_v1_000158,grover,tampered,triggered,4,4,2,grover
tampered_grover_triggered_v1_000159,benign_grover_v1_000159,grover,tampered,triggered,2,4,4,grover
tampered_grover_triggered_v1_000160,benign_grover_v1_000160,grover,tampered,triggered,2,1,4,grover
tampered_grover_triggered_v1_000161,benign_grover_v1_000161,grover,tampered,triggered,2,0,1,grover
tampered_grover_triggered_v1_000162,benign_grover_v1_000162,grover,tampered,triggered,4,3,1,grover
tampered_grover_triggered_v1_000163,benign_grover_v1_000163,grover,tampered,triggered,2,4,1,grover
tampered_grover_triggered_v1_000164,benign_grover_v1_000164,grover,tampered,triggered,2,2,0,grover
tampered_grover_triggered_v1_000165,benign_grover_v1_000165,grover,tampered,triggered,1,0,3,grover
tampered_grover_triggered_v1_000166,benign_grover_v1_000166,grover,tampered,triggered,4,0,2,grover
tampered_grover_triggered_v1_000167,benign_grover_v1_000167,grover,tampered,triggered,0,4,0,grover
tampered_grover_triggered_v1_000168,benign_grover_v1_000168,grover,tampered,triggered,3,1,2,grover
tampered_grover_triggered_v1_000169,benign_grover_v1_000169,grover,tampered,triggered,2,2,4,grover
tampered_grover_triggered_v1_000170,benign_grover_v1_000170,grover,tampered,triggered,3,0,1,grover
tampered_grover_triggered_v1_000171,benign_grover_v1_000171,grover,tampered,triggered,1,1,2,grover
tampered_grover_triggered_v1_000172,benign_grover_v1_000172,grover,tampered,triggered,1,3,3,grover
tampered_grover_triggered_v1_000173,benign_grover_v1_000173,grover,tampered,triggered,1,3,0,grover
tampered_grover_triggered_v1_000174,benign_grover_v1_000174,grover,tampered,triggered,0,4,0,grover
tampered_grover_triggered_v1_000175,benign_grover_v1_000175,grover,tampered,triggered,4,3,1,grover
tampered_grover_triggered_v1_000176,benign_grover_v1_000176,grover,tampered,triggered,0,3,2,grover
tampered_grover_triggered_v1_000177,benign_grover_v1_000177,grover,tampered,triggered,4,3,0,grover
tampered_grover_triggered_v1_000178,benign_grover_v1_000178,grover,tampered,triggered,1,4,2,grover
tampered_grover_triggered_v1_000179,benign_grover_v1_000179,grover,tampered,triggered,0,3,3,grover
tampered_grover_triggered_v1_000180,benign_grover_v1_000180,grover,tampered,triggered,0,4,3,grover
tampered_grover_triggered_v1_000181,benign_grover_v1_000181,grover,tampered,triggered,2,1,3,grover
tampered_grover_triggered_v1_000182,benign_grover_v1_000182,grover,tampered,triggered,0,0,1,grover
tampered_grover_triggered_v1_000183,benign_grover_v1_000183,grover,tampered,triggered,3,1,4,grover
tampered_grover_triggered_v1_000184,benign_grover_v1_000184,grover,tampered,triggered,0,2,3,grover
tampered_grover_triggered_v1_000185,benign_grover_v1_000185,grover,tampered,triggered,4,1,0,grover
tampered_grover_triggered_v1_000186,benign_grover_v1_000186,grover,tampered,triggered,1,3,1,grover
tampered_grover_triggered_v1_000187,benign_grover_v1_000187,grover,tampered,triggered,1,1,1,grover
tampered_grover_triggered_v1_000188,benign_grover_v1_000188,grover,tampered,triggered,3,2,2,grover
tampered_grover_triggered_v1_000189,benign_grover_v1_000189,grover,tampered,triggered,1,1,0,grover
tampered_grover_triggered_v1_000190,benign_grover_v1_000190,grover,tampered,triggered,0,1,4,grover
tampered_grover_triggered_v1_000191,benign_grover_v1_000191,grover,tampered,triggered,4,1,2,grover
tampered_grover_triggered_v1_000192,benign_grover_v1_000192,grover,tampered,triggered,1,4,0,grover
tampered_grover_triggered_v1_000193,benign_grover_v1_000193,grover,tampered,triggered,1,1,3,grover
tampered_grover_triggered_v1_000194,benign_grover_v1_000194,grover,tampered,triggered,3,0,0,grover
tampered_grover_triggered_v1_000195,benign_grover_v1_000195,grover,tampered,triggered,3,2,3,grover
tampered_grover_triggered_v1_000196,benign_grover_v1_000196,grover,tampered,triggered,1,4,2,grover
tampered_grover_triggered_v1_000197,benign_grover_v1_000197,grover,tampered,triggered,3,4,4,grover
tampered_grover_triggered_v1_000198,benign_grover_v1_000198,grover,tampered,triggered,1,4,0,grover
tampered_grover_triggered_v1_000199,benign_grover_v1_000199,grover,tampered,triggered,3,2,4,grover
tampered_grover_triggered_v1_000200,benign_grover_v1_000200,grover,tampered,triggered,2,0,1,grover
tampered_grover_triggered_v1_000201,benign_grover_v1_000201,grover,tampered,triggered,1,4,4,grover
tampered_grover_triggered_v1_000202,benign_grover_v1_000202,grover,tampered,triggered,3,4,2,grover
tampered_grover_triggered_v1_000203,benign_grover_v1_000203,grover,tampered,triggered,2,0,2,grover
tampered_grover_triggered_v1_000204,benign_grover_v1_000204,grover,tampered,triggered,2,1,3,grover
tampered_grover_triggered_v1_000205,benign_grover_v1_000205,grover,tampered,triggered,2,3,4,grover
tampered_grover_triggered_v1_000206,benign_grover_v1_000206,grover,tampered,triggered,3,3,4,grover
tampered_grover_triggered_v1_000207,benign_grover_v1_000207,grover,tampered,triggered,3,0,0,grover
tampered_grover_triggered_v1_000208,benign_grover_v1_000208,grover,tampered,triggered,4,4,4,grover
tampered_grover_triggered_v1_000209,benign_grover_v1_000209,grover,tampered,triggered,0,4,4,grover
tampered_grover_triggered_v1_000210,benign_grover_v1_000210,grover,tampered,triggered,3,3,3,grover
tampered_grover_triggered_v1_000211,benign_grover_v1_000211,grover,tampered,triggered,3,0,4,grover
tampered_grover_triggered_v1_000212,benign_grover_v1_000212,grover,tampered,triggered,3,0,3,grover
tampered_grover_triggered_v1_000213,benign_grover_v1_000213,grover,tampered,triggered,3,3,3,grover
tampered_grover_triggered_v1_000214,benign_grover_v1_000214,grover,tampered,triggered,2,2,3,grover
tampered_grover_triggered_v1_000215,benign_grover_v1_000215,grover,tampered,triggered,4,3,4,grover
tampered_grover_triggered_v1_000216,benign_grover_v1_000216,grover,tampered,triggered,2,3,4,grover
tampered_grover_triggered_v1_000217,benign_grover_v1_000217,grover,tampered,triggered,1,4,4,grover
tampered_grover_triggered_v1_000218,benign_grover_v1_000218,grover,tampered,triggered,1,0,1,grover
tampered_grover_triggered_v1_000219,benign_grover_v1_000219,grover,tampered,triggered,1,4,2,grover
tampered_grover_triggered_v1_000220,benign_grover_v1_000220,grover,tampered,triggered,0,3,0,grover
tampered_grover_triggered_v1_000221,benign_grover_v1_000221,grover,tampered,triggered,4,2,3,grover
tampered_grover_triggered_v1_000222,benign_grover_v1_000222,grover,tampered,triggered,0,4,3,grover
tampered_grover_triggered_v1_000223,benign_grover_v1_000223,grover,tampered,triggered,0,2,4,grover
tampered_grover_triggered_v1_000224,benign_grover_v1_000224,grover,tampered,triggered,2,2,4,grover
tampered_grover_triggered_v1_000225,benign_grover_v1_000225,grover,tampered,triggered,4,1,4,grover
tampered_grover_triggered_v1_000226,benign_grover_v1_000226,grover,tampered,triggered,1,2,0,grover
tampered_grover_triggered_v1_000227,benign_grover_v1_000227,grover,tampered,triggered,3,3,3,grover
tampered_grover_triggered_v1_000228,benign_grover_v1_000228,grover,tampered,triggered,4,4,3,grover
tampered_grover_triggered_v1_000229,benign_grover_v1_000229,grover,tampered,triggered,4,0,4,grover
tampered_grover_triggered_v1_000230,benign_grover_v1_000230,grover,tampered,triggered,3,3,2,grover
tampered_grover_triggered_v1_000231,benign_grover_v1_000231,grover,tampered,triggered,3,4,0,grover
tampered_grover_triggered_v1_000232,benign_grover_v1_000232,grover,tampered,triggered,2,3,2,grover
tampered_grover_triggered_v1_000233,benign_grover_v1_000233,grover,tampered,triggered,1,0,3,grover
tampered_grover_triggered_v1_000234,benign_grover_v1_000234,grover,tampered,triggered,4,4,4,grover
tampered_grover_triggered_v1_000235,benign_grover_v1_000235,grover,tampered,triggered,1,2,2,grover
tampered_grover_triggered_v1_000236,benign_grover_v1_000236,grover,tampered,triggered,2,0,4,grover
tampered_grover_triggered_v1_000237,benign_grover_v1_000237,grover,tampered,triggered,1,0,3,grover
tampered_grover_triggered_v1_000238,benign_grover_v1_000238,grover,tampered,triggered,2,0,1,grover
tampered_grover_triggered_v1_000239,benign_grover_v1_000239,grover,tampered,triggered,3,4,1,grover
tampered_grover_triggered_v1_000240,benign_grover_v1_000240,grover,tampered,triggered,1,2,1,grover
tampered_grover_triggered_v1_000241,benign_grover_v1_000241,grover,tampered,triggered,0,3,4,grover
tampered_grover_triggered_v1_000242,benign_grover_v1_000242,grover,tampered,triggered,3,1,4,grover
tampered_grover_triggered_v1_000243,benign_grover_v1_000243,grover,tampered,triggered,3,2,3,grover
tampered_grover_triggered_v1_000244,benign_grover_v1_000244,grover,tampered,triggered,3,1,3,grover
tampered_grover_triggered_v1_000245,benign_grover_v1_000245,grover,tampered,triggered,0,4,1,grover
tampered_grover_triggered_v1_000246,benign_grover_v1_000246,grover,tampered,triggered,0,1,1,grover
tampered_grover_triggered_v1_000247,benign_grover_v1_000247,grover,tampered,triggered,4,3,3,grover
tampered_grover_triggered_v1_000248,benign_grover_v1_000248,grover,tampered,triggered,2,0,1,grover
tampered_grover_triggered_v1_000249,benign_grover_v1_000249,grover,tampered,triggered,3,4,4,grover
tampered_grover_triggered_v1_000250,benign_grover_v1_000250,grover,tampered,triggered,1,1,2,grover
tampered_grover_triggered_v1_000251,benign_grover_v1_000251,grover,tampered,triggered,0,4,1,grover
tampered_grover_triggered_v1_000252,benign_grover_v1_000252,grover,tampered,triggered,1,0,2,grover
tampered_grover_triggered_v1_000253,benign_grover_v1_000253,grover,tampered,triggered,4,2,1,grover
tampered_grover_triggered_v1_000254,benign_grover_v1_000254,grover,tampered,triggered,1,4,2,grover
tampered_grover_triggered_v1_000255,benign_grover_v1_000255,grover,tampered,triggered,2,0,4,grover
tampered_grover_triggered_v1_000256,benign_grover_v1_000256,grover,tampered,triggered,3,2,0,grover
tampered_grover_triggered_v1_000257,benign_grover_v1_000257,grover,tampered,triggered,4,0,2,grover
tampered_grover_triggered_v1_000258,benign_grover_v1_000258,grover,tampered,triggered,1,0,2,grover
tampered_grover_triggered_v1_000259,benign_grover_v1_000259,grover,tampered,triggered,3,4,2,grover
tampered_grover_triggered_v1_000260,benign_grover_v1_000260,grover,tampered,triggered,0,2,0,grover
tampered_grover_triggered_v1_000261,benign_grover_v1_000261,grover,tampered,triggered,0,0,0,grover
tampered_grover_triggered_v1_000262,benign_grover_v1_000262,grover,tampered,triggered,0,3,0,grover
tampered_grover_triggered_v1_000263,benign_grover_v1_000263,grover,tampered,triggered,0,2,3,grover
tampered_grover_triggered_v1_000264,benign_grover_v1_000264,grover,tampered,triggered,4,2,2,grover
tampered_grover_triggered_v1_000265,benign_grover_v1_000265,grover,tampered,triggered,2,1,3,grover
tampered_grover_triggered_v1_000266,benign_grover_v1_000266,grover,tampered,triggered,4,4,1,grover
tampered_grover_triggered_v1_000267,benign_grover_v1_000267,grover,tampered,triggered,3,3,0,grover
tampered_grover_triggered_v1_000268,benign_grover_v1_000268,grover,tampered,triggered,3,2,1,grover
tampered_grover_triggered_v1_000269,benign_grover_v1_000269,grover,tampered,triggered,1,3,0,grover
tampered_grover_triggered_v1_000270,benign_grover_v1_000270,grover,tampered,triggered,1,1,0,grover
tampered_grover_triggered_v1_000271,benign_grover_v1_000271,grover,tampered,triggered,1,1,1,grover
tampered_grover_triggered_v1_000272,benign_grover_v1_000272,grover,tampered,triggered,0,2,4,grover
tampered_grover_triggered_v1_000273,benign_grover_v1_000273,grover,tampered,triggered,3,1,1,grover
tampered_grover_triggered_v1_000274,benign_grover_v1_000274,grover,tampered,triggered,0,1,0,grover
tampered_grover_triggered_v1_000275,benign_grover_v1_000275,grover,tampered,triggered,1,4,1,grover
tampered_grover_triggered_v1_000276,benign_grover_v1_000276,grover,tampered,triggered,1,4,1,grover
tampered_grover_triggered_v1_000277,benign_grover_v1_000277,grover,tampered,triggered,1,0,1,grover
tampered_grover_triggered_v1_000278,benign_grover_v1_000278,grover,tampered,triggered,2,2,3,grover
tampered_grover_triggered_v1_000279,benign_grover_v1_000279,grover,tampered,triggered,3,4,3,grover
tampered_grover_triggered_v1_000280,benign_grover_v1_000280,grover,tampered,triggered,4,0,4,grover
tampered_grover_triggered_v1_000281,benign_grover_v1_000281,grover,tampered,triggered,2,0,1,grover
tampered_grover_triggered_v1_000282,benign_grover_v1_000282,grover,tampered,triggered,3,3,1,grover
tampered_grover_triggered_v1_000283,benign_grover_v1_000283,grover,tampered,triggered,0,2,0,grover
tampered_grover_triggered_v1_000284,benign_grover_v1_000284,grover,tampered,triggered,1,1,2,grover
tampered_grover_triggered_v1_000285,benign_grover_v1_000285,grover,tampered,triggered,3,0,2,grover
tampered_grover_triggered_v1_000286,benign_grover_v1_000286,grover,tampered,triggered,4,2,2,grover
tampered_grover_triggered_v1_000287,benign_grover_v1_000287,grover,tampered,triggered,2,2,0,grover
tampered_grover_triggered_v1_000288,benign_grover_v1_000288,grover,tampered,triggered,0,0,4,grover
tampered_grover_triggered_v1_000289,benign_grover_v1_000289,grover,tampered,triggered,2,2,0,grover
tampered_grover_triggered_v1_000290,benign_grover_v1_000290,grover,tampered,triggered,3,3,4,grover
tampered_grover_triggered_v1_000291,benign_grover_v1_000291,grover,tampered,triggered,4,2,0,grover
tampered_grover_triggered_v1_000292,benign_grover_v1_000292,grover,tampered,triggered,4,1,4,grover
tampered_grover_triggered_v1_000293,benign_grover_v1_000293,grover,tampered,triggered,2,2,4,grover
tampered_grover_triggered_v1_000294,benign_grover_v1_000294,grover,tampered,triggered,0,4,4,grover
tampered_grover_triggered_v1_000295,benign_grover_v1_000295,grover,tampered,triggered,3,4,2,grover
tampered_grover_triggered_v1_000296,benign_grover_v1_000296,grover,tampered,triggered,3,4,1,grover
tampered_grover_triggered_v1_000297,benign_grover_v1_000297,grover,tampered,triggered,2,0,1,grover
tampered_grover_triggered_v1_000298,benign_grover_v1_000298,grover,tampered,triggered,2,4,0,grover
tampered_grover_triggered_v1_000299,benign_grover_v1_000299,grover,tampered,triggered,4,3,2,grover
tampered_grover_triggered_v1_000300,benign_grover_v1_000300,grover,tampered,triggered,2,3,0,grover
tampered_grover_triggered_v1_000301,benign_grover_v1_000301,grover,tampered,triggered,3,1,0,grover
tampered_grover_triggered_v1_000302,benign_grover_v1_000302,grover,tampered,triggered,2,2,4,grover
tampered_grover_triggered_v1_000303,benign_grover_v1_000303,grover,tampered,triggered,0,3,2,grover
tampered_grover_triggered_v1_000304,benign_grover_v1_000304,grover,tampered,triggered,2,1,1,grover
tampered_grover_triggered_v1_000305,benign_grover_v1_000305,grover,tampered,triggered,3,1,1,grover
tampered_grover_triggered_v1_000306,benign_grover_v1_000306,grover,tampered,triggered,1,2,3,grover
tampered_grover_triggered_v1_000307,benign_grover_v1_000307,grover,tampered,triggered,4,3,0,grover
tampered_grover_triggered_v1_000308,benign_grover_v1_000308,grover,tampered,triggered,4,3,3,grover
tampered_grover_triggered_v1_000309,benign_grover_v1_000309,grover,tampered,triggered,3,4,3,grover
tampered_grover_triggered_v1_000310,benign_grover_v1_000310,grover,tampered,triggered,4,3,4,grover
tampered_grover_triggered_v1_000311,benign_grover_v1_000311,grover,tampered,triggered,4,4,2,grover
tampered_grover_triggered_v1_000312,benign_grover_v1_000312,grover,tampered,triggered,1,4,4,grover
tampered_grover_triggered_v1_000313,benign_grover_v1_000313,grover,tampered,triggered,4,4,2,grover
tampered_grover_triggered_v1_000314,benign_grover_v1_000314,grover,tampered,triggered,4,3,4,grover
tampered_grover_triggered_v1_000315,benign_grover_v1_000315,grover,tampered,triggered,0,0,3,grover
tampered_grover_triggered_v1_000316,benign_grover_v1_000316,grover,tampered,triggered,1,0,4,grover
tampered_grover_triggered_v1_000317,benign_grover_v1_000317,grover,tampered,triggered,0,4,2,grover
tampered_grover_triggered_v1_000318,benign_grover_v1_000318,grover,tampered,triggered,2,4,2,grover
tampered_grover_triggered_v1_000319,benign_grover_v1_000319,grover,tampered,triggered,4,2,4,grover
tampered_grover_triggered_v1_000320,benign_grover_v1_000320,grover,tampered,triggered,2,4,4,grover
tampered_grover_triggered_v1_000321,benign_grover_v1_000321,grover,tampered,triggered,3,0,0,grover
tampered_grover_triggered_v1_000322,benign_grover_v1_000322,grover,tampered,triggered,0,3,4,grover
tampered_grover_triggered_v1_000323,benign_grover_v1_000323,grover,tampered,triggered,4,3,0,grover
tampered_grover_triggered_v1_000324,benign_grover_v1_000324,grover,tampered,triggered,0,3,0,grover
tampered_grover_triggered_v1_000325,benign_grover_v1_000325,grover,tampered,triggered,0,1,4,grover
tampered_grover_triggered_v1_000326,benign_grover_v1_000326,grover,tampered,triggered,3,4,0,grover
tampered_grover_triggered_v1_000327,benign_grover_v1_000327,grover,tampered,triggered,2,2,0,grover
tampered_grover_triggered_v1_000328,benign_grover_v1_000328,grover,tampered,triggered,0,4,0,grover
tampered_grover_triggered_v1_000329,benign_grover_v1_000329,grover,tampered,triggered,2,1,4,grover
tampered_grover_triggered_v1_000330,benign_grover_v1_000330,grover,tampered,triggered,2,3,0,grover
tampered_grover_triggered_v1_000331,benign_grover_v1_000331,grover,tampered,triggered,0,1,0,grover
tampered_grover_triggered_v1_000332,benign_grover_v1_000332,grover,tampered,triggered,1,3,4,grover
tampered_grover_triggered_v1_000333,benign_grover_v1_000333,grover,tampered,triggered,3,1,1,grover
tampered_grover_triggered_v1_000334,benign_grover_v1_000334,grover,tampered,triggered,3,0,2,grover
tampered_grover_triggered_v1_000335,benign_grover_v1_000335,grover,tampered,triggered,3,1,2,grover
tampered_grover_triggered_v1_000336,benign_grover_v1_000336,grover,tampered,triggered,2,2,4,grover
tampered_grover_triggered_v1_000337,benign_grover_v1_000337,grover,tampered,triggered,4,3,3,grover
tampered_grover_triggered_v1_000338,benign_grover_v1_000338,grover,tampered,triggered,1,1,0,grover
tampered_grover_triggered_v1_000339,benign_grover_v1_000339,grover,tampered,triggered,0,4,2,grover
tampered_grover_triggered_v1_000340,benign_grover_v1_000340,grover,tampered,triggered,3,3,1,grover
tampered_grover_triggered_v1_000341,benign_grover_v1_000341,grover,tampered,triggered,2,2,3,grover
tampered_grover_triggered_v1_000342,benign_grover_v1_000342,grover,tampered,triggered,3,3,1,grover
tampered_grover_triggered_v1_000343,benign_grover_v1_000343,grover,tampered,triggered,1,0,2,grover
tampered_grover_triggered_v1_000344,benign_grover_v1_000344,grover,tampered,triggered,3,4,4,grover
tampered_grover_triggered_v1_000345,benign_grover_v1_000345,grover,tampered,triggered,0,3,4,grover
tampered_grover_triggered_v1_000346,benign_grover_v1_000346,grover,tampered,triggered,3,1,4,grover
tampered_grover_triggered_v1_000347,benign_grover_v1_000347,grover,tampered,triggered,3,0,2,grover
tampered_grover_triggered_v1_000348,benign_grover_v1_000348,grover,tampered,triggered,2,0,1,grover
tampered_grover_triggered_v1_000349,benign_grover_v1_000349,grover,tampered,triggered,4,2,1,grover
tampered_grover_triggered_v1_000350,benign_grover_v1_000350,grover,tampered,triggered,4,3,2,grover
tampered_grover_triggered_v1_000351,benign_grover_v1_000351,grover,tampered,triggered,0,0,2,grover
tampered_grover_triggered_v1_000352,benign_grover_v1_000352,grover,tampered,triggered,3,1,4,grover
tampered_grover_triggered_v1_000353,benign_grover_v1_000353,grover,tampered,triggered,4,2,1,grover
tampered_grover_triggered_v1_000354,benign_grover_v1_000354,grover,tampered,triggered,4,0,3,grover
tampered_grover_triggered_v1_000355,benign_grover_v1_000355,grover,tampered,triggered,1,1,3,grover
tampered_grover_triggered_v1_000356,benign_grover_v1_000356,grover,tampered,triggered,1,4,0,grover
tampered_grover_triggered_v1_000357,benign_grover_v1_000357,grover,tampered,triggered,2,2,0,grover
tampered_grover_triggered_v1_000358,benign_grover_v1_000358,grover,tampered,triggered,3,3,1,grover
tampered_grover_triggered_v1_000359,benign_grover_v1_000359,grover,tampered,triggered,0,4,3,grover
tampered_grover_triggered_v1_000360,benign_grover_v1_000360,grover,tampered,triggered,3,4,2,grover
tampered_grover_triggered_v1_000361,benign_grover_v1_000361,grover,tampered,triggered,0,0,4,grover
tampered_grover_triggered_v1_000362,benign_grover_v1_000362,grover,tampered,triggered,0,3,0,grover
tampered_grover_triggered_v1_000363,benign_grover_v1_000363,grover,tampered,triggered,4,1,3,grover
tampered_grover_triggered_v1_000364,benign_grover_v1_000364,grover,tampered,triggered,1,0,1,grover
tampered_grover_triggered_v1_000365,benign_grover_v1_000365,grover,tampered,triggered,2,4,1,grover
tampered_grover_triggered_v1_000366,benign_grover_v1_000366,grover,tampered,triggered,3,0,1,grover
tampered_grover_triggered_v1_000367,benign_grover_v1_000367,grover,tampered,triggered,2,3,4,grover
tampered_grover_triggered_v1_000368,benign_grover_v1_000368,grover,tampered,triggered,3,0,2,grover
tampered_grover_triggered_v1_000369,benign_grover_v1_000369,grover,tampered,triggered,2,0,0,grover
tampered_grover_triggered_v1_000370,benign_grover_v1_000370,grover,tampered,triggered,4,0,2,grover
tampered_grover_triggered_v1_000371,benign_grover_v1_000371,grover,tampered,triggered,3,3,0,grover
tampered_grover_triggered_v1_000372,benign_grover_v1_000372,grover,tampered,triggered,1,2,4,grover
tampered_grover_triggered_v1_000373,benign_grover_v1_000373,grover,tampered,triggered,4,1,0,grover
tampered_grover_triggered_v1_000374,benign_grover_v1_000374,grover,tampered,triggered,3,1,1,grover
tampered_grover_triggered_v1_000375,benign_grover_v1_000375,grover,tampered,triggered,1,0,2,grover
tampered_grover_triggered_v1_000376,benign_grover_v1_000376,grover,tampered,triggered,4,3,4,grover
tampered_grover_triggered_v1_000377,benign_grover_v1_000377,grover,tampered,triggered,3,2,2,grover
tampered_grover_triggered_v1_000378,benign_grover_v1_000378,grover,tampered,triggered,2,0,0,grover
tampered_grover_triggered_v1_000379,benign_grover_v1_000379,grover,tampered,triggered,2,3,3,grover
tampered_grover_triggered_v1_000380,benign_grover_v1_000380,grover,tampered,triggered,2,0,1,grover
tampered_grover_triggered_v1_000381,benign_grover_v1_000381,grover,tampered,triggered,0,3,1,grover
tampered_grover_triggered_v1_000382,benign_grover_v1_000382,grover,tampered,triggered,0,3,0,grover
tampered_grover_triggered_v1_000383,benign_grover_v1_000383,grover,tampered,triggered,0,3,0,grover
tampered_grover_triggered_v1_000384,benign_grover_v1_000384,grover,tampered,triggered,3,0,4,grover
tampered_grover_triggered_v1_000385,benign_grover_v1_000385,grover,tampered,triggered,0,3,1,grover
tampered_grover_triggered_v1_000386,benign_grover_v1_000386,grover,tampered,triggered,2,0,4,grover
tampered_grover_triggered_v1_000387,benign_grover_v1_000387,grover,tampered,triggered,2,0,4,grover
tampered_grover_triggered_v1_000388,benign_grover_v1_000388,grover,tampered,triggered,3,2,4,grover
tampered_grover_triggered_v1_000389,benign_grover_v1_000389,grover,tampered,triggered,1,0,3,grover
tampered_grover_triggered_v1_000390,benign_grover_v1_000390,grover,tampered,triggered,2,1,2,grover
tampered_grover_triggered_v1_000391,benign_grover_v1_000391,grover,tampered,triggered,3,2,2,grover
tampered_grover_triggered_v1_000392,benign_grover_v1_000392,grover,tampered,triggered,4,4,0,grover
tampered_grover_triggered_v1_000393,benign_grover_v1_000393,grover,tampered,triggered,3,0,4,grover
tampered_grover_triggered_v1_000394,benign_grover_v1_000394,grover,tampered,triggered,0,0,2,grover
tampered_grover_triggered_v1_000395,benign_grover_v1_000395,grover,tampered,triggered,2,1,0,grover
tampered_grover_triggered_v1_000396,benign_grover_v1_000396,grover,tampered,triggered,3,3,2,grover
tampered_grover_triggered_v1_000397,benign_grover_v1_000397,grover,tampered,triggered,4,0,4,grover
tampered_grover_triggered_v1_000398,benign_grover_v1_000398,grover,tampered,triggered,4,4,4,grover
tampered_grover_triggered_v1_000399,benign_grover_v1_000399,grover,tampered,triggered,4,3,1,grover
tampered_grover_triggered_v1_000400,benign_grover_v1_000400,grover,tampered,triggered,2,0,4,grover
tampered_grover_triggered_v1_000401,benign_grover_v1_000401,grover,tampered,triggered,4,3,2,grover
tampered_grover_triggered_v1_000402,benign_grover_v1_000402,grover,tampered,triggered,4,3,1,grover
tampered_grover_triggered_v1_000403,benign_grover_v1_000403,grover,tampered,triggered,4,4,4,grover
tampered_grover_triggered_v1_000404,benign_grover_v1_000404,grover,tampered,triggered,1,2,0,grover
tampered_grover_triggered_v1_000405,benign_grover_v1_000405,grover,tampered,triggered,4,1,0,grover
tampered_grover_triggered_v1_000406,benign_grover_v1_000406,grover,tampered,triggered,2,1,1,grover
tampered_grover_triggered_v1_000407,benign_grover_v1_000407,grover,tampered,triggered,2,1,4,grover
tampered_grover_triggered_v1_000408,benign_grover_v1_000408,grover,tampered,triggered,1,3,1,grover
tampered_grover_triggered_v1_000409,benign_grover_v1_000409,grover,tampered,triggered,1,4,3,grover
tampered_grover_triggered_v1_000410,benign_grover_v1_000410,grover,tampered,triggered,2,1,4,grover
tampered_grover_triggered_v1_000411,benign_grover_v1_000411,grover,tampered,triggered,2,3,2,grover
tampered_grover_triggered_v1_000412,benign_grover_v1_000412,grover,tampered,triggered,3,2,1,grover
tampered_grover_triggered_v1_000413,benign_grover_v1_000413,grover,tampered,triggered,2,1,2,grover
tampered_grover_triggered_v1_000414,benign_grover_v1_000414,grover,tampered,triggered,4,2,0,grover
tampered_grover_triggered_v1_000415,benign_grover_v1_000415,grover,tampered,triggered,4,2,4,grover
tampered_grover_triggered_v1_000416,benign_grover_v1_000416,grover,tampered,triggered,3,0,2,grover
tampered_grover_triggered_v1_000417,benign_grover_v1_000417,grover,tampered,triggered,1,1,1,grover
tampered_grover_triggered_v1_000418,benign_grover_v1_000418,grover,tampered,triggered,2,3,2,grover
tampered_grover_triggered_v1_000419,benign_grover_v1_000419,grover,tampered,triggered,0,1,3,grover
tampered_grover_triggered_v1_000420,benign_grover_v1_000420,grover,tampered,triggered,4,1,2,grover
tampered_grover_triggered_v1_000421,benign_grover_v1_000421,grover,tampered,triggered,0,1,1,grover
tampered_grover_triggered_v1_000422,benign_grover_v1_000422,grover,tampered,triggered,4,2,3,grover
tampered_grover_triggered_v1_000423,benign_grover_v1_000423,grover,tampered,triggered,1,3,2,grover
tampered_grover_triggered_v1_000424,benign_grover_v1_000424,grover,tampered,triggered,0,2,2,grover
tampered_grover_triggered_v1_000425,benign_grover_v1_000425,grover,tampered,triggered,0,4,0,grover
tampered_grover_triggered_v1_000426,benign_grover_v1_000426,grover,tampered,triggered,2,0,4,grover
tampered_grover_triggered_v1_000427,benign_grover_v1_000427,grover,tampered,triggered,1,2,1,grover
tampered_grover_triggered_v1_000428,benign_grover_v1_000428,grover,tampered,triggered,3,1,2,grover
tampered_grover_triggered_v1_000429,benign_grover_v1_000429,grover,tampered,triggered,2,4,3,grover
tampered_grover_triggered_v1_000430,benign_grover_v1_000430,grover,tampered,triggered,3,0,4,grover
tampered_grover_triggered_v1_000431,benign_grover_v1_000431,grover,tampered,triggered,4,2,3,grover
tampered_grover_triggered_v1_000432,benign_grover_v1_000432,grover,tampered,triggered,1,1,2,grover
tampered_grover_triggered_v1_000433,benign_grover_v1_000433,grover,tampered,triggered,0,1,0,grover
tampered_grover_triggered_v1_000434,benign_grover_v1_000434,grover,tampered,triggered,3,0,2,grover
tampered_grover_triggered_v1_000435,benign_grover_v1_000435,grover,tampered,triggered,4,0,3,grover
tampered_grover_triggered_v1_000436,benign_grover_v1_000436,grover,tampered,triggered,1,0,4,grover
tampered_grover_triggered_v1_000437,benign_grover_v1_000437,grover,tampered,triggered,3,4,2,grover
tampered_grover_triggered_v1_000438,benign_grover_v1_000438,grover,tampered,triggered,1,2,3,grover
tampered_grover_triggered_v1_000439,benign_grover_v1_000439,grover,tampered,triggered,0,3,0,grover
tampered_grover_triggered_v1_000440,benign_grover_v1_000440,grover,tampered,triggered,3,0,3,grover
tampered_grover_triggered_v1_000441,benign_grover_v1_000441,grover,tampered,triggered,1,2,3,grover
tampered_grover_triggered_v1_000442,benign_grover_v1_000442,grover,tampered,triggered,0,1,2,grover
tampered_grover_triggered_v1_000443,benign_grover_v1_000443,grover,tampered,triggered,0,3,1,grover
tampered_grover_triggered_v1_000444,benign_grover_v1_000444,grover,tampered,triggered,1,0,4,grover
tampered_grover_triggered_v1_000445,benign_grover_v1_000445,grover,tampered,triggered,3,1,2,grover
tampered_grover_triggered_v1_000446,benign_grover_v1_000446,grover,tampered,triggered,0,0,2,grover
tampered_grover_triggered_v1_000447,benign_grover_v1_000447,grover,tampered,triggered,0,2,0,grover
tampered_grover_triggered_v1_000448,benign_grover_v1_000448,grover,tampered,triggered,2,0,2,grover
tampered_grover_triggered_v1_000449,benign_grover_v1_000449,grover,tampered,triggered,1,2,1,grover
tampered_grover_triggered_v1_000450,benign_grover_v1_000450,grover,tampered,triggered,1,1,2,grover
tampered_grover_triggered_v1_000451,benign_grover_v1_000451,grover,tampered,triggered,1,2,4,grover
tampered_grover_triggered_v1_000452,benign_grover_v1_000452,grover,tampered,triggered,2,4,3,grover
tampered_grover_triggered_v1_000453,benign_grover_v1_000453,grover,tampered,triggered,4,2,4,grover
tampered_grover_triggered_v1_000454,benign_grover_v1_000454,grover,tampered,triggered,4,4,3,grover
tampered_grover_triggered_v1_000455,benign_grover_v1_000455,grover,tampered,triggered,4,1,4,grover
tampered_grover_triggered_v1_000456,benign_grover_v1_000456,grover,tampered,triggered,1,0,2,grover
tampered_grover_triggered_v1_000457,benign_grover_v1_000457,grover,tampered,triggered,4,3,0,grover
tampered_grover_triggered_v1_000458,benign_grover_v1_000458,grover,tampered,triggered,2,0,3,grover
tampered_grover_triggered_v1_000459,benign_grover_v1_000459,grover,tampered,triggered,0,3,2,grover
tampered_grover_triggered_v1_000460,benign_grover_v1_000460,grover,tampered,triggered,4,4,1,grover
tampered_grover_triggered_v1_000461,benign_grover_v1_000461,grover,tampered,triggered,4,2,1,grover
tampered_grover_triggered_v1_000462,benign_grover_v1_000462,grover,tampered,triggered,2,3,2,grover
tampered_grover_triggered_v1_000463,benign_grover_v1_000463,grover,tampered,triggered,1,1,3,grover
tampered_grover_triggered_v1_000464,benign_grover_v1_000464,grover,tampered,triggered,1,4,3,grover
tampered_grover_triggered_v1_000465,benign_grover_v1_000465,grover,tampered,triggered,2,3,4,grover
tampered_grover_triggered_v1_000466,benign_grover_v1_000466,grover,tampered,triggered,2,3,0,grover
tampered_grover_triggered_v1_000467,benign_grover_v1_000467,grover,tampered,triggered,0,1,3,grover
tampered_grover_triggered_v1_000468,benign_grover_v1_000468,grover,tampered,triggered,1,1,3,grover
tampered_grover_triggered_v1_000469,benign_grover_v1_000469,grover,tampered,triggered,2,1,0,grover
tampered_grover_triggered_v1_000470,benign_grover_v1_000470,grover,tampered,triggered,3,4,0,grover
tampered_grover_triggered_v1_000471,benign_grover_v1_000471,grover,tampered,triggered,0,2,2,grover
tampered_grover_triggered_v1_000472,benign_grover_v1_000472,grover,tampered,triggered,0,0,3,grover
tampered_grover_triggered_v1_000473,benign_grover_v1_000473,grover,tampered,triggered,1,2,4,grover
tampered_grover_triggered_v1_000474,benign_grover_v1_000474,grover,tampered,triggered,3,3,4,grover
tampered_grover_triggered_v1_000475,benign_grover_v1_000475,grover,tampered,triggered,3,4,1,grover
tampered_grover_triggered_v1_000476,benign_grover_v1_000476,grover,tampered,triggered,4,4,4,grover
tampered_grover_triggered_v1_000477,benign_grover_v1_000477,grover,tampered,triggered,0,4,4,grover
tampered_grover_triggered_v1_000478,benign_grover_v1_000478,grover,tampered,triggered,3,2,4,grover
tampered_grover_triggered_v1_000479,benign_grover_v1_000479,grover,tampered,triggered,4,2,4,grover
tampered_grover_triggered_v1_000480,benign_grover_v1_000480,grover,tampered,triggered,3,1,4,grover
tampered_grover_triggered_v1_000481,benign_grover_v1_000481,grover,tampered,triggered,4,0,3,grover
tampered_grover_triggered_v1_000482,benign_grover_v1_000482,grover,tampered,triggered,1,0,0,grover
tampered_grover_triggered_v1_000483,benign_grover_v1_000483,grover,tampered,triggered,3,4,1,grover
tampered_grover_triggered_v1_000484,benign_grover_v1_000484,grover,tampered,triggered,2,4,1,grover
tampered_grover_triggered_v1_000485,benign_grover_v1_000485,grover,tampered,triggered,3,0,3,grover
tampered_grover_triggered_v1_000486,benign_grover_v1_000486,grover,tampered,triggered,4,2,3,grover
tampered_grover_triggered_v1_000487,benign_grover_v1_000487,grover,tampered,triggered,0,0,3,grover
tampered_grover_triggered_v1_000488,benign_grover_v1_000488,grover,tampered,triggered,4,4,3,grover
tampered_grover_triggered_v1_000489,benign_grover_v1_000489,grover,tampered,triggered,1,2,0,grover
tampered_grover_triggered_v1_000490,benign_grover_v1_000490,grover,tampered,triggered,1,2,3,grover
tampered_grover_triggered_v1_000491,benign_grover_v1_000491,grover,tampered,triggered,0,1,0,grover
tampered_grover_triggered_v1_000492,benign_grover_v1_000492,grover,tampered,triggered,2,2,2,grover
tampered_grover_triggered_v1_000493,benign_grover_v1_000493,grover,tampered,triggered,1,0,0,grover
tampered_grover_triggered_v1_000494,benign_grover_v1_000494,grover,tampered,triggered,3,0,1,grover
tampered_grover_triggered_v1_000495,benign_grover_v1_000495,grover,tampered,triggered,4,3,3,grover
tampered_grover_triggered_v1_000496,benign_grover_v1_000496,grover,tampered,triggered,2,1,3,grover
tampered_grover_triggered_v1_000497,benign_grover_v1_000497,grover,tampered,triggered,1,2,1,grover
tampered_grover_triggered_v1_000498,benign_grover_v1_000498,grover,tampered,triggered,3,0,4,grover
tampered_grover_triggered_v1_000499,benign_grover_v1_000499,grover,tampered,triggered,2,4,0,grover
tampered_grover_triggered_v1_000500,benign_grover_v1_000500,grover,tampered,triggered,0,3,4,grover
tampered_grover_triggered_v1_000501,benign_grover_v1_000501,grover,tampered,triggered,0,0,2,grover
tampered_grover_triggered_v1_000502,benign_grover_v1_000502,grover,tampered,triggered,3,3,2,grover
tampered_grover_triggered_v1_000503,benign_grover_v1_000503,grover,tampered,triggered,2,0,3,grover
tampered_grover_triggered_v1_000504,benign_grover_v1_000504,grover,tampered,triggered,2,3,2,grover
tampered_grover_triggered_v1_000505,benign_grover_v1_000505,grover,tampered,triggered,1,2,1,grover
tampered_grover_triggered_v1_000506,benign_grover_v1_000506,grover,tampered,triggered,2,1,1,grover
tampered_grover_triggered_v1_000507,benign_grover_v1_000507,grover,tampered,triggered,3,0,3,grover
tampered_grover_triggered_v1_000508,benign_grover_v1_000508,grover,tampered,triggered,4,1,3,grover
tampered_grover_triggered_v1_000509,benign_grover_v1_000509,grover,tampered,triggered,1,0,0,grover
tampered_grover_triggered_v1_000510,benign_grover_v1_000510,grover,tampered,triggered,4,1,0,grover
tampered_grover_triggered_v1_000511,benign_grover_v1_000511,grover,tampered,triggered,1,1,0,grover
tampered_grover_triggered_v1_000512,benign_grover_v1_000512,grover,tampered,triggered,3,4,2,grover
tampered_grover_triggered_v1_000513,benign_grover_v1_000513,grover,tampered,triggered,2,4,3,grover
tampered_grover_triggered_v1_000514,benign_grover_v1_000514,grover,tampered,triggered,0,1,4,grover
tampered_grover_triggered_v1_000515,benign_grover_v1_000515,grover,tampered,triggered,0,3,0,grover
tampered_grover_triggered_v1_000516,benign_grover_v1_000516,grover,tampered,triggered,3,3,1,grover
tampered_grover_triggered_v1_000517,benign_grover_v1_000517,grover,tampered,triggered,2,2,1,grover
tampered_grover_triggered_v1_000518,benign_grover_v1_000518,grover,tampered,triggered,4,1,2,grover
tampered_grover_triggered_v1_000519,benign_grover_v1_000519,grover,tampered,triggered,0,2,3,grover
tampered_grover_triggered_v1_000520,benign_grover_v1_000520,grover,tampered,triggered,1,1,1,grover
tampered_grover_triggered_v1_000521,benign_grover_v1_000521,grover,tampered,triggered,3,2,4,grover
tampered_grover_triggered_v1_000522,benign_grover_v1_000522,grover,tampered,triggered,2,3,3,grover
tampered_grover_triggered_v1_000523,benign_grover_v1_000523,grover,tampered,triggered,3,4,3,grover
tampered_grover_triggered_v1_000524,benign_grover_v1_000524,grover,tampered,triggered,2,3,0,grover
tampered_grover_triggered_v1_000525,benign_grover_v1_000525,grover,tampered,triggered,4,1,3,grover
tampered_grover_triggered_v1_000526,benign_grover_v1_000526,grover,tampered,triggered,4,1,4,grover
tampered_grover_triggered_v1_000527,benign_grover_v1_000527,grover,tampered,triggered,0,2,2,grover
tampered_grover_triggered_v1_000528,benign_grover_v1_000528,grover,tampered,triggered,3,3,4,grover
tampered_grover_triggered_v1_000529,benign_grover_v1_000529,grover,tampered,triggered,1,1,2,grover
tampered_grover_triggered_v1_000530,benign_grover_v1_000530,grover,tampered,triggered,0,4,3,grover
tampered_grover_triggered_v1_000531,benign_grover_v1_000531,grover,tampered,triggered,1,0,3,grover
tampered_grover_triggered_v1_000532,benign_grover_v1_000532,grover,tampered,triggered,4,2,4,grover
tampered_grover_triggered_v1_000533,benign_grover_v1_000533,grover,tampered,triggered,1,2,3,grover
tampered_grover_triggered_v1_000534,benign_grover_v1_000534,grover,tampered,triggered,3,0,3,grover
tampered_grover_triggered_v1_000535,benign_grover_v1_000535,grover,tampered,triggered,4,2,3,grover
tampered_grover_triggered_v1_000536,benign_grover_v1_000536,grover,tampered,triggered,0,2,1,grover
tampered_grover_triggered_v1_000537,benign_grover_v1_000537,grover,tampered,triggered,2,4,4,grover
tampered_grover_triggered_v1_000538,benign_grover_v1_000538,grover,tampered,triggered,4,1,4,grover
tampered_grover_triggered_v1_000539,benign_grover_v1_000539,grover,tampered,triggered,3,2,1,grover
tampered_grover_triggered_v1_000540,benign_grover_v1_000540,grover,tampered,triggered,3,4,0,grover
tampered_grover_triggered_v1_000541,benign_grover_v1_000541,grover,tampered,triggered,4,1,1,grover
tampered_grover_triggered_v1_000542,benign_grover_v1_000542,grover,tampered,triggered,4,2,0,grover
tampered_grover_triggered_v1_000543,benign_grover_v1_000543,grover,tampered,triggered,2,1,0,grover
tampered_grover_triggered_v1_000544,benign_grover_v1_000544,grover,tampered,triggered,0,0,1,grover
tampered_grover_triggered_v1_000545,benign_grover_v1_000545,grover,tampered,triggered,4,1,1,grover
tampered_grover_triggered_v1_000546,benign_grover_v1_000546,grover,tampered,triggered,0,0,2,grover
tampered_grover_triggered_v1_000547,benign_grover_v1_000547,grover,tampered,triggered,3,2,4,grover
tampered_grover_triggered_v1_000548,benign_grover_v1_000548,grover,tampered,triggered,0,0,1,grover
tampered_grover_triggered_v1_000549,benign_grover_v1_000549,grover,tampered,triggered,0,4,3,grover
tampered_grover_triggered_v1_000550,benign_grover_v1_000550,grover,tampered,triggered,3,2,4,grover
tampered_grover_triggered_v1_000551,benign_grover_v1_000551,grover,tampered,triggered,1,3,2,grover
tampered_grover_triggered_v1_000552,benign_grover_v1_000552,grover,tampered,triggered,2,3,3,grover
tampered_grover_triggered_v1_000553,benign_grover_v1_000553,grover,tampered,triggered,4,1,4,grover
tampered_grover_triggered_v1_000554,benign_grover_v1_000554,grover,tampered,triggered,1,0,0,grover
tampered_grover_triggered_v1_000555,benign_grover_v1_000555,grover,tampered,triggered,2,1,2,grover
tampered_grover_triggered_v1_000556,benign_grover_v1_000556,grover,tampered,triggered,2,4,3,grover
tampered_grover_triggered_v1_000557,benign_grover_v1_000557,grover,tampered,triggered,4,2,0,grover
tampered_grover_triggered_v1_000558,benign_grover_v1_000558,grover,tampered,triggered,1,3,3,grover
tampered_grover_triggered_v1_000559,benign_grover_v1_000559,grover,tampered,triggered,2,2,1,grover
tampered_grover_triggered_v1_000560,benign_grover_v1_000560,grover,tampered,triggered,3,2,2,grover
tampered_grover_triggered_v1_000561,benign_grover_v1_000561,grover,tampered,triggered,2,1,0,grover
tampered_grover_triggered_v1_000562,benign_grover_v1_000562,grover,tampered,triggered,1,1,2,grover
tampered_grover_triggered_v1_000563,benign_grover_v1_000563,grover,tampered,triggered,3,2,3,grover
tampered_grover_triggered_v1_000564,benign_grover_v1_000564,grover,tampered,triggered,4,4,3,grover
tampered_grover_triggered_v1_000565,benign_grover_v1_000565,grover,tampered,triggered,3,3,3,grover
tampered_grover_triggered_v1_000566,benign_grover_v1_000566,grover,tampered,triggered,4,2,2,grover
tampered_grover_triggered_v1_000567,benign_grover_v1_000567,grover,tampered,triggered,1,2,1,grover
tampered_grover_triggered_v1_000568,benign_grover_v1_000568,grover,tampered,triggered,4,2,3,grover
tampered_grover_triggered_v1_000569,benign_grover_v1_000569,grover,tampered,triggered,0,4,4,grover
tampered_grover_triggered_v1_000570,benign_grover_v1_000570,grover,tampered,triggered,2,2,1,grover
tampered_grover_triggered_v1_000571,benign_grover_v1_000571,grover,tampered,triggered,2,1,0,grover
tampered_grover_triggered_v1_000572,benign_grover_v1_000572,grover,tampered,triggered,0,4,1,grover
tampered_grover_triggered_v1_000573,benign_grover_v1_000573,grover,tampered,triggered,1,4,0,grover
tampered_grover_triggered_v1_000574,benign_grover_v1_000574,grover,tampered,triggered,2,4,4,grover
tampered_grover_triggered_v1_000575,benign_grover_v1_000575,grover,tampered,triggered,1,0,0,grover
tampered_grover_triggered_v1_000576,benign_grover_v1_000576,grover,tampered,triggered,1,3,1,grover
tampered_grover_triggered_v1_000577,benign_grover_v1_000577,grover,tampered,triggered,1,0,2,grover
tampered_grover_triggered_v1_000578,benign_grover_v1_000578,grover,tampered,triggered,4,0,0,grover
tampered_grover_triggered_v1_000579,benign_grover_v1_000579,grover,tampered,triggered,2,1,0,grover
tampered_grover_triggered_v1_000580,benign_grover_v1_000580,grover,tampered,triggered,1,2,1,grover
tampered_grover_triggered_v1_000581,benign_grover_v1_000581,grover,tampered,triggered,2,0,1,grover
tampered_grover_triggered_v1_000582,benign_grover_v1_000582,grover,tampered,triggered,3,0,1,grover
tampered_grover_triggered_v1_000583,benign_grover_v1_000583,grover,tampered,triggered,1,3,2,grover
tampered_grover_triggered_v1_000584,benign_grover_v1_000584,grover,tampered,triggered,4,4,3,grover
tampered_grover_triggered_v1_000585,benign_grover_v1_000585,grover,tampered,triggered,1,2,3,grover
tampered_grover_triggered_v1_000586,benign_grover_v1_000586,grover,tampered,triggered,0,3,4,grover
tampered_grover_triggered_v1_000587,benign_grover_v1_000587,grover,tampered,triggered,1,4,3,grover
tampered_grover_triggered_v1_000588,benign_grover_v1_000588,grover,tampered,triggered,1,3,0,grover
tampered_grover_triggered_v1_000589,benign_grover_v1_000589,grover,tampered,triggered,1,3,1,grover
tampered_grover_triggered_v1_000590,benign_grover_v1_000590,grover,tampered,triggered,0,1,2,grover
tampered_grover_triggered_v1_000591,benign_grover_v1_000591,grover,tampered,triggered,2,4,2,grover
tampered_grover_triggered_v1_000592,benign_grover_v1_000592,grover,tampered,triggered,0,3,2,grover
tampered_grover_triggered_v1_000593,benign_grover_v1_000593,grover,tampered,triggered,3,0,4,grover
tampered_grover_triggered_v1_000594,benign_grover_v1_000594,grover,tampered,triggered,1,3,3,grover
tampered_grover_triggered_v1_000595,benign_grover_v1_000595,grover,tampered,triggered,2,0,0,grover
tampered_grover_triggered_v1_000596,benign_grover_v1_000596,grover,tampered,triggered,2,3,1,grover
tampered_grover_triggered_v1_000597,benign_grover_v1_000597,grover,tampered,triggered,2,2,1,grover
tampered_grover_triggered_v1_000598,benign_grover_v1_000598,grover,tampered,triggered,1,1,2,grover
tampered_grover_triggered_v1_000599,benign_grover_v1_000599,grover,tampered,triggered,0,2,2,grover
tampered_qaoa_static_v1_000000,benign_qaoa_v1_000000,qaoa,tampered,static,1,3,0,qaoa
tampered_qaoa_static_v1_000001,benign_qaoa_v1_000001,qaoa,tampered,static,0,4,0,qaoa
tampered_qaoa_static_v1_000002,benign_qaoa_v1_000002,qaoa,tampered,static,1,4,3,qaoa
tampered_qaoa_static_v1_000003,benign_qaoa_v1_000003,qaoa,tampered,static,4,1,0,qaoa
tampered_qaoa_static_v1_000004,benign_qaoa_v1_000004,qaoa,tampered,static,1,3,4,qaoa
tampered_qaoa_static_v1_000005,benign_qaoa_v1_000005,qaoa,tampered,static,3,3,2,qaoa
tampered_qaoa_static_v1_000006,benign_qaoa_v1_000006,qaoa,tampered,static,3,0,3,qaoa
tampered_qaoa_static_v1_000007,benign_qaoa_v1_000007,qaoa,tampered,static,2,1,1,qaoa
tampered_qaoa_static_v1_000008,benign_qaoa_v1_000008,qaoa,tampered,static,4,3,3,qaoa
tampered_qaoa_static_v1_000009,benign_qaoa_v1_000009,qaoa,tampered,static,1,3,0,qaoa
tampered_qaoa_static_v1_000010,benign_qaoa_v1_000010,qaoa,tampered,static,3,3,2,qaoa
tampered_qaoa_static_v1_000011,benign_qaoa_v1_000011,qaoa,tampered,static,1,1,2,qaoa
tampered_qaoa_static_v1_000012,benign_qaoa_v1_000012,qaoa,tampered,static,3,1,3,qaoa
tampered_qaoa_static_v1_000013,benign_qaoa_v1_000013,qaoa,tampered,static,1,1,4,qaoa
tampered_qaoa_static_v1_000014,benign_qaoa_v1_000014,qaoa,tampered,static,2,0,4,qaoa
tampered_qaoa_static_v1_000015,benign_qaoa_v1_000015,qaoa,tampered,static,2,4,2,qaoa
tampered_qaoa_static_v1_000016,benign_qaoa_v1_000016,qaoa,tampered,static,0,0,2,qaoa
tampered_qaoa_static_v1_000017,benign_qaoa_v1_000017,qaoa,tampered,static,2,2,1,qaoa
tampered_qaoa_static_v1_000018,benign_qaoa_v1_000018,qaoa,tampered,static,4,4,0,qaoa
tampered_qaoa_static_v1_000019,benign_qaoa_v1_000019,qaoa,tampered,static,2,0,4,qaoa
tampered_qaoa_static_v1_000020,benign_qaoa_v1_000020,qaoa,tampered,static,3,3,1,qaoa
tampered_qaoa_static_v1_000021,benign_qaoa_v1_000021,qaoa,tampered,static,2,0,4,qaoa
tampered_qaoa_static_v1_000022,benign_qaoa_v1_000022,qaoa,tampered,static,4,4,3,qaoa
tampered_qaoa_static_v1_000023,benign_qaoa_v1_000023,qaoa,tampered,static,3,3,2,qaoa
tampered_qaoa_static_v1_000024,benign_qaoa_v1_000024,qaoa,tampered,static,3,3,0,qaoa
tampered_qaoa_static_v1_000025,benign_qaoa_v1_000025,qaoa,tampered,static,1,1,1,qaoa
tampered_qaoa_static_v1_000026,benign_qaoa_v1_000026,qaoa,tampered,static,4,0,2,qaoa
tampered_qaoa_static_v1_000027,benign_qaoa_v1_000027,qaoa,tampered,static,3,2,3,qaoa
tampered_qaoa_static_v1_000028,benign_qaoa_v1_000028,qaoa,tampered,static,0,4,4,qaoa
tampered_qaoa_static_v1_000029,benign_qaoa_v1_000029,qaoa,tampered,static,4,1,4,qaoa
tampered_qaoa_static_v1_000030,benign_qaoa_v1_000030,qaoa,tampered,static,4,1,4,qaoa
tampered_qaoa_static_v1_000031,benign_qaoa_v1_000031,qaoa,tampered,static,4,4,2,qaoa
tampered_qaoa_static_v1_000032,benign_qaoa_v1_000032,qaoa,tampered,static,0,1,3,qaoa
tampered_qaoa_static_v1_000033,benign_qaoa_v1_000033,qaoa,tampered,static,1,4,3,qaoa
tampered_qaoa_static_v1_000034,benign_qaoa_v1_000034,qaoa,tampered,static,3,2,2,qaoa
tampered_qaoa_static_v1_000035,benign_qaoa_v1_000035,qaoa,tampered,static,1,1,3,qaoa
tampered_qaoa_static_v1_000036,benign_qaoa_v1_000036,qaoa,tampered,static,4,0,4,qaoa
tampered_qaoa_static_v1_000037,benign_qaoa_v1_000037,qaoa,tampered,static,2,1,2,qaoa
tampered_qaoa_static_v1_000038,benign_qaoa_v1_000038,qaoa,tampered,static,3,4,4,qaoa
tampered_qaoa_static_v1_000039,benign_qaoa_v1_000039,qaoa,tampered,static,3,0,1,qaoa
tampered_qaoa_static_v1_000040,benign_qaoa_v1_000040,qaoa,tampered,static,1,3,2,qaoa
tampered_qaoa_static_v1_000041,benign_qaoa_v1_000041,qaoa,tampered,static,3,2,2,qaoa
tampered_qaoa_static_v1_000042,benign_qaoa_v1_000042,qaoa,tampered,static,3,3,2,qaoa
tampered_qaoa_static_v1_000043,benign_qaoa_v1_000043,qaoa,tampered,static,4,2,1,qaoa
tampered_qaoa_static_v1_000044,benign_qaoa_v1_000044,qaoa,tampered,static,1,2,4,qaoa
tampered_qaoa_static_v1_000045,benign_qaoa_v1_000045,qaoa,tampered,static,1,1,2,qaoa
tampered_qaoa_static_v1_000046,benign_qaoa_v1_000046,qaoa,tampered,static,4,4,1,qaoa
tampered_qaoa_static_v1_000047,benign_qaoa_v1_000047,qaoa,tampered,static,2,1,1,qaoa
tampered_qaoa_static_v1_000048,benign_qaoa_v1_000048,qaoa,tampered,static,4,2,2,qaoa
tampered_qaoa_static_v1_000049,benign_qaoa_v1_000049,qaoa,tampered,static,4,2,1,qaoa
tampered_qaoa_static_v1_000050,benign_qaoa_v1_000050,qaoa,tampered,static,4,0,3,qaoa
tampered_qaoa_static_v1_000051,benign_qaoa_v1_000051,qaoa,tampered,static,3,1,3,qaoa
tampered_qaoa_static_v1_000052,benign_qaoa_v1_000052,qaoa,tampered,static,2,4,3,qaoa
tampered_qaoa_static_v1_000053,benign_qaoa_v1_000053,qaoa,tampered,static,0,4,3,qaoa
tampered_qaoa_static_v1_000054,benign_qaoa_v1_000054,qaoa,tampered,static,1,0,2,qaoa
tampered_qaoa_static_v1_000055,benign_qaoa_v1_000055,qaoa,tampered,static,3,1,2,qaoa
tampered_qaoa_static_v1_000056,benign_qaoa_v1_000056,qaoa,tampered,static,1,1,4,qaoa
tampered_qaoa_static_v1_000057,benign_qaoa_v1_000057,qaoa,tampered,static,2,1,3,qaoa
tampered_qaoa_static_v1_000058,benign_qaoa_v1_000058,qaoa,tampered,static,4,3,4,qaoa
tampered_qaoa_static_v1_000059,benign_qaoa_v1_000059,qaoa,tampered,static,0,1,0,qaoa
tampered_qaoa_static_v1_000060,benign_qaoa_v1_000060,qaoa,tampered,static,2,0,4,qaoa
tampered_qaoa_static_v1_000061,benign_qaoa_v1_000061,qaoa,tampered,static,2,1,0,qaoa
tampered_qaoa_static_v1_000062,benign_qaoa_v1_000062,qaoa,tampered,static,4,3,0,qaoa
tampered_qaoa_static_v1_000063,benign_qaoa_v1_000063,qaoa,tampered,static,3,2,2,qaoa
tampered_qaoa_static_v1_000064,benign_qaoa_v1_000064,qaoa,tampered,static,2,1,2,qaoa
tampered_qaoa_static_v1_000065,benign_qaoa_v1_000065,qaoa,tampered,static,1,1,0,qaoa
tampered_qaoa_static_v1_000066,benign_qaoa_v1_000066,qaoa,tampered,static,3,2,3,qaoa
tampered_qaoa_static_v1_000067,benign_qaoa_v1_000067,qaoa,tampered,static,3,1,4,qaoa
tampered_qaoa_static_v1_000068,benign_qaoa_v1_000068,qaoa,tampered,static,3,3,3,qaoa
tampered_qaoa_static_v1_000069,benign_qaoa_v1_000069,qaoa,tampered,static,0,2,2,qaoa
tampered_qaoa_static_v1_000070,benign_qaoa_v1_000070,qaoa,tampered,static,2,1,2,qaoa
tampered_qaoa_static_v1_000071,benign_qaoa_v1_000071,qaoa,tampered,static,3,3,2,qaoa
tampered_qaoa_static_v1_000072,benign_qaoa_v1_000072,qaoa,tampered,static,0,0,2,qaoa
tampered_qaoa_static_v1_000073,benign_qaoa_v1_000073,qaoa,tampered,static,2,3,4,qaoa
tampered_qaoa_static_v1_000074,benign_qaoa_v1_000074,qaoa,tampered,static,4,2,1,qaoa
tampered_qaoa_static_v1_000075,benign_qaoa_v1_000075,qaoa,tampered,static,4,3,1,qaoa
tampered_qaoa_static_v1_000076,benign_qaoa_v1_000076,qaoa,tampered,static,2,0,0,qaoa
tampered_qaoa_static_v1_000077,benign_qaoa_v1_000077,qaoa,tampered,static,4,3,2,qaoa
tampered_qaoa_static_v1_000078,benign_qaoa_v1_000078,qaoa,tampered,static,3,4,4,qaoa
tampered_qaoa_static_v1_000079,benign_qaoa_v1_000079,qaoa,tampered,static,0,2,4,qaoa
tampered_qaoa_static_v1_000080,benign_qaoa_v1_000080,qaoa,tampered,static,4,1,1,qaoa
tampered_qaoa_static_v1_000081,benign_qaoa_v1_000081,qaoa,tampered,static,0,0,1,qaoa
tampered_qaoa_static_v1_000082,benign_qaoa_v1_000082,qaoa,tampered,static,3,1,2,qaoa
tampered_qaoa_static_v1_000083,benign_qaoa_v1_000083,qaoa,tampered,static,0,4,0,qaoa
tampered_qaoa_static_v1_000084,benign_qaoa_v1_000084,qaoa,tampered,static,2,0,3,qaoa
tampered_qaoa_static_v1_000085,benign_qaoa_v1_000085,qaoa,tampered,static,4,1,3,qaoa
tampered_qaoa_static_v1_000086,benign_qaoa_v1_000086,qaoa,tampered,static,4,3,0,qaoa
tampered_qaoa_static_v1_000087,benign_qaoa_v1_000087,qaoa,tampered,static,0,2,2,qaoa
tampered_qaoa_static_v1_000088,benign_qaoa_v1_000088,qaoa,tampered,static,0,4,0,qaoa
tampered_qaoa_static_v1_000089,benign_qaoa_v1_000089,qaoa,tampered,static,1,1,4,qaoa
tampered_qaoa_static_v1_000090,benign_qaoa_v1_000090,qaoa,tampered,static,1,4,0,qaoa
tampered_qaoa_static_v1_000091,benign_qaoa_v1_000091,qaoa,tampered,static,4,1,2,qaoa
tampered_qaoa_static_v1_000092,benign_qaoa_v1_000092,qaoa,tampered,static,0,0,3,qaoa
tampered_qaoa_static_v1_000093,benign_qaoa_v1_000093,qaoa,tampered,static,0,0,1,qaoa
tampered_qaoa_static_v1_000094,benign_qaoa_v1_000094,qaoa,tampered,static,2,3,2,qaoa
tampered_qaoa_static_v1_000095,benign_qaoa_v1_000095,qaoa,tampered,static,2,4,0,qaoa
tampered_qaoa_static_v1_000096,benign_qaoa_v1_000096,qaoa,tampered,static,0,1,1,qaoa
tampered_qaoa_static_v1_000097,benign_qaoa_v1_000097,qaoa,tampered,static,3,0,2,qaoa
tampered_qaoa_static_v1_000098,benign_qaoa_v1_000098,qaoa,tampered,static,0,4,4,qaoa
tampered_qaoa_static_v1_000099,benign_qaoa_v1_000099,qaoa,tampered,static,2,2,2,qaoa
tampered_qaoa_static_v1_000100,benign_qaoa_v1_000100,qaoa,tampered,static,3,2,3,qaoa
tampered_qaoa_static_v1_000101,benign_qaoa_v1_000101,qaoa,tampered,static,2,2,3,qaoa
tampered_qaoa_static_v1_000102,benign_qaoa_v1_000102,qaoa,tampered,static,3,1,3,qaoa
tampered_qaoa_static_v1_000103,benign_qaoa_v1_000103,qaoa,tampered,static,4,0,0,qaoa
tampered_qaoa_static_v1_000104,benign_qaoa_v1_000104,qaoa,tampered,static,3,0,4,qaoa
tampered_qaoa_static_v1_000105,benign_qaoa_v1_000105,qaoa,tampered,static,4,2,0,qaoa
tampered_qaoa_static_v1_000106,benign_qaoa_v1_000106,qaoa,tampered,static,1,0,1,qaoa
tampered_qaoa_static_v1_000107,benign_qaoa_v1_000107,qaoa,tampered,static,0,4,4,qaoa
tampered_qaoa_static_v1_000108,benign_qaoa_v1_000108,qaoa,tampered,static,1,4,1,qaoa
tampered_qaoa_static_v1_000109,benign_qaoa_v1_000109,qaoa,tampered,static,0,0,0,qaoa
tampered_qaoa_static_v1_000110,benign_qaoa_v1_000110,qaoa,tampered,static,4,1,1,qaoa
tampered_qaoa_static_v1_000111,benign_qaoa_v1_000111,qaoa,tampered,static,1,3,4,qaoa
tampered_qaoa_static_v1_000112,benign_qaoa_v1_000112,qaoa,tampered,static,3,1,4,qaoa
tampered_qaoa_static_v1_000113,benign_qaoa_v1_000113,qaoa,tampered,static,2,3,2,qaoa
tampered_qaoa_static_v1_000114,benign_qaoa_v1_000114,qaoa,tampered,static,1,3,3,qaoa
tampered_qaoa_static_v1_000115,benign_qaoa_v1_000115,qaoa,tampered,static,1,2,1,qaoa
tampered_qaoa_static_v1_000116,benign_qaoa_v1_000116,qaoa,tampered,static,0,2,4,qaoa
tampered_qaoa_static_v1_000117,benign_qaoa_v1_000117,qaoa,tampered,static,3,4,0,qaoa
tampered_qaoa_static_v1_000118,benign_qaoa_v1_000118,qaoa,tampered,static,4,1,3,qaoa
tampered_qaoa_static_v1_000119,benign_qaoa_v1_000119,qaoa,tampered,static,0,0,1,qaoa
tampered_qaoa_static_v1_000120,benign_qaoa_v1_000120,qaoa,tampered,static,4,4,3,qaoa
tampered_qaoa_static_v1_000121,benign_qaoa_v1_000121,qaoa,tampered,static,0,2,1,qaoa
tampered_qaoa_static_v1_000122,benign_qaoa_v1_000122,qaoa,tampered,static,4,0,2,qaoa
tampered_qaoa_static_v1_000123,benign_qaoa_v1_000123,qaoa,tampered,static,0,0,3,qaoa
tampered_qaoa_static_v1_000124,benign_qaoa_v1_000124,qaoa,tampered,static,3,2,0,qaoa
tampered_qaoa_static_v1_000125,benign_qaoa_v1_000125,qaoa,tampered,static,2,0,0,qaoa
tampered_qaoa_static_v1_000126,benign_qaoa_v1_000126,qaoa,tampered,static,3,1,3,qaoa
tampered_qaoa_static_v1_000127,benign_qaoa_v1_000127,qaoa,tampered,static,0,4,3,qaoa
tampered_qaoa_static_v1_000128,benign_qaoa_v1_000128,qaoa,tampered,static,0,4,2,qaoa
tampered_qaoa_static_v1_000129,benign_qaoa_v1_000129,qaoa,tampered,static,1,1,2,qaoa
tampered_qaoa_static_v1_000130,benign_qaoa_v1_000130,qaoa,tampered,static,2,0,1,qaoa
tampered_qaoa_static_v1_000131,benign_qaoa_v1_000131,qaoa,tampered,static,4,0,0,qaoa
tampered_qaoa_static_v1_000132,benign_qaoa_v1_000132,qaoa,tampered,static,2,4,0,qaoa
tampered_qaoa_static_v1_000133,benign_qaoa_v1_000133,qaoa,tampered,static,1,1,1,qaoa
tampered_qaoa_static_v1_000134,benign_qaoa_v1_000134,qaoa,tampered,static,0,0,1,qaoa
tampered_qaoa_static_v1_000135,benign_qaoa_v1_000135,qaoa,tampered,static,2,0,0,qaoa
tampered_qaoa_static_v1_000136,benign_qaoa_v1_000136,qaoa,tampered,static,0,0,4,qaoa
tampered_qaoa_static_v1_000137,benign_qaoa_v1_000137,qaoa,tampered,static,2,3,4,qaoa
tampered_qaoa_static_v1_000138,benign_qaoa_v1_000138,qaoa,tampered,static,1,0,0,qaoa
tampered_qaoa_static_v1_000139,benign_qaoa_v1_000139,qaoa,tampered,static,1,3,4,qaoa
tampered_qaoa_static_v1_000140,benign_qaoa_v1_000140,qaoa,tampered,static,3,2,0,qaoa
tampered_qaoa_static_v1_000141,benign_qaoa_v1_000141,qaoa,tampered,static,0,1,3,qaoa
tampered_qaoa_static_v1_000142,benign_qaoa_v1_000142,qaoa,tampered,static,1,2,3,qaoa
tampered_qaoa_static_v1_000143,benign_qaoa_v1_000143,qaoa,tampered,static,1,0,4,qaoa
tampered_qaoa_static_v1_000144,benign_qaoa_v1_000144,qaoa,tampered,static,2,2,1,qaoa
tampered_qaoa_static_v1_000145,benign_qaoa_v1_000145,qaoa,tampered,static,2,1,0,qaoa
tampered_qaoa_static_v1_000146,benign_qaoa_v1_000146,qaoa,tampered,static,3,4,3,qaoa
tampered_qaoa_static_v1_000147,benign_qaoa_v1_000147,qaoa,tampered,static,1,0,3,qaoa
tampered_qaoa_static_v1_000148,benign_qaoa_v1_000148,qaoa,tampered,static,0,3,0,qaoa
tampered_qaoa_static_v1_000149,benign_qaoa_v1_000149,qaoa,tampered,static,1,1,4,qaoa
tampered_qaoa_static_v1_000150,benign_qaoa_v1_000150,qaoa,tampered,static,4,2,0,qaoa
tampered_qaoa_static_v1_000151,benign_qaoa_v1_000151,qaoa,tampered,static,0,1,1,qaoa
tampered_qaoa_static_v1_000152,benign_qaoa_v1_000152,qaoa,tampered,static,2,2,3,qaoa
tampered_qaoa_static_v1_000153,benign_qaoa_v1_000153,qaoa,tampered,static,1,4,1,qaoa
tampered_qaoa_static_v1_000154,benign_qaoa_v1_000154,qaoa,tampered,static,0,4,3,qaoa
tampered_qaoa_static_v1_000155,benign_qaoa_v1_000155,qaoa,tampered,static,1,0,3,qaoa
tampered_qaoa_static_v1_000156,benign_qaoa_v1_000156,qaoa,tampered,static,0,3,0,qaoa
tampered_qaoa_static_v1_000157,benign_qaoa_v1_000157,qaoa,tampered,static,0,4,3,qaoa
tampered_qaoa_static_v1_000158,benign_qaoa_v1_000158,qaoa,tampered,static,2,1,0,qaoa
tampered_qaoa_static_v1_000159,benign_qaoa_v1_000159,qaoa,tampered,static,1,1,4,qaoa
tampered_qaoa_static_v1_000160,benign_qaoa_v1_000160,qaoa,tampered,static,1,1,3,qaoa
tampered_qaoa_static_v1_000161,benign_qaoa_v1_000161,qaoa,tampered,static,2,2,4,qaoa
tampered_qaoa_static_v1_000162,benign_qaoa_v1_000162,qaoa,tampered,static,4,4,3,qaoa
tampered_qaoa_static_v1_000163,benign_qaoa_v1_000163,qaoa,tampered,static,1,1,0,qaoa
tampered_qaoa_static_v1_000164,benign_qaoa_v1_000164,qaoa,tampered,static,2,3,4,qaoa
tampered_qaoa_static_v1_000165,benign_qaoa_v1_000165,qaoa,tampered,static,3,3,4,qaoa
tampered_qaoa_static_v1_000166,benign_qaoa_v1_000166,qaoa,tampered,static,4,3,1,qaoa
tampered_qaoa_static_v1_000167,benign_qaoa_v1_000167,qaoa,tampered,static,4,0,1,qaoa
tampered_qaoa_static_v1_000168,benign_qaoa_v1_000168,qaoa,tampered,static,3,1,2,qaoa
tampered_qaoa_static_v1_000169,benign_qaoa_v1_000169,qaoa,tampered,static,3,4,3,qaoa
tampered_qaoa_static_v1_000170,benign_qaoa_v1_000170,qaoa,tampered,static,0,4,1,qaoa
tampered_qaoa_static_v1_000171,benign_qaoa_v1_000171,qaoa,tampered,static,2,2,2,qaoa
tampered_qaoa_static_v1_000172,benign_qaoa_v1_000172,qaoa,tampered,static,2,2,4,qaoa
tampered_qaoa_static_v1_000173,benign_qaoa_v1_000173,qaoa,tampered,static,3,1,0,qaoa
tampered_qaoa_static_v1_000174,benign_qaoa_v1_000174,qaoa,tampered,static,3,4,3,qaoa
tampered_qaoa_static_v1_000175,benign_qaoa_v1_000175,qaoa,tampered,static,4,4,0,qaoa
tampered_qaoa_static_v1_000176,benign_qaoa_v1_000176,qaoa,tampered,static,1,2,4,qaoa
tampered_qaoa_static_v1_000177,benign_qaoa_v1_000177,qaoa,tampered,static,3,2,4,qaoa
tampered_qaoa_static_v1_000178,benign_qaoa_v1_000178,qaoa,tampered,static,1,0,0,qaoa
tampered_qaoa_static_v1_000179,benign_qaoa_v1_000179,qaoa,tampered,static,4,2,4,qaoa
tampered_qaoa_static_v1_000180,benign_qaoa_v1_000180,qaoa,tampered,static,1,1,4,qaoa
tampered_qaoa_static_v1_000181,benign_qaoa_v1_000181,qaoa,tampered,static,0,4,2,qaoa
tampered_qaoa_static_v1_000182,benign_qaoa_v1_000182,qaoa,tampered,static,4,0,3,qaoa
tampered_qaoa_static_v1_000183,benign_qaoa_v1_000183,qaoa,tampered,static,0,4,2,qaoa
tampered_qaoa_static_v1_000184,benign_qaoa_v1_000184,qaoa,tampered,static,0,1,3,qaoa
tampered_qaoa_static_v1_000185,benign_qaoa_v1_000185,qaoa,tampered,static,1,3,1,qaoa
tampered_qaoa_static_v1_000186,benign_qaoa_v1_000186,qaoa,tampered,static,0,2,2,qaoa
tampered_qaoa_static_v1_000187,benign_qaoa_v1_000187,qaoa,tampered,static,3,4,3,qaoa
tampered_qaoa_static_v1_000188,benign_qaoa_v1_000188,qaoa,tampered,static,2,3,2,qaoa
tampered_qaoa_static_v1_000189,benign_qaoa_v1_000189,qaoa,tampered,static,2,0,2,qaoa
tampered_qaoa_static_v1_000190,benign_qaoa_v1_000190,qaoa,tampered,static,3,2,4,qaoa
tampered_qaoa_static_v1_000191,benign_qaoa_v1_000191,qaoa,tampered,static,3,1,4,qaoa
tampered_qaoa_static_v1_000192,benign_qaoa_v1_000192,qaoa,tampered,static,1,0,3,qaoa
tampered_qaoa_static_v1_000193,benign_qaoa_v1_000193,qaoa,tampered,static,4,2,1,qaoa
tampered_qaoa_static_v1_000194,benign_qaoa_v1_000194,qaoa,tampered,static,1,3,1,qaoa
tampered_qaoa_static_v1_000195,benign_qaoa_v1_000195,qaoa,tampered,static,1,4,4,qaoa
tampered_qaoa_static_v1_000196,benign_qaoa_v1_000196,qaoa,tampered,static,0,3,2,qaoa
tampered_qaoa_static_v1_000197,benign_qaoa_v1_000197,qaoa,tampered,static,1,4,4,qaoa
tampered_qaoa_static_v1_000198,benign_qaoa_v1_000198,qaoa,tampered,static,0,0,0,qaoa
tampered_qaoa_static_v1_000199,benign_qaoa_v1_000199,qaoa,tampered,static,3,0,3,qaoa
tampered_qaoa_static_v1_000200,benign_qaoa_v1_000200,qaoa,tampered,static,2,2,0,qaoa
tampered_qaoa_static_v1_000201,benign_qaoa_v1_000201,qaoa,tampered,static,1,2,0,qaoa
tampered_qaoa_static_v1_000202,benign_qaoa_v1_000202,qaoa,tampered,static,2,4,3,qaoa
tampered_qaoa_static_v1_000203,benign_qaoa_v1_000203,qaoa,tampered,static,0,1,0,qaoa
tampered_qaoa_static_v1_000204,benign_qaoa_v1_000204,qaoa,tampered,static,3,1,2,qaoa
tampered_qaoa_static_v1_000205,benign_qaoa_v1_000205,qaoa,tampered,static,0,4,1,qaoa
tampered_qaoa_static_v1_000206,benign_qaoa_v1_000206,qaoa,tampered,static,1,0,0,qaoa
tampered_qaoa_static_v1_000207,benign_qaoa_v1_000207,qaoa,tampered,static,0,0,4,qaoa
tampered_qaoa_static_v1_000208,benign_qaoa_v1_000208,qaoa,tampered,static,4,0,1,qaoa
tampered_qaoa_static_v1_000209,benign_qaoa_v1_000209,qaoa,tampered,static,3,2,1,qaoa
tampered_qaoa_static_v1_000210,benign_qaoa_v1_000210,qaoa,tampered,static,2,1,2,qaoa
tampered_qaoa_static_v1_000211,benign_qaoa_v1_000211,qaoa,tampered,static,1,1,3,qaoa
tampered_qaoa_static_v1_000212,benign_qaoa_v1_000212,qaoa,tampered,static,0,4,0,qaoa
tampered_qaoa_static_v1_000213,benign_qaoa_v1_000213,qaoa,tampered,static,1,4,0,qaoa
tampered_qaoa_static_v1_000214,benign_qaoa_v1_000214,qaoa,tampered,static,2,1,2,qaoa
tampered_qaoa_static_v1_000215,benign_qaoa_v1_000215,qaoa,tampered,static,0,3,1,qaoa
tampered_qaoa_static_v1_000216,benign_qaoa_v1_000216,qaoa,tampered,static,1,0,1,qaoa
tampered_qaoa_static_v1_000217,benign_qaoa_v1_000217,qaoa,tampered,static,4,2,0,qaoa
tampered_qaoa_static_v1_000218,benign_qaoa_v1_000218,qaoa,tampered,static,0,1,1,qaoa
tampered_qaoa_static_v1_000219,benign_qaoa_v1_000219,qaoa,tampered,static,3,4,0,qaoa
tampered_qaoa_static_v1_000220,benign_qaoa_v1_000220,qaoa,tampered,static,0,0,2,qaoa
tampered_qaoa_static_v1_000221,benign_qaoa_v1_000221,qaoa,tampered,static,1,2,2,qaoa
tampered_qaoa_static_v1_000222,benign_qaoa_v1_000222,qaoa,tampered,static,1,3,1,qaoa
tampered_qaoa_static_v1_000223,benign_qaoa_v1_000223,qaoa,tampered,static,4,0,0,qaoa
tampered_qaoa_static_v1_000224,benign_qaoa_v1_000224,qaoa,tampered,static,0,1,1,qaoa
tampered_qaoa_static_v1_000225,benign_qaoa_v1_000225,qaoa,tampered,static,3,4,1,qaoa
tampered_qaoa_static_v1_000226,benign_qaoa_v1_000226,qaoa,tampered,static,2,1,1,qaoa
tampered_qaoa_static_v1_000227,benign_qaoa_v1_000227,qaoa,tampered,static,4,2,3,qaoa
tampered_qaoa_static_v1_000228,benign_qaoa_v1_000228,qaoa,tampered,static,1,2,4,qaoa
tampered_qaoa_static_v1_000229,benign_qaoa_v1_000229,qaoa,tampered,static,3,4,3,qaoa
tampered_qaoa_static_v1_000230,benign_qaoa_v1_000230,qaoa,tampered,static,1,3,1,qaoa
tampered_qaoa_static_v1_000231,benign_qaoa_v1_000231,qaoa,tampered,static,4,2,2,qaoa
tampered_qaoa_static_v1_000232,benign_qaoa_v1_000232,qaoa,tampered,static,3,2,3,qaoa
tampered_qaoa_static_v1_000233,benign_qaoa_v1_000233,qaoa,tampered,static,3,4,4,qaoa
tampered_qaoa_static_v1_000234,benign_qaoa_v1_000234,qaoa,tampered,static,3,1,0,qaoa
tampered_qaoa_static_v1_000235,benign_qaoa_v1_000235,qaoa,tampered,static,2,4,2,qaoa
tampered_qaoa_static_v1_000236,benign_qaoa_v1_000236,qaoa,tampered,static,0,3,3,qaoa
tampered_qaoa_static_v1_000237,benign_qaoa_v1_000237,qaoa,tampered,static,0,1,1,qaoa
tampered_qaoa_static_v1_000238,benign_qaoa_v1_000238,qaoa,tampered,static,1,2,4,qaoa
tampered_qaoa_static_v1_000239,benign_qaoa_v1_000239,qaoa,tampered,static,0,3,2,qaoa
tampered_qaoa_static_v1_000240,benign_qaoa_v1_000240,qaoa,tampered,static,4,3,3,qaoa
tampered_qaoa_static_v1_000241,benign_qaoa_v1_000241,qaoa,tampered,static,1,2,0,qaoa
tampered_qaoa_static_v1_000242,benign_qaoa_v1_000242,qaoa,tampered,static,4,1,0,qaoa
tampered_qaoa_static_v1_000243,benign_qaoa_v1_000243,qaoa,tampered,static,1,3,3,qaoa
tampered_qaoa_static_v1_000244,benign_qaoa_v1_000244,qaoa,tampered,static,2,0,0,qaoa
tampered_qaoa_static_v1_000245,benign_qaoa_v1_000245,qaoa,tampered,static,0,2,0,qaoa
tampered_qaoa_static_v1_000246,benign_qaoa_v1_000246,qaoa,tampered,static,0,4,1,qaoa
tampered_qaoa_static_v1_000247,benign_qaoa_v1_000247,qaoa,tampered,static,3,1,0,qaoa
tampered_qaoa_static_v1_000248,benign_qaoa_v1_000248,qaoa,tampered,static,1,0,0,qaoa
tampered_qaoa_static_v1_000249,benign_qaoa_v1_000249,qaoa,tampered,static,2,0,3,qaoa
tampered_qaoa_static_v1_000250,benign_qaoa_v1_000250,qaoa,tampered,static,2,2,2,qaoa
tampered_qaoa_static_v1_000251,benign_qaoa_v1_000251,qaoa,tampered,static,2,4,3,qaoa
tampered_qaoa_static_v1_000252,benign_qaoa_v1_000252,qaoa,tampered,static,3,3,0,qaoa
tampered_qaoa_static_v1_000253,benign_qaoa_v1_000253,qaoa,tampered,static,0,4,3,qaoa
tampered_qaoa_static_v1_000254,benign_qaoa_v1_000254,qaoa,tampered,static,0,4,3,qaoa
tampered_qaoa_static_v1_000255,benign_qaoa_v1_000255,qaoa,tampered,static,3,0,0,qaoa
tampered_qaoa_static_v1_000256,benign_qaoa_v1_000256,qaoa,tampered,static,3,3,4,qaoa
tampered_qaoa_static_v1_000257,benign_qaoa_v1_000257,qaoa,tampered,static,1,1,0,qaoa
tampered_qaoa_static_v1_000258,benign_qaoa_v1_000258,qaoa,tampered,static,0,0,3,qaoa
tampered_qaoa_static_v1_000259,benign_qaoa_v1_000259,qaoa,tampered,static,2,0,0,qaoa
tampered_qaoa_static_v1_000260,benign_qaoa_v1_000260,qaoa,tampered,static,3,2,1,qaoa
tampered_qaoa_static_v1_000261,benign_qaoa_v1_000261,qaoa,tampered,static,4,4,1,qaoa
tampered_qaoa_static_v1_000262,benign_qaoa_v1_000262,qaoa,tampered,static,2,3,2,qaoa
tampered_qaoa_static_v1_000263,benign_qaoa_v1_000263,qaoa,tampered,static,3,0,4,qaoa
tampered_qaoa_static_v1_000264,benign_qaoa_v1_000264,qaoa,tampered,static,1,3,2,qaoa
tampered_qaoa_static_v1_000265,benign_qaoa_v1_000265,qaoa,tampered,static,3,0,3,qaoa
tampered_qaoa_static_v1_000266,benign_qaoa_v1_000266,qaoa,tampered,static,2,3,2,qaoa
tampered_qaoa_static_v1_000267,benign_qaoa_v1_000267,qaoa,tampered,static,3,0,4,qaoa
tampered_qaoa_static_v1_000268,benign_qaoa_v1_000268,qaoa,tampered,static,4,4,1,qaoa
tampered_qaoa_static_v1_000269,benign_qaoa_v1_000269,qaoa,tampered,static,2,4,3,qaoa
tampered_qaoa_static_v1_000270,benign_qaoa_v1_000270,qaoa,tampered,static,1,2,1,qaoa
tampered_qaoa_static_v1_000271,benign_qaoa_v1_000271,qaoa,tampered,static,3,0,3,qaoa
tampered_qaoa_static_v1_000272,benign_qaoa_v1_000272,qaoa,tampered,static,3,0,4,qaoa
tampered_qaoa_static_v1_000273,benign_qaoa_v1_000273,qaoa,tampered,static,2,1,0,qaoa
tampered_qaoa_static_v1_000274,benign_qaoa_v1_000274,qaoa,tampered,static,3,4,3,qaoa
tampered_qaoa_static_v1_000275,benign_qaoa_v1_000275,qaoa,tampered,static,1,0,3,qaoa
tampered_qaoa_static_v1_000276,benign_qaoa_v1_000276,qaoa,tampered,static,2,2,1,qaoa
tampered_qaoa_static_v1_000277,benign_qaoa_v1_000277,qaoa,tampered,static,0,4,1,qaoa
tampered_qaoa_static_v1_000278,benign_qaoa_v1_000278,qaoa,tampered,static,1,4,1,qaoa
tampered_qaoa_static_v1_000279,benign_qaoa_v1_000279,qaoa,tampered,static,4,1,4,qaoa
tampered_qaoa_static_v1_000280,benign_qaoa_v1_000280,qaoa,tampered,static,3,2,4,qaoa
tampered_qaoa_static_v1_000281,benign_qaoa_v1_000281,qaoa,tampered,static,0,3,2,qaoa
tampered_qaoa_static_v1_000282,benign_qaoa_v1_000282,qaoa,tampered,static,2,0,4,qaoa
tampered_qaoa_static_v1_000283,benign_qaoa_v1_000283,qaoa,tampered,static,1,3,0,qaoa
tampered_qaoa_static_v1_000284,benign_qaoa_v1_000284,qaoa,tampered,static,4,1,4,qaoa
tampered_qaoa_static_v1_000285,benign_qaoa_v1_000285,qaoa,tampered,static,3,4,0,qaoa
tampered_qaoa_static_v1_000286,benign_qaoa_v1_000286,qaoa,tampered,static,4,0,1,qaoa
tampered_qaoa_static_v1_000287,benign_qaoa_v1_000287,qaoa,tampered,static,2,1,0,qaoa
tampered_qaoa_static_v1_000288,benign_qaoa_v1_000288,qaoa,tampered,static,0,3,3,qaoa
tampered_qaoa_static_v1_000289,benign_qaoa_v1_000289,qaoa,tampered,static,4,4,0,qaoa
tampered_qaoa_static_v1_000290,benign_qaoa_v1_000290,qaoa,tampered,static,0,4,4,qaoa
tampered_qaoa_static_v1_000291,benign_qaoa_v1_000291,qaoa,tampered,static,2,4,4,qaoa
tampered_qaoa_static_v1_000292,benign_qaoa_v1_000292,qaoa,tampered,static,3,3,4,qaoa
tampered_qaoa_static_v1_000293,benign_qaoa_v1_000293,qaoa,tampered,static,2,4,4,qaoa
tampered_qaoa_static_v1_000294,benign_qaoa_v1_000294,qaoa,tampered,static,1,0,4,qaoa
tampered_qaoa_static_v1_000295,benign_qaoa_v1_000295,qaoa,tampered,static,1,1,1,qaoa
tampered_qaoa_static_v1_000296,benign_qaoa_v1_000296,qaoa,tampered,static,4,2,4,qaoa
tampered_qaoa_static_v1_000297,benign_qaoa_v1_000297,qaoa,tampered,static,1,2,1,qaoa
tampered_qaoa_static_v1_000298,benign_qaoa_v1_000298,qaoa,tampered,static,4,2,3,qaoa
tampered_qaoa_static_v1_000299,benign_qaoa_v1_000299,qaoa,tampered,static,0,0,3,qaoa
tampered_qaoa_static_v1_000300,benign_qaoa_v1_000300,qaoa,tampered,static,4,2,1,qaoa
tampered_qaoa_static_v1_000301,benign_qaoa_v1_000301,qaoa,tampered,static,2,2,2,qaoa
tampered_qaoa_static_v1_000302,benign_qaoa_v1_000302,qaoa,tampered,static,0,3,3,qaoa
tampered_qaoa_static_v1_000303,benign_qaoa_v1_000303,qaoa,tampered,static,1,1,2,qaoa
tampered_qaoa_static_v1_000304,benign_qaoa_v1_000304,qaoa,tampered,static,4,0,4,qaoa
tampered_qaoa_static_v1_000305,benign_qaoa_v1_000305,qaoa,tampered,static,1,3,2,qaoa
tampered_qaoa_static_v1_000306,benign_qaoa_v1_000306,qaoa,tampered,static,3,4,1,qaoa
tampered_qaoa_static_v1_000307,benign_qaoa_v1_000307,qaoa,tampered,static,1,3,1,qaoa
tampered_qaoa_static_v1_000308,benign_qaoa_v1_000308,qaoa,tampered,static,1,2,2,qaoa
tampered_qaoa_static_v1_000309,benign_qaoa_v1_000309,qaoa,tampered,static,2,0,3,qaoa
tampered_qaoa_static_v1_000310,benign_qaoa_v1_000310,qaoa,tampered,static,2,0,2,qaoa
tampered_qaoa_static_v1_000311,benign_qaoa_v1_000311,qaoa,tampered,static,0,3,2,qaoa
tampered_qaoa_static_v1_000312,benign_qaoa_v1_000312,qaoa,tampered,static,4,0,2,qaoa
tampered_qaoa_static_v1_000313,benign_qaoa_v1_000313,qaoa,tampered,static,1,2,1,qaoa
tampered_qaoa_static_v1_000314,benign_qaoa_v1_000314,qaoa,tampered,static,0,1,1,qaoa
tampered_qaoa_static_v1_000315,benign_qaoa_v1_000315,qaoa,tampered,static,0,0,4,qaoa
tampered_qaoa_static_v1_000316,benign_qaoa_v1_000316,qaoa,tampered,static,2,2,4,qaoa
tampered_qaoa_static_v1_000317,benign_qaoa_v1_000317,qaoa,tampered,static,0,2,3,qaoa
tampered_qaoa_static_v1_000318,benign_qaoa_v1_000318,qaoa,tampered,static,1,3,1,qaoa
tampered_qaoa_static_v1_000319,benign_qaoa_v1_000319,qaoa,tampered,static,3,1,0,qaoa
tampered_qaoa_static_v1_000320,benign_qaoa_v1_000320,qaoa,tampered,static,4,3,1,qaoa
tampered_qaoa_static_v1_000321,benign_qaoa_v1_000321,qaoa,tampered,static,0,2,2,qaoa
tampered_qaoa_static_v1_000322,benign_qaoa_v1_000322,qaoa,tampered,static,0,2,2,qaoa
tampered_qaoa_static_v1_000323,benign_qaoa_v1_000323,qaoa,tampered,static,4,0,2,qaoa
tampered_qaoa_static_v1_000324,benign_qaoa_v1_000324,qaoa,tampered,static,4,4,1,qaoa
tampered_qaoa_static_v1_000325,benign_qaoa_v1_000325,qaoa,tampered,static,4,2,1,qaoa
tampered_qaoa_static_v1_000326,benign_qaoa_v1_000326,qaoa,tampered,static,3,0,3,qaoa
tampered_qaoa_static_v1_000327,benign_qaoa_v1_000327,qaoa,tampered,static,3,0,2,qaoa
tampered_qaoa_static_v1_000328,benign_qaoa_v1_000328,qaoa,tampered,static,1,2,2,qaoa
tampered_qaoa_static_v1_000329,benign_qaoa_v1_000329,qaoa,tampered,static,2,4,3,qaoa
tampered_qaoa_static_v1_000330,benign_qaoa_v1_000330,qaoa,tampered,static,2,3,4,qaoa
tampered_qaoa_static_v1_000331,benign_qaoa_v1_000331,qaoa,tampered,static,3,2,3,qaoa
tampered_qaoa_static_v1_000332,benign_qaoa_v1_000332,qaoa,tampered,static,3,3,1,qaoa
tampered_qaoa_static_v1_000333,benign_qaoa_v1_000333,qaoa,tampered,static,2,4,3,qaoa
tampered_qaoa_static_v1_000334,benign_qaoa_v1_000334,qaoa,tampered,static,3,2,1,qaoa
tampered_qaoa_static_v1_000335,benign_qaoa_v1_000335,qaoa,tampered,static,0,0,0,qaoa
tampered_qaoa_static_v1_000336,benign_qaoa_v1_000336,qaoa,tampered,static,2,2,2,qaoa
tampered_qaoa_static_v1_000337,benign_qaoa_v1_000337,qaoa,tampered,static,1,1,4,qaoa
tampered_qaoa_static_v1_000338,benign_qaoa_v1_000338,qaoa,tampered,static,4,3,3,qaoa
tampered_qaoa_static_v1_000339,benign_qaoa_v1_000339,qaoa,tampered,static,1,4,1,qaoa
tampered_qaoa_static_v1_000340,benign_qaoa_v1_000340,qaoa,tampered,static,2,0,1,qaoa
tampered_qaoa_static_v1_000341,benign_qaoa_v1_000341,qaoa,tampered,static,2,3,0,qaoa
tampered_qaoa_static_v1_000342,benign_qaoa_v1_000342,qaoa,tampered,static,2,4,4,qaoa
tampered_qaoa_static_v1_000343,benign_qaoa_v1_000343,qaoa,tampered,static,3,2,3,qaoa
tampered_qaoa_static_v1_000344,benign_qaoa_v1_000344,qaoa,tampered,static,0,0,2,qaoa
tampered_qaoa_static_v1_000345,benign_qaoa_v1_000345,qaoa,tampered,static,2,2,1,qaoa
tampered_qaoa_static_v1_000346,benign_qaoa_v1_000346,qaoa,tampered,static,1,4,1,qaoa
tampered_qaoa_static_v1_000347,benign_qaoa_v1_000347,qaoa,tampered,static,4,4,3,qaoa
tampered_qaoa_static_v1_000348,benign_qaoa_v1_000348,qaoa,tampered,static,0,4,3,qaoa
tampered_qaoa_static_v1_000349,benign_qaoa_v1_000349,qaoa,tampered,static,3,0,2,qaoa
tampered_qaoa_static_v1_000350,benign_qaoa_v1_000350,qaoa,tampered,static,4,0,4,qaoa
tampered_qaoa_static_v1_000351,benign_qaoa_v1_000351,qaoa,tampered,static,1,3,3,qaoa
tampered_qaoa_static_v1_000352,benign_qaoa_v1_000352,qaoa,tampered,static,3,4,0,qaoa
tampered_qaoa_static_v1_000353,benign_qaoa_v1_000353,qaoa,tampered,static,3,2,1,qaoa
tampered_qaoa_static_v1_000354,benign_qaoa_v1_000354,qaoa,tampered,static,4,1,4,qaoa
tampered_qaoa_static_v1_000355,benign_qaoa_v1_000355,qaoa,tampered,static,1,4,2,qaoa
tampered_qaoa_static_v1_000356,benign_qaoa_v1_000356,qaoa,tampered,static,1,1,4,qaoa
tampered_qaoa_static_v1_000357,benign_qaoa_v1_000357,qaoa,tampered,static,2,4,1,qaoa
tampered_qaoa_static_v1_000358,benign_qaoa_v1_000358,qaoa,tampered,static,2,3,1,qaoa
tampered_qaoa_static_v1_000359,benign_qaoa_v1_000359,qaoa,tampered,static,0,4,2,qaoa
tampered_qaoa_static_v1_000360,benign_qaoa_v1_000360,qaoa,tampered,static,2,2,0,qaoa
tampered_qaoa_static_v1_000361,benign_qaoa_v1_000361,qaoa,tampered,static,0,1,1,qaoa
tampered_qaoa_static_v1_000362,benign_qaoa_v1_000362,qaoa,tampered,static,3,4,3,qaoa
tampered_qaoa_static_v1_000363,benign_qaoa_v1_000363,qaoa,tampered,static,2,4,2,qaoa
tampered_qaoa_static_v1_000364,benign_qaoa_v1_000364,qaoa,tampered,static,3,0,1,qaoa
tampered_qaoa_static_v1_000365,benign_qaoa_v1_000365,qaoa,tampered,static,4,2,1,qaoa
tampered_qaoa_static_v1_000366,benign_qaoa_v1_000366,qaoa,tampered,static,4,3,2,qaoa
tampered_qaoa_static_v1_000367,benign_qaoa_v1_000367,qaoa,tampered,static,1,0,2,qaoa
tampered_qaoa_static_v1_000368,benign_qaoa_v1_000368,qaoa,tampered,static,2,0,3,qaoa
tampered_qaoa_static_v1_000369,benign_qaoa_v1_000369,qaoa,tampered,static,2,3,3,qaoa
tampered_qaoa_static_v1_000370,benign_qaoa_v1_000370,qaoa,tampered,static,1,1,3,qaoa
tampered_qaoa_static_v1_000371,benign_qaoa_v1_000371,qaoa,tampered,static,1,4,0,qaoa
tampered_qaoa_static_v1_000372,benign_qaoa_v1_000372,qaoa,tampered,static,3,2,2,qaoa
tampered_qaoa_static_v1_000373,benign_qaoa_v1_000373,qaoa,tampered,static,4,1,2,qaoa
tampered_qaoa_static_v1_000374,benign_qaoa_v1_000374,qaoa,tampered,static,1,1,1,qaoa
tampered_qaoa_static_v1_000375,benign_qaoa_v1_000375,qaoa,tampered,static,4,0,0,qaoa
tampered_qaoa_static_v1_000376,benign_qaoa_v1_000376,qaoa,tampered,static,3,3,2,qaoa
tampered_qaoa_static_v1_000377,benign_qaoa_v1_000377,qaoa,tampered,static,3,0,0,qaoa
tampered_qaoa_static_v1_000378,benign_qaoa_v1_000378,qaoa,tampered,static,0,0,1,qaoa
tampered_qaoa_static_v1_000379,benign_qaoa_v1_000379,qaoa,tampered,static,4,2,0,qaoa
tampered_qaoa_static_v1_000380,benign_qaoa_v1_000380,qaoa,tampered,static,4,4,4,qaoa
tampered_qaoa_static_v1_000381,benign_qaoa_v1_000381,qaoa,tampered,static,2,2,2,qaoa
tampered_qaoa_static_v1_000382,benign_qaoa_v1_000382,qaoa,tampered,static,1,2,2,qaoa
tampered_qaoa_static_v1_000383,benign_qaoa_v1_000383,qaoa,tampered,static,3,1,1,qaoa
tampered_qaoa_static_v1_000384,benign_qaoa_v1_000384,qaoa,tampered,static,2,0,1,qaoa
tampered_qaoa_static_v1_000385,benign_qaoa_v1_000385,qaoa,tampered,static,0,3,4,qaoa
tampered_qaoa_static_v1_000386,benign_qaoa_v1_000386,qaoa,tampered,static,2,2,4,qaoa
tampered_qaoa_static_v1_000387,benign_qaoa_v1_000387,qaoa,tampered,static,4,2,3,qaoa
tampered_qaoa_static_v1_000388,benign_qaoa_v1_000388,qaoa,tampered,static,3,4,3,qaoa
tampered_qaoa_static_v1_000389,benign_qaoa_v1_000389,qaoa,tampered,static,3,1,4,qaoa
tampered_qaoa_static_v1_000390,benign_qaoa_v1_000390,qaoa,tampered,static,0,0,1,qaoa
tampered_qaoa_static_v1_000391,benign_qaoa_v1_000391,qaoa,tampered,static,3,2,0,qaoa
tampered_qaoa_static_v1_000392,benign_qaoa_v1_000392,qaoa,tampered,static,4,0,0,qaoa
tampered_qaoa_static_v1_000393,benign_qaoa_v1_000393,qaoa,tampered,static,4,2,0,qaoa
tampered_qaoa_static_v1_000394,benign_qaoa_v1_000394,qaoa,tampered,static,2,1,3,qaoa
tampered_qaoa_static_v1_000395,benign_qaoa_v1_000395,qaoa,tampered,static,1,0,4,qaoa
tampered_qaoa_static_v1_000396,benign_qaoa_v1_000396,qaoa,tampered,static,2,3,2,qaoa
tampered_qaoa_static_v1_000397,benign_qaoa_v1_000397,qaoa,tampered,static,3,3,1,qaoa
tampered_qaoa_static_v1_000398,benign_qaoa_v1_000398,qaoa,tampered,static,0,2,0,qaoa
tampered_qaoa_static_v1_000399,benign_qaoa_v1_000399,qaoa,tampered,static,2,3,0,qaoa
tampered_qaoa_static_v1_000400,benign_qaoa_v1_000400,qaoa,tampered,static,3,1,1,qaoa
tampered_qaoa_static_v1_000401,benign_qaoa_v1_000401,qaoa,tampered,static,1,2,0,qaoa
tampered_qaoa_static_v1_000402,benign_qaoa_v1_000402,qaoa,tampered,static,1,4,3,qaoa
tampered_qaoa_static_v1_000403,benign_qaoa_v1_000403,qaoa,tampered,static,3,1,4,qaoa
tampered_qaoa_static_v1_000404,benign_qaoa_v1_000404,qaoa,tampered,static,3,2,0,qaoa
tampered_qaoa_static_v1_000405,benign_qaoa_v1_000405,qaoa,tampered,static,2,4,0,qaoa
tampered_qaoa_static_v1_000406,benign_qaoa_v1_000406,qaoa,tampered,static,1,1,3,qaoa
tampered_qaoa_static_v1_000407,benign_qaoa_v1_000407,qaoa,tampered,static,0,2,1,qaoa
tampered_qaoa_static_v1_000408,benign_qaoa_v1_000408,qaoa,tampered,static,2,2,0,qaoa
tampered_qaoa_static_v1_000409,benign_qaoa_v1_000409,qaoa,tampered,static,0,3,0,qaoa
tampered_qaoa_static_v1_000410,benign_qaoa_v1_000410,qaoa,tampered,static,0,3,2,qaoa
tampered_qaoa_static_v1_000411,benign_qaoa_v1_000411,qaoa,tampered,static,4,4,0,qaoa
tampered_qaoa_static_v1_000412,benign_qaoa_v1_000412,qaoa,tampered,static,2,0,0,qaoa
tampered_qaoa_static_v1_000413,benign_qaoa_v1_000413,qaoa,tampered,static,3,3,0,qaoa
tampered_qaoa_static_v1_000414,benign_qaoa_v1_000414,qaoa,tampered,static,2,3,3,qaoa
tampered_qaoa_static_v1_000415,benign_qaoa_v1_000415,qaoa,tampered,static,3,2,4,qaoa
tampered_qaoa_static_v1_000416,benign_qaoa_v1_000416,qaoa,tampered,static,4,2,3,qaoa
tampered_qaoa_static_v1_000417,benign_qaoa_v1_000417,qaoa,tampered,static,1,2,0,qaoa
tampered_qaoa_static_v1_000418,benign_qaoa_v1_000418,qaoa,tampered,static,3,0,1,qaoa
tampered_qaoa_static_v1_000419,benign_qaoa_v1_000419,qaoa,tampered,static,0,3,1,qaoa
tampered_qaoa_static_v1_000420,benign_qaoa_v1_000420,qaoa,tampered,static,4,0,1,qaoa
tampered_qaoa_static_v1_000421,benign_qaoa_v1_000421,qaoa,tampered,static,0,1,1,qaoa
tampered_qaoa_static_v1_000422,benign_qaoa_v1_000422,qaoa,tampered,static,0,2,3,qaoa
tampered_qaoa_static_v1_000423,benign_qaoa_v1_000423,qaoa,tampered,static,2,0,4,qaoa
tampered_qaoa_static_v1_000424,benign_qaoa_v1_000424,qaoa,tampered,static,1,3,3,qaoa
tampered_qaoa_static_v1_000425,benign_qaoa_v1_000425,qaoa,tampered,static,2,3,0,qaoa
tampered_qaoa_static_v1_000426,benign_qaoa_v1_000426,qaoa,tampered,static,4,4,0,qaoa
tampered_qaoa_static_v1_000427,benign_qaoa_v1_000427,qaoa,tampered,static,2,1,4,qaoa
tampered_qaoa_static_v1_000428,benign_qaoa_v1_000428,qaoa,tampered,static,1,0,0,qaoa
tampered_qaoa_static_v1_000429,benign_qaoa_v1_000429,qaoa,tampered,static,3,3,2,qaoa
tampered_qaoa_static_v1_000430,benign_qaoa_v1_000430,qaoa,tampered,static,2,0,1,qaoa
tampered_qaoa_static_v1_000431,benign_qaoa_v1_000431,qaoa,tampered,static,4,2,1,qaoa
tampered_qaoa_static_v1_000432,benign_qaoa_v1_000432,qaoa,tampered,static,3,1,1,qaoa
tampered_qaoa_static_v1_000433,benign_qaoa_v1_000433,qaoa,tampered,static,2,1,1,qaoa
tampered_qaoa_static_v1_000434,benign_qaoa_v1_000434,qaoa,tampered,static,0,4,0,qaoa
tampered_qaoa_static_v1_000435,benign_qaoa_v1_000435,qaoa,tampered,static,1,0,3,qaoa
tampered_qaoa_static_v1_000436,benign_qaoa_v1_000436,qaoa,tampered,static,1,1,2,qaoa
tampered_qaoa_static_v1_000437,benign_qaoa_v1_000437,qaoa,tampered,static,1,3,3,qaoa
tampered_qaoa_static_v1_000438,benign_qaoa_v1_000438,qaoa,tampered,static,0,1,3,qaoa
tampered_qaoa_static_v1_000439,benign_qaoa_v1_000439,qaoa,tampered,static,1,4,4,qaoa
tampered_qaoa_static_v1_000440,benign_qaoa_v1_000440,qaoa,tampered,static,4,2,3,qaoa
tampered_qaoa_static_v1_000441,benign_qaoa_v1_000441,qaoa,tampered,static,0,3,2,qaoa
tampered_qaoa_static_v1_000442,benign_qaoa_v1_000442,qaoa,tampered,static,2,4,2,qaoa
tampered_qaoa_static_v1_000443,benign_qaoa_v1_000443,qaoa,tampered,static,0,0,1,qaoa
tampered_qaoa_static_v1_000444,benign_qaoa_v1_000444,qaoa,tampered,static,3,3,3,qaoa
tampered_qaoa_static_v1_000445,benign_qaoa_v1_000445,qaoa,tampered,static,2,3,2,qaoa
tampered_qaoa_static_v1_000446,benign_qaoa_v1_000446,qaoa,tampered,static,3,3,2,qaoa
tampered_qaoa_static_v1_000447,benign_qaoa_v1_000447,qaoa,tampered,static,4,4,2,qaoa
tampered_qaoa_static_v1_000448,benign_qaoa_v1_000448,qaoa,tampered,static,2,3,4,qaoa
tampered_qaoa_static_v1_000449,benign_qaoa_v1_000449,qaoa,tampered,static,4,4,0,qaoa
tampered_qaoa_static_v1_000450,benign_qaoa_v1_000450,qaoa,tampered,static,2,4,0,qaoa
tampered_qaoa_static_v1_000451,benign_qaoa_v1_000451,qaoa,tampered,static,3,1,2,qaoa
tampered_qaoa_static_v1_000452,benign_qaoa_v1_000452,qaoa,tampered,static,0,3,4,qaoa
tampered_qaoa_static_v1_000453,benign_qaoa_v1_000453,qaoa,tampered,static,2,2,4,qaoa
tampered_qaoa_static_v1_000454,benign_qaoa_v1_000454,qaoa,tampered,static,4,0,4,qaoa
tampered_qaoa_static_v1_000455,benign_qaoa_v1_000455,qaoa,tampered,static,0,3,4,qaoa
tampered_qaoa_static_v1_000456,benign_qaoa_v1_000456,qaoa,tampered,static,4,3,2,qaoa
tampered_qaoa_static_v1_000457,benign_qaoa_v1_000457,qaoa,tampered,static,4,1,1,qaoa
tampered_qaoa_static_v1_000458,benign_qaoa_v1_000458,qaoa,tampered,static,1,4,2,qaoa
tampered_qaoa_static_v1_000459,benign_qaoa_v1_000459,qaoa,tampered,static,1,1,0,qaoa
tampered_qaoa_static_v1_000460,benign_qaoa_v1_000460,qaoa,tampered,static,4,3,0,qaoa
tampered_qaoa_static_v1_000461,benign_qaoa_v1_000461,qaoa,tampered,static,0,1,3,qaoa
tampered_qaoa_static_v1_000462,benign_qaoa_v1_000462,qaoa,tampered,static,0,0,0,qaoa
tampered_qaoa_static_v1_000463,benign_qaoa_v1_000463,qaoa,tampered,static,1,0,3,qaoa
tampered_qaoa_static_v1_000464,benign_qaoa_v1_000464,qaoa,tampered,static,4,2,3,qaoa
tampered_qaoa_static_v1_000465,benign_qaoa_v1_000465,qaoa,tampered,static,2,0,1,qaoa
tampered_qaoa_static_v1_000466,benign_qaoa_v1_000466,qaoa,tampered,static,1,2,2,qaoa
tampered_qaoa_static_v1_000467,benign_qaoa_v1_000467,qaoa,tampered,static,1,4,0,qaoa
tampered_qaoa_static_v1_000468,benign_qaoa_v1_000468,qaoa,tampered,static,2,2,4,qaoa
tampered_qaoa_static_v1_000469,benign_qaoa_v1_000469,qaoa,tampered,static,3,3,1,qaoa
tampered_qaoa_static_v1_000470,benign_qaoa_v1_000470,qaoa,tampered,static,0,0,3,qaoa
tampered_qaoa_static_v1_000471,benign_qaoa_v1_000471,qaoa,tampered,static,1,3,4,qaoa
tampered_qaoa_static_v1_000472,benign_qaoa_v1_000472,qaoa,tampered,static,3,1,3,qaoa
tampered_qaoa_static_v1_000473,benign_qaoa_v1_000473,qaoa,tampered,static,1,4,3,qaoa
tampered_qaoa_static_v1_000474,benign_qaoa_v1_000474,qaoa,tampered,static,1,1,2,qaoa
tampered_qaoa_static_v1_000475,benign_qaoa_v1_000475,qaoa,tampered,static,1,1,2,qaoa
tampered_qaoa_static_v1_000476,benign_qaoa_v1_000476,qaoa,tampered,static,1,3,4,qaoa
tampered_qaoa_static_v1_000477,benign_qaoa_v1_000477,qaoa,tampered,static,4,3,2,qaoa
tampered_qaoa_static_v1_000478,benign_qaoa_v1_000478,qaoa,tampered,static,2,2,0,qaoa
tampered_qaoa_static_v1_000479,benign_qaoa_v1_000479,qaoa,tampered,static,1,4,0,qaoa
tampered_qaoa_static_v1_000480,benign_qaoa_v1_000480,qaoa,tampered,static,3,2,3,qaoa
tampered_qaoa_static_v1_000481,benign_qaoa_v1_000481,qaoa,tampered,static,0,4,3,qaoa
tampered_qaoa_static_v1_000482,benign_qaoa_v1_000482,qaoa,tampered,static,4,0,4,qaoa
tampered_qaoa_static_v1_000483,benign_qaoa_v1_000483,qaoa,tampered,static,3,2,3,qaoa
tampered_qaoa_static_v1_000484,benign_qaoa_v1_000484,qaoa,tampered,static,4,1,0,qaoa
tampered_qaoa_static_v1_000485,benign_qaoa_v1_000485,qaoa,tampered,static,4,3,2,qaoa
tampered_qaoa_static_v1_000486,benign_qaoa_v1_000486,qaoa,tampered,static,3,1,3,qaoa
tampered_qaoa_static_v1_000487,benign_qaoa_v1_000487,qaoa,tampered,static,3,4,0,qaoa
tampered_qaoa_static_v1_000488,benign_qaoa_v1_000488,qaoa,tampered,static,2,2,3,qaoa
tampered_qaoa_static_v1_000489,benign_qaoa_v1_000489,qaoa,tampered,static,3,1,1,qaoa
tampered_qaoa_static_v1_000490,benign_qaoa_v1_000490,qaoa,tampered,static,4,1,3,qaoa
tampered_qaoa_static_v1_000491,benign_qaoa_v1_000491,qaoa,tampered,static,2,4,2,qaoa
tampered_qaoa_static_v1_000492,benign_qaoa_v1_000492,qaoa,tampered,static,2,3,1,qaoa
tampered_qaoa_static_v1_000493,benign_qaoa_v1_000493,qaoa,tampered,static,0,2,4,qaoa
tampered_qaoa_static_v1_000494,benign_qaoa_v1_000494,qaoa,tampered,static,1,3,1,qaoa
tampered_qaoa_static_v1_000495,benign_qaoa_v1_000495,qaoa,tampered,static,0,0,1,qaoa
tampered_qaoa_static_v1_000496,benign_qaoa_v1_000496,qaoa,tampered,static,1,0,4,qaoa
tampered_qaoa_static_v1_000497,benign_qaoa_v1_000497,qaoa,tampered,static,2,4,3,qaoa
tampered_qaoa_static_v1_000498,benign_qaoa_v1_000498,qaoa,tampered,static,4,1,2,qaoa
tampered_qaoa_static_v1_000499,benign_qaoa_v1_000499,qaoa,tampered,static,0,4,0,qaoa
tampered_qaoa_static_v1_000500,benign_qaoa_v1_000500,qaoa,tampered,static,1,0,3,qaoa
tampered_qaoa_static_v1_000501,benign_qaoa_v1_000501,qaoa,tampered,static,2,2,0,qaoa
tampered_qaoa_static_v1_000502,benign_qaoa_v1_000502,qaoa,tampered,static,3,1,2,qaoa
tampered_qaoa_static_v1_000503,benign_qaoa_v1_000503,qaoa,tampered,static,0,4,3,qaoa
tampered_qaoa_static_v1_000504,benign_qaoa_v1_000504,qaoa,tampered,static,4,3,2,qaoa
tampered_qaoa_static_v1_000505,benign_qaoa_v1_000505,qaoa,tampered,static,4,1,2,qaoa
tampered_qaoa_static_v1_000506,benign_qaoa_v1_000506,qaoa,tampered,static,0,4,2,qaoa
tampered_qaoa_static_v1_000507,benign_qaoa_v1_000507,qaoa,tampered,static,3,1,0,qaoa
tampered_qaoa_static_v1_000508,benign_qaoa_v1_000508,qaoa,tampered,static,1,3,0,qaoa
tampered_qaoa_static_v1_000509,benign_qaoa_v1_000509,qaoa,tampered,static,2,3,4,qaoa
tampered_qaoa_static_v1_000510,benign_qaoa_v1_000510,qaoa,tampered,static,0,0,3,qaoa
tampered_qaoa_static_v1_000511,benign_qaoa_v1_000511,qaoa,tampered,static,1,3,4,qaoa
tampered_qaoa_static_v1_000512,benign_qaoa_v1_000512,qaoa,tampered,static,2,4,2,qaoa
tampered_qaoa_static_v1_000513,benign_qaoa_v1_000513,qaoa,tampered,static,0,1,4,qaoa
tampered_qaoa_static_v1_000514,benign_qaoa_v1_000514,qaoa,tampered,static,4,1,1,qaoa
tampered_qaoa_static_v1_000515,benign_qaoa_v1_000515,qaoa,tampered,static,4,4,3,qaoa
tampered_qaoa_static_v1_000516,benign_qaoa_v1_000516,qaoa,tampered,static,2,2,1,qaoa
tampered_qaoa_static_v1_000517,benign_qaoa_v1_000517,qaoa,tampered,static,1,4,4,qaoa
tampered_qaoa_static_v1_000518,benign_qaoa_v1_000518,qaoa,tampered,static,2,4,1,qaoa
tampered_qaoa_static_v1_000519,benign_qaoa_v1_000519,qaoa,tampered,static,3,3,2,qaoa
tampered_qaoa_static_v1_000520,benign_qaoa_v1_000520,qaoa,tampered,static,0,3,1,qaoa
tampered_qaoa_static_v1_000521,benign_qaoa_v1_000521,qaoa,tampered,static,0,1,4,qaoa
tampered_qaoa_static_v1_000522,benign_qaoa_v1_000522,qaoa,tampered,static,3,2,4,qaoa
tampered_qaoa_static_v1_000523,benign_qaoa_v1_000523,qaoa,tampered,static,2,4,2,qaoa
tampered_qaoa_static_v1_000524,benign_qaoa_v1_000524,qaoa,tampered,static,0,4,1,qaoa
tampered_qaoa_static_v1_000525,benign_qaoa_v1_000525,qaoa,tampered,static,2,4,4,qaoa
tampered_qaoa_static_v1_000526,benign_qaoa_v1_000526,qaoa,tampered,static,4,4,4,qaoa
tampered_qaoa_static_v1_000527,benign_qaoa_v1_000527,qaoa,tampered,static,4,2,0,qaoa
tampered_qaoa_static_v1_000528,benign_qaoa_v1_000528,qaoa,tampered,static,0,2,0,qaoa
tampered_qaoa_static_v1_000529,benign_qaoa_v1_000529,qaoa,tampered,static,0,1,4,qaoa
tampered_qaoa_static_v1_000530,benign_qaoa_v1_000530,qaoa,tampered,static,0,2,0,qaoa
tampered_qaoa_static_v1_000531,benign_qaoa_v1_000531,qaoa,tampered,static,4,1,1,qaoa
tampered_qaoa_static_v1_000532,benign_qaoa_v1_000532,qaoa,tampered,static,3,0,4,qaoa
tampered_qaoa_static_v1_000533,benign_qaoa_v1_000533,qaoa,tampered,static,1,3,2,qaoa
tampered_qaoa_static_v1_000534,benign_qaoa_v1_000534,qaoa,tampered,static,1,4,3,qaoa
tampered_qaoa_static_v1_000535,benign_qaoa_v1_000535,qaoa,tampered,static,4,3,4,qaoa
tampered_qaoa_static_v1_000536,benign_qaoa_v1_000536,qaoa,tampered,static,1,0,2,qaoa
tampered_qaoa_static_v1_000537,benign_qaoa_v1_000537,qaoa,tampered,static,4,3,2,qaoa
tampered_qaoa_static_v1_000538,benign_qaoa_v1_000538,qaoa,tampered,static,3,2,4,qaoa
tampered_qaoa_static_v1_000539,benign_qaoa_v1_000539,qaoa,tampered,static,2,2,0,qaoa
tampered_qaoa_static_v1_000540,benign_qaoa_v1_000540,qaoa,tampered,static,4,3,2,qaoa
tampered_qaoa_static_v1_000541,benign_qaoa_v1_000541,qaoa,tampered,static,3,4,3,qaoa
tampered_qaoa_static_v1_000542,benign_qaoa_v1_000542,qaoa,tampered,static,2,3,1,qaoa
tampered_qaoa_static_v1_000543,benign_qaoa_v1_000543,qaoa,tampered,static,0,4,2,qaoa
tampered_qaoa_static_v1_000544,benign_qaoa_v1_000544,qaoa,tampered,static,4,2,0,qaoa
tampered_qaoa_static_v1_000545,benign_qaoa_v1_000545,qaoa,tampered,static,4,2,4,qaoa
tampered_qaoa_static_v1_000546,benign_qaoa_v1_000546,qaoa,tampered,static,1,2,4,qaoa
tampered_qaoa_static_v1_000547,benign_qaoa_v1_000547,qaoa,tampered,static,2,4,4,qaoa
tampered_qaoa_static_v1_000548,benign_qaoa_v1_000548,qaoa,tampered,static,0,0,2,qaoa
tampered_qaoa_static_v1_000549,benign_qaoa_v1_000549,qaoa,tampered,static,0,4,4,qaoa
tampered_qaoa_static_v1_000550,benign_qaoa_v1_000550,qaoa,tampered,static,4,2,4,qaoa
tampered_qaoa_static_v1_000551,benign_qaoa_v1_000551,qaoa,tampered,static,4,1,4,qaoa
tampered_qaoa_static_v1_000552,benign_qaoa_v1_000552,qaoa,tampered,static,3,3,1,qaoa
tampered_qaoa_static_v1_000553,benign_qaoa_v1_000553,qaoa,tampered,static,0,3,0,qaoa
tampered_qaoa_static_v1_000554,benign_qaoa_v1_000554,qaoa,tampered,static,2,0,4,qaoa
tampered_qaoa_static_v1_000555,benign_qaoa_v1_000555,qaoa,tampered,static,1,4,0,qaoa
tampered_qaoa_static_v1_000556,benign_qaoa_v1_000556,qaoa,tampered,static,3,3,4,qaoa
tampered_qaoa_static_v1_000557,benign_qaoa_v1_000557,qaoa,tampered,static,3,3,1,qaoa
tampered_qaoa_static_v1_000558,benign_qaoa_v1_000558,qaoa,tampered,static,0,3,1,qaoa
tampered_qaoa_static_v1_000559,benign_qaoa_v1_000559,qaoa,tampered,static,4,1,2,qaoa
tampered_qaoa_static_v1_000560,benign_qaoa_v1_000560,qaoa,tampered,static,2,0,1,qaoa
tampered_qaoa_static_v1_000561,benign_qaoa_v1_000561,qaoa,tampered,static,0,3,1,qaoa
tampered_qaoa_static_v1_000562,benign_qaoa_v1_000562,qaoa,tampered,static,3,1,0,qaoa
tampered_qaoa_static_v1_000563,benign_qaoa_v1_000563,qaoa,tampered,static,4,1,4,qaoa
tampered_qaoa_static_v1_000564,benign_qaoa_v1_000564,qaoa,tampered,static,4,0,4,qaoa
tampered_qaoa_static_v1_000565,benign_qaoa_v1_000565,qaoa,tampered,static,4,4,1,qaoa
tampered_qaoa_static_v1_000566,benign_qaoa_v1_000566,qaoa,tampered,static,4,2,2,qaoa
tampered_qaoa_static_v1_000567,benign_qaoa_v1_000567,qaoa,tampered,static,2,2,3,qaoa
tampered_qaoa_static_v1_000568,benign_qaoa_v1_000568,qaoa,tampered,static,1,1,0,qaoa
tampered_qaoa_static_v1_000569,benign_qaoa_v1_000569,qaoa,tampered,static,4,4,0,qaoa
tampered_qaoa_static_v1_000570,benign_qaoa_v1_000570,qaoa,tampered,static,3,3,2,qaoa
tampered_qaoa_static_v1_000571,benign_qaoa_v1_000571,qaoa,tampered,static,3,1,4,qaoa
tampered_qaoa_static_v1_000572,benign_qaoa_v1_000572,qaoa,tampered,static,0,0,0,qaoa
tampered_qaoa_static_v1_000573,benign_qaoa_v1_000573,qaoa,tampered,static,4,0,4,qaoa
tampered_qaoa_static_v1_000574,benign_qaoa_v1_000574,qaoa,tampered,static,3,0,3,qaoa
tampered_qaoa_static_v1_000575,benign_qaoa_v1_000575,qaoa,tampered,static,3,1,2,qaoa
tampered_qaoa_static_v1_000576,benign_qaoa_v1_000576,qaoa,tampered,static,2,0,4,qaoa
tampered_qaoa_static_v1_000577,benign_qaoa_v1_000577,qaoa,tampered,static,4,1,2,qaoa
tampered_qaoa_static_v1_000578,benign_qaoa_v1_000578,qaoa,tampered,static,4,0,4,qaoa
tampered_qaoa_static_v1_000579,benign_qaoa_v1_000579,qaoa,tampered,static,1,1,1,qaoa
tampered_qaoa_static_v1_000580,benign_qaoa_v1_000580,qaoa,tampered,static,0,1,0,qaoa
tampered_qaoa_static_v1_000581,benign_qaoa_v1_000581,qaoa,tampered,static,0,0,2,qaoa
tampered_qaoa_static_v1_000582,benign_qaoa_v1_000582,qaoa,tampered,static,4,0,4,qaoa
tampered_qaoa_static_v1_000583,benign_qaoa_v1_000583,qaoa,tampered,static,0,0,2,qaoa
tampered_qaoa_static_v1_000584,benign_qaoa_v1_000584,qaoa,tampered,static,2,0,1,qaoa
tampered_qaoa_static_v1_000585,benign_qaoa_v1_000585,qaoa,tampered,static,4,1,0,qaoa
tampered_qaoa_static_v1_000586,benign_qaoa_v1_000586,qaoa,tampered,static,4,2,3,qaoa
tampered_qaoa_static_v1_000587,benign_qaoa_v1_000587,qaoa,tampered,static,0,3,0,qaoa
tampered_qaoa_static_v1_000588,benign_qaoa_v1_000588,qaoa,tampered,static,2,3,3,qaoa
tampered_qaoa_static_v1_000589,benign_qaoa_v1_000589,qaoa,tampered,static,3,4,4,qaoa
tampered_qaoa_static_v1_000590,benign_qaoa_v1_000590,qaoa,tampered,static,0,2,1,qaoa
tampered_qaoa_static_v1_000591,benign_qaoa_v1_000591,qaoa,tampered,static,4,3,0,qaoa
tampered_qaoa_static_v1_000592,benign_qaoa_v1_000592,qaoa,tampered,static,1,4,0,qaoa
tampered_qaoa_static_v1_000593,benign_qaoa_v1_000593,qaoa,tampered,static,2,2,0,qaoa
tampered_qaoa_static_v1_000594,benign_qaoa_v1_000594,qaoa,tampered,static,0,3,1,qaoa
tampered_qaoa_static_v1_000595,benign_qaoa_v1_000595,qaoa,tampered,static,2,2,4,qaoa
tampered_qaoa_static_v1_000596,benign_qaoa_v1_000596,qaoa,tampered,static,3,3,1,qaoa
tampered_qaoa_static_v1_000597,benign_qaoa_v1_000597,qaoa,tampered,static,0,3,3,qaoa
tampered_qaoa_static_v1_000598,benign_qaoa_v1_000598,qaoa,tampered,static,1,3,2,qaoa
tampered_qaoa_static_v1_000599,benign_qaoa_v1_000599,qaoa,tampered,static,4,3,1,qaoa
tampered_qaoa_triggered_v1_000000,benign_qaoa_v1_000000,qaoa,tampered,triggered,1,3,0,qaoa
tampered_qaoa_triggered_v1_000001,benign_qaoa_v1_000001,qaoa,tampered,triggered,0,4,0,qaoa
tampered_qaoa_triggered_v1_000002,benign_qaoa_v1_000002,qaoa,tampered,triggered,1,4,3,qaoa
tampered_qaoa_triggered_v1_000003,benign_qaoa_v1_000003,qaoa,tampered,triggered,4,1,0,qaoa
tampered_qaoa_triggered_v1_000004,benign_qaoa_v1_000004,qaoa,tampered,triggered,1,3,4,qaoa
tampered_qaoa_triggered_v1_000005,benign_qaoa_v1_000005,qaoa,tampered,triggered,3,3,2,qaoa
tampered_qaoa_triggered_v1_000006,benign_qaoa_v1_000006,qaoa,tampered,triggered,3,0,3,qaoa
tampered_qaoa_triggered_v1_000007,benign_qaoa_v1_000007,qaoa,tampered,triggered,2,1,1,qaoa
tampered_qaoa_triggered_v1_000008,benign_qaoa_v1_000008,qaoa,tampered,triggered,4,3,3,qaoa
tampered_qaoa_triggered_v1_000009,benign_qaoa_v1_000009,qaoa,tampered,triggered,1,3,0,qaoa
tampered_qaoa_triggered_v1_000010,benign_qaoa_v1_000010,qaoa,tampered,triggered,3,3,2,qaoa
tampered_qaoa_triggered_v1_000011,benign_qaoa_v1_000011,qaoa,tampered,triggered,1,1,2,qaoa
tampered_qaoa_triggered_v1_000012,benign_qaoa_v1_000012,qaoa,tampered,triggered,3,1,3,qaoa
tampered_qaoa_triggered_v1_000013,benign_qaoa_v1_000013,qaoa,tampered,triggered,1,1,4,qaoa
tampered_qaoa_triggered_v1_000014,benign_qaoa_v1_000014,qaoa,tampered,triggered,2,0,4,qaoa
tampered_qaoa_triggered_v1_000015,benign_qaoa_v1_000015,qaoa,tampered,triggered,2,4,2,qaoa
tampered_qaoa_triggered_v1_000016,benign_qaoa_v1_000016,qaoa,tampered,triggered,0,0,2,qaoa
tampered_qaoa_triggered_v1_000017,benign_qaoa_v1_000017,qaoa,tampered,triggered,2,2,1,qaoa
tampered_qaoa_triggered_v1_000018,benign_qaoa_v1_000018,qaoa,tampered,triggered,4,4,0,qaoa
tampered_qaoa_triggered_v1_000019,benign_qaoa_v1_000019,qaoa,tampered,triggered,2,0,4,qaoa
tampered_qaoa_triggered_v1_000020,benign_qaoa_v1_000020,qaoa,tampered,triggered,3,3,1,qaoa
tampered_qaoa_triggered_v1_000021,benign_qaoa_v1_000021,qaoa,tampered,triggered,2,0,4,qaoa
tampered_qaoa_triggered_v1_000022,benign_qaoa_v1_000022,qaoa,tampered,triggered,4,4,3,qaoa
tampered_qaoa_triggered_v1_000023,benign_qaoa_v1_000023,qaoa,tampered,triggered,3,3,2,qaoa
tampered_qaoa_triggered_v1_000024,benign_qaoa_v1_000024,qaoa,tampered,triggered,3,3,0,qaoa
tampered_qaoa_triggered_v1_000025,benign_qaoa_v1_000025,qaoa,tampered,triggered,1,1,1,qaoa
tampered_qaoa_triggered_v1_000026,benign_qaoa_v1_000026,qaoa,tampered,triggered,4,0,2,qaoa
tampered_qaoa_triggered_v1_000027,benign_qaoa_v1_000027,qaoa,tampered,triggered,3,2,3,qaoa
tampered_qaoa_triggered_v1_000028,benign_qaoa_v1_000028,qaoa,tampered,triggered,0,4,4,qaoa
tampered_qaoa_triggered_v1_000029,benign_qaoa_v1_000029,qaoa,tampered,triggered,4,1,4,qaoa
tampered_qaoa_triggered_v1_000030,benign_qaoa_v1_000030,qaoa,tampered,triggered,4,1,4,qaoa
tampered_qaoa_triggered_v1_000031,benign_qaoa_v1_000031,qaoa,tampered,triggered,4,4,2,qaoa
tampered_qaoa_triggered_v1_000032,benign_qaoa_v1_000032,qaoa,tampered,triggered,0,1,3,qaoa
tampered_qaoa_triggered_v1_000033,benign_qaoa_v1_000033,qaoa,tampered,triggered,1,4,3,qaoa
tampered_qaoa_triggered_v1_000034,benign_qaoa_v1_000034,qaoa,tampered,triggered,3,2,2,qaoa
tampered_qaoa_triggered_v1_000035,benign_qaoa_v1_000035,qaoa,tampered,triggered,1,1,3,qaoa
tampered_qaoa_triggered_v1_000036,benign_qaoa_v1_000036,qaoa,tampered,triggered,4,0,4,qaoa
tampered_qaoa_triggered_v1_000037,benign_qaoa_v1_000037,qaoa,tampered,triggered,2,1,2,qaoa
tampered_qaoa_triggered_v1_000038,benign_qaoa_v1_000038,qaoa,tampered,triggered,3,4,4,qaoa
tampered_qaoa_triggered_v1_000039,benign_qaoa_v1_000039,qaoa,tampered,triggered,3,0,1,qaoa
tampered_qaoa_triggered_v1_000040,benign_qaoa_v1_000040,qaoa,tampered,triggered,1,3,2,qaoa
tampered_qaoa_triggered_v1_000041,benign_qaoa_v1_000041,qaoa,tampered,triggered,3,2,2,qaoa
tampered_qaoa_triggered_v1_000042,benign_qaoa_v1_000042,qaoa,tampered,triggered,3,3,2,qaoa
tampered_qaoa_triggered_v1_000043,benign_qaoa_v1_000043,qaoa,tampered,triggered,4,2,1,qaoa
tampered_qaoa_triggered_v1_000044,benign_qaoa_v1_000044,qaoa,tampered,triggered,1,2,4,qaoa
tampered_qaoa_triggered_v1_000045,benign_qaoa_v1_000045,qaoa,tampered,triggered,1,1,2,qaoa
tampered_qaoa_triggered_v1_000046,benign_qaoa_v1_000046,qaoa,tampered,triggered,4,4,1,qaoa
tampered_qaoa_triggered_v1_000047,benign_qaoa_v1_000047,qaoa,tampered,triggered,2,1,1,qaoa
tampered_qaoa_triggered_v1_000048,benign_qaoa_v1_000048,qaoa,tampered,triggered,4,2,2,qaoa
tampered_qaoa_triggered_v1_000049,benign_qaoa_v1_000049,qaoa,tampered,triggered,4,2,1,qaoa
tampered_qaoa_triggered_v1_000050,benign_qaoa_v1_000050,qaoa,tampered,triggered,4,0,3,qaoa
tampered_qaoa_triggered_v1_000051,benign_qaoa_v1_000051,qaoa,tampered,triggered,3,1,3,qaoa
tampered_qaoa_triggered_v1_000052,benign_qaoa_v1_000052,qaoa,tampered,triggered,2,4,3,qaoa
tampered_qaoa_triggered_v1_000053,benign_qaoa_v1_000053,qaoa,tampered,triggered,0,4,3,qaoa
tampered_qaoa_triggered_v1_000054,benign_qaoa_v1_000054,qaoa,tampered,triggered,1,0,2,qaoa
tampered_qaoa_triggered_v1_000055,benign_qaoa_v1_000055,qaoa,tampered,triggered,3,1,2,qaoa
tampered_qaoa_triggered_v1_000056,benign_qaoa_v1_000056,qaoa,tampered,triggered,1,1,4,qaoa
tampered_qaoa_triggered_v1_000057,benign_qaoa_v1_000057,qaoa,tampered,triggered,2,1,3,qaoa
tampered_qaoa_triggered_v1_000058,benign_qaoa_v1_000058,qaoa,tampered,triggered,4,3,4,qaoa
tampered_qaoa_triggered_v1_000059,benign_qaoa_v1_000059,qaoa,tampered,triggered,0,1,0,qaoa
tampered_qaoa_triggered_v1_000060,benign_qaoa_v1_000060,qaoa,tampered,triggered,2,0,4,qaoa
tampered_qaoa_triggered_v1_000061,benign_qaoa_v1_000061,qaoa,tampered,triggered,2,1,0,qaoa
tampered_qaoa_triggered_v1_000062,benign_qaoa_v1_000062,qaoa,tampered,triggered,4,3,0,qaoa
tampered_qaoa_triggered_v1_000063,benign_qaoa_v1_000063,qaoa,tampered,triggered,3,2,2,qaoa
tampered_qaoa_triggered_v1_000064,benign_qaoa_v1_000064,qaoa,tampered,triggered,2,1,2,qaoa
tampered_qaoa_triggered_v1_000065,benign_qaoa_v1_000065,qaoa,tampered,triggered,1,1,0,qaoa
tampered_qaoa_triggered_v1_000066,benign_qaoa_v1_000066,qaoa,tampered,triggered,3,2,3,qaoa
tampered_qaoa_triggered_v1_000067,benign_qaoa_v1_000067,qaoa,tampered,triggered,3,1,4,qaoa
tampered_qaoa_triggered_v1_000068,benign_qaoa_v1_000068,qaoa,tampered,triggered,3,3,3,qaoa
tampered_qaoa_triggered_v1_000069,benign_qaoa_v1_000069,qaoa,tampered,triggered,0,2,2,qaoa
tampered_qaoa_triggered_v1_000070,benign_qaoa_v1_000070,qaoa,tampered,triggered,2,1,2,qaoa
tampered_qaoa_triggered_v1_000071,benign_qaoa_v1_000071,qaoa,tampered,triggered,3,3,2,qaoa
tampered_qaoa_triggered_v1_000072,benign_qaoa_v1_000072,qaoa,tampered,triggered,0,0,2,qaoa
tampered_qaoa_triggered_v1_000073,benign_qaoa_v1_000073,qaoa,tampered,triggered,2,3,4,qaoa
tampered_qaoa_triggered_v1_000074,benign_qaoa_v1_000074,qaoa,tampered,triggered,4,2,1,qaoa
tampered_qaoa_triggered_v1_000075,benign_qaoa_v1_000075,qaoa,tampered,triggered,4,3,1,qaoa
tampered_qaoa_triggered_v1_000076,benign_qaoa_v1_000076,qaoa,tampered,triggered,2,0,0,qaoa
tampered_qaoa_triggered_v1_000077,benign_qaoa_v1_000077,qaoa,tampered,triggered,4,3,2,qaoa
tampered_qaoa_triggered_v1_000078,benign_qaoa_v1_000078,qaoa,tampered,triggered,3,4,4,qaoa
tampered_qaoa_triggered_v1_000079,benign_qaoa_v1_000079,qaoa,tampered,triggered,0,2,4,qaoa
tampered_qaoa_triggered_v1_000080,benign_qaoa_v1_000080,qaoa,tampered,triggered,4,1,1,qaoa
tampered_qaoa_triggered_v1_000081,benign_qaoa_v1_000081,qaoa,tampered,triggered,0,0,1,qaoa
tampered_qaoa_triggered_v1_000082,benign_qaoa_v1_000082,qaoa,tampered,triggered,3,1,2,qaoa
tampered_qaoa_triggered_v1_000083,benign_qaoa_v1_000083,qaoa,tampered,triggered,0,4,0,qaoa
tampered_qaoa_triggered_v1_000084,benign_qaoa_v1_000084,qaoa,tampered,triggered,2,0,3,qaoa
tampered_qaoa_triggered_v1_000085,benign_qaoa_v1_000085,qaoa,tampered,triggered,4,1,3,qaoa
tampered_qaoa_triggered_v1_000086,benign_qaoa_v1_000086,qaoa,tampered,triggered,4,3,0,qaoa
tampered_qaoa_triggered_v1_000087,benign_qaoa_v1_000087,qaoa,tampered,triggered,0,2,2,qaoa
tampered_qaoa_triggered_v1_000088,benign_qaoa_v1_000088,qaoa,tampered,triggered,0,4,0,qaoa
tampered_qaoa_triggered_v1_000089,benign_qaoa_v1_000089,qaoa,tampered,triggered,1,1,4,qaoa
tampered_qaoa_triggered_v1_000090,benign_qaoa_v1_000090,qaoa,tampered,triggered,1,4,0,qaoa
tampered_qaoa_triggered_v1_000091,benign_qaoa_v1_000091,qaoa,tampered,triggered,4,1,2,qaoa
tampered_qaoa_triggered_v1_000092,benign_qaoa_v1_000092,qaoa,tampered,triggered,0,0,3,qaoa
tampered_qaoa_triggered_v1_000093,benign_qaoa_v1_000093,qaoa,tampered,triggered,0,0,1,qaoa
tampered_qaoa_triggered_v1_000094,benign_qaoa_v1_000094,qaoa,tampered,triggered,2,3,2,qaoa
tampered_qaoa_triggered_v1_000095,benign_qaoa_v1_000095,qaoa,tampered,triggered,2,4,0,qaoa
tampered_qaoa_triggered_v1_000096,benign_qaoa_v1_000096,qaoa,tampered,triggered,0,1,1,qaoa
tampered_qaoa_triggered_v1_000097,benign_qaoa_v1_000097,qaoa,tampered,triggered,3,0,2,qaoa
tampered_qaoa_triggered_v1_000098,benign_qaoa_v1_000098,qaoa,tampered,triggered,0,4,4,qaoa
tampered_qaoa_triggered_v1_000099,benign_qaoa_v1_000099,qaoa,tampered,triggered,2,2,2,qaoa
tampered_qaoa_triggered_v1_000100,benign_qaoa_v1_000100,qaoa,tampered,triggered,3,2,3,qaoa
tampered_qaoa_triggered_v1_000101,benign_qaoa_v1_000101,qaoa,tampered,triggered,2,2,3,qaoa
tampered_qaoa_triggered_v1_000102,benign_qaoa_v1_000102,qaoa,tampered,triggered,3,1,3,qaoa
tampered_qaoa_triggered_v1_000103,benign_qaoa_v1_000103,qaoa,tampered,triggered,4,0,0,qaoa
tampered_qaoa_triggered_v1_000104,benign_qaoa_v1_000104,qaoa,tampered,triggered,3,0,4,qaoa
tampered_qaoa_triggered_v1_000105,benign_qaoa_v1_000105,qaoa,tampered,triggered,4,2,0,qaoa
tampered_qaoa_triggered_v1_000106,benign_qaoa_v1_000106,qaoa,tampered,triggered,1,0,1,qaoa
tampered_qaoa_triggered_v1_000107,benign_qaoa_v1_000107,qaoa,tampered,triggered,0,4,4,qaoa
tampered_qaoa_triggered_v1_000108,benign_qaoa_v1_000108,qaoa,tampered,triggered,1,4,1,qaoa
tampered_qaoa_triggered_v1_000109,benign_qaoa_v1_000109,qaoa,tampered,triggered,0,0,0,qaoa
tampered_qaoa_triggered_v1_000110,benign_qaoa_v1_000110,qaoa,tampered,triggered,4,1,1,qaoa
tampered_qaoa_triggered_v1_000111,benign_qaoa_v1_000111,qaoa,tampered,triggered,1,3,4,qaoa
tampered_qaoa_triggered_v1_000112,benign_qaoa_v1_000112,qaoa,tampered,triggered,3,1,4,qaoa
tampered_qaoa_triggered_v1_000113,benign_qaoa_v1_000113,qaoa,tampered,triggered,2,3,2,qaoa
tampered_qaoa_triggered_v1_000114,benign_qaoa_v1_000114,qaoa,tampered,triggered,1,3,3,qaoa
tampered_qaoa_triggered_v1_000115,benign_qaoa_v1_000115,qaoa,tampered,triggered,1,2,1,qaoa
tampered_qaoa_triggered_v1_000116,benign_qaoa_v1_000116,qaoa,tampered,triggered,0,2,4,qaoa
tampered_qaoa_triggered_v1_000117,benign_qaoa_v1_000117,qaoa,tampered,triggered,3,4,0,qaoa
tampered_qaoa_triggered_v1_000118,benign_qaoa_v1_000118,qaoa,tampered,triggered,4,1,3,qaoa
tampered_qaoa_triggered_v1_000119,benign_qaoa_v1_000119,qaoa,tampered,triggered,0,0,1,qaoa
tampered_qaoa_triggered_v1_000120,benign_qaoa_v1_000120,qaoa,tampered,triggered,4,4,3,qaoa
tampered_qaoa_triggered_v1_000121,benign_qaoa_v1_000121,qaoa,tampered,triggered,0,2,1,qaoa
tampered_qaoa_triggered_v1_000122,benign_qaoa_v1_000122,qaoa,tampered,triggered,4,0,2,qaoa
tampered_qaoa_triggered_v1_000123,benign_qaoa_v1_000123,qaoa,tampered,triggered,0,0,3,qaoa
tampered_qaoa_triggered_v1_000124,benign_qaoa_v1_000124,qaoa,tampered,triggered,3,2,0,qaoa
tampered_qaoa_triggered_v1_000125,benign_qaoa_v1_000125,qaoa,tampered,triggered,2,0,0,qaoa
tampered_qaoa_triggered_v1_000126,benign_qaoa_v1_000126,qaoa,tampered,triggered,3,1,3,qaoa
tampered_qaoa_triggered_v1_000127,benign_qaoa_v1_000127,qaoa,tampered,triggered,0,4,3,qaoa
tampered_qaoa_triggered_v1_000128,benign_qaoa_v1_000128,qaoa,tampered,triggered,0,4,2,qaoa
tampered_qaoa_triggered_v1_000129,benign_qaoa_v1_000129,qaoa,tampered,triggered,1,1,2,qaoa
tampered_qaoa_triggered_v1_000130,benign_qaoa_v1_000130,qaoa,tampered,triggered,2,0,1,qaoa
tampered_qaoa_triggered_v1_000131,benign_qaoa_v1_000131,qaoa,tampered,triggered,4,0,0,qaoa
tampered_qaoa_triggered_v1_000132,benign_qaoa_v1_000132,qaoa,tampered,triggered,2,4,0,qaoa
tampered_qaoa_triggered_v1_000133,benign_qaoa_v1_000133,qaoa,tampered,triggered,1,1,1,qaoa
tampered_qaoa_triggered_v1_000134,benign_qaoa_v1_000134,qaoa,tampered,triggered,0,0,1,qaoa
tampered_qaoa_triggered_v1_000135,benign_qaoa_v1_000135,qaoa,tampered,triggered,2,0,0,qaoa
tampered_qaoa_triggered_v1_000136,benign_qaoa_v1_000136,qaoa,tampered,triggered,0,0,4,qaoa
tampered_qaoa_triggered_v1_000137,benign_qaoa_v1_000137,qaoa,tampered,triggered,2,3,4,qaoa
tampered_qaoa_triggered_v1_000138,benign_qaoa_v1_000138,qaoa,tampered,triggered,1,0,0,qaoa
tampered_qaoa_triggered_v1_000139,benign_qaoa_v1_000139,qaoa,tampered,triggered,1,3,4,qaoa
tampered_qaoa_triggered_v1_000140,benign_qaoa_v1_000140,qaoa,tampered,triggered,3,2,0,qaoa
tampered_qaoa_triggered_v1_000141,benign_qaoa_v1_000141,qaoa,tampered,triggered,0,1,3,qaoa
tampered_qaoa_triggered_v1_000142,benign_qaoa_v1_000142,qaoa,tampered,triggered,1,2,3,qaoa
tampered_qaoa_triggered_v1_000143,benign_qaoa_v1_000143,qaoa,tampered,triggered,1,0,4,qaoa
tampered_qaoa_triggered_v1_000144,benign_qaoa_v1_000144,qaoa,tampered,triggered,2,2,1,qaoa
tampered_qaoa_triggered_v1_000145,benign_qaoa_v1_000145,qaoa,tampered,triggered,2,1,0,qaoa
tampered_qaoa_triggered_v1_000146,benign_qaoa_v1_000146,qaoa,tampered,triggered,3,4,3,qaoa
tampered_qaoa_triggered_v1_000147,benign_qaoa_v1_000147,qaoa,tampered,triggered,1,0,3,qaoa
tampered_qaoa_triggered_v1_000148,benign_qaoa_v1_000148,qaoa,tampered,triggered,0,3,0,qaoa
tampered_qaoa_triggered_v1_000149,benign_qaoa_v1_000149,qaoa,tampered,triggered,1,1,4,qaoa
tampered_qaoa_triggered_v1_000150,benign_qaoa_v1_000150,qaoa,tampered,triggered,4,2,0,qaoa
tampered_qaoa_triggered_v1_000151,benign_qaoa_v1_000151,qaoa,tampered,triggered,0,1,1,qaoa
tampered_qaoa_triggered_v1_000152,benign_qaoa_v1_000152,qaoa,tampered,triggered,2,2,3,qaoa
tampered_qaoa_triggered_v1_000153,benign_qaoa_v1_000153,qaoa,tampered,triggered,1,4,1,qaoa
tampered_qaoa_triggered_v1_000154,benign_qaoa_v1_000154,qaoa,tampered,triggered,0,4,3,qaoa
tampered_qaoa_triggered_v1_000155,benign_qaoa_v1_000155,qaoa,tampered,triggered,1,0,3,qaoa
tampered_qaoa_triggered_v1_000156,benign_qaoa_v1_000156,qaoa,tampered,triggered,0,3,0,qaoa
tampered_qaoa_triggered_v1_000157,benign_qaoa_v1_000157,qaoa,tampered,triggered,0,4,3,qaoa
tampered_qaoa_triggered_v1_000158,benign_qaoa_v1_000158,qaoa,tampered,triggered,2,1,0,qaoa
tampered_qaoa_triggered_v1_000159,benign_qaoa_v1_000159,qaoa,tampered,triggered,1,1,4,qaoa
tampered_qaoa_triggered_v1_000160,benign_qaoa_v1_000160,qaoa,tampered,triggered,1,1,3,qaoa
tampered_qaoa_triggered_v1_000161,benign_qaoa_v1_000161,qaoa,tampered,triggered,2,2,4,qaoa
tampered_qaoa_triggered_v1_000162,benign_qaoa_v1_000162,qaoa,tampered,triggered,4,4,3,qaoa
tampered_qaoa_triggered_v1_000163,benign_qaoa_v1_000163,qaoa,tampered,triggered,1,1,0,qaoa
tampered_qaoa_triggered_v1_000164,benign_qaoa_v1_000164,qaoa,tampered,triggered,2,3,4,qaoa
tampered_qaoa_triggered_v1_000165,benign_qaoa_v1_000165,qaoa,tampered,triggered,3,3,4,qaoa
tampered_qaoa_triggered_v1_000166,benign_qaoa_v1_000166,qaoa,tampered,triggered,4,3,1,qaoa
tampered_qaoa_triggered_v1_000167,benign_qaoa_v1_000167,qaoa,tampered,triggered,4,0,1,qaoa
tampered_qaoa_triggered_v1_000168,benign_qaoa_v1_000168,qaoa,tampered,triggered,3,1,2,qaoa
tampered_qaoa_triggered_v1_000169,benign_qaoa_v1_000169,qaoa,tampered,triggered,3,4,3,qaoa
tampered_qaoa_triggered_v1_000170,benign_qaoa_v1_000170,qaoa,tampered,triggered,0,4,1,qaoa
tampered_qaoa_triggered_v1_000171,benign_qaoa_v1_000171,qaoa,tampered,triggered,2,2,2,qaoa
tampered_qaoa_triggered_v1_000172,benign_qaoa_v1_000172,qaoa,tampered,triggered,2,2,4,qaoa
tampered_qaoa_triggered_v1_000173,benign_qaoa_v1_000173,qaoa,tampered,triggered,3,1,0,qaoa
tampered_qaoa_triggered_v1_000174,benign_qaoa_v1_000174,qaoa,tampered,triggered,3,4,3,qaoa
tampered_qaoa_triggered_v1_000175,benign_qaoa_v1_000175,qaoa,tampered,triggered,4,4,0,qaoa
tampered_qaoa_triggered_v1_000176,benign_qaoa_v1_000176,qaoa,tampered,triggered,1,2,4,qaoa
tampered_qaoa_triggered_v1_000177,benign_qaoa_v1_000177,qaoa,tampered,triggered,3,2,4,qaoa
tampered_qaoa_triggered_v1_000178,benign_qaoa_v1_000178,qaoa,tampered,triggered,1,0,0,qaoa
tampered_qaoa_triggered_v1_000179,benign_qaoa_v1_000179,qaoa,tampered,triggered,4,2,4,qaoa
tampered_qaoa_triggered_v1_000180,benign_qaoa_v1_000180,qaoa,tampered,triggered,1,1,4,qaoa
tampered_qaoa_triggered_v1_000181,benign_qaoa_v1_000181,qaoa,tampered,triggered,0,4,2,qaoa
tampered_qaoa_triggered_v1_000182,benign_qaoa_v1_000182,qaoa,tampered,triggered,4,0,3,qaoa
tampered_qaoa_triggered_v1_000183,benign_qaoa_v1_000183,qaoa,tampered,triggered,0,4,2,qaoa
tampered_qaoa_triggered_v1_000184,benign_qaoa_v1_000184,qaoa,tampered,triggered,0,1,3,qaoa
tampered_qaoa_triggered_v1_000185,benign_qaoa_v1_000185,qaoa,tampered,triggered,1,3,1,qaoa
tampered_qaoa_triggered_v1_000186,benign_qaoa_v1_000186,qaoa,tampered,triggered,0,2,2,qaoa
tampered_qaoa_triggered_v1_000187,benign_qaoa_v1_000187,qaoa,tampered,triggered,3,4,3,qaoa
tampered_qaoa_triggered_v1_000188,benign_qaoa_v1_000188,qaoa,tampered,triggered,2,3,2,qaoa
tampered_qaoa_triggered_v1_000189,benign_qaoa_v1_000189,qaoa,tampered,triggered,2,0,2,qaoa
tampered_qaoa_triggered_v1_000190,benign_qaoa_v1_000190,qaoa,tampered,triggered,3,2,4,qaoa
tampered_qaoa_triggered_v1_000191,benign_qaoa_v1_000191,qaoa,tampered,triggered,3,1,4,qaoa
tampered_qaoa_triggered_v1_000192,benign_qaoa_v1_000192,qaoa,tampered,triggered,1,0,3,qaoa
tampered_qaoa_triggered_v1_000193,benign_qaoa_v1_000193,qaoa,tampered,triggered,4,2,1,qaoa
tampered_qaoa_triggered_v1_000194,benign_qaoa_v1_000194,qaoa,tampered,triggered,1,3,1,qaoa
tampered_qaoa_triggered_v1_000195,benign_qaoa_v1_000195,qaoa,tampered,triggered,1,4,4,qaoa
tampered_qaoa_triggered_v1_000196,benign_qaoa_v1_000196,qaoa,tampered,triggered,0,3,2,qaoa
tampered_qaoa_triggered_v1_000197,benign_qaoa_v1_000197,qaoa,tampered,triggered,1,4,4,qaoa
tampered_qaoa_triggered_v1_000198,benign_qaoa_v1_000198,qaoa,tampered,triggered,0,0,0,qaoa
tampered_qaoa_triggered_v1_000199,benign_qaoa_v1_000199,qaoa,tampered,triggered,3,0,3,qaoa
tampered_qaoa_triggered_v1_000200,benign_qaoa_v1_000200,qaoa,tampered,triggered,2,2,0,qaoa
tampered_qaoa_triggered_v1_000201,benign_qaoa_v1_000201,qaoa,tampered,triggered,1,2,0,qaoa
tampered_qaoa_triggered_v1_000202,benign_qaoa_v1_000202,qaoa,tampered,triggered,2,4,3,qaoa
tampered_qaoa_triggered_v1_000203,benign_qaoa_v1_000203,qaoa,tampered,triggered,0,1,0,qaoa
tampered_qaoa_triggered_v1_000204,benign_qaoa_v1_000204,qaoa,tampered,triggered,3,1,2,qaoa
tampered_qaoa_triggered_v1_000205,benign_qaoa_v1_000205,qaoa,tampered,triggered,0,4,1,qaoa
tampered_qaoa_triggered_v1_000206,benign_qaoa_v1_000206,qaoa,tampered,triggered,1,0,0,qaoa
tampered_qaoa_triggered_v1_000207,benign_qaoa_v1_000207,qaoa,tampered,triggered,0,0,4,qaoa
tampered_qaoa_triggered_v1_000208,benign_qaoa_v1_000208,qaoa,tampered,triggered,4,0,1,qaoa
tampered_qaoa_triggered_v1_000209,benign_qaoa_v1_000209,qaoa,tampered,triggered,3,2,1,qaoa
tampered_qaoa_triggered_v1_000210,benign_qaoa_v1_000210,qaoa,tampered,triggered,2,1,2,qaoa
tampered_qaoa_triggered_v1_000211,benign_qaoa_v1_000211,qaoa,tampered,triggered,1,1,3,qaoa
tampered_qaoa_triggered_v1_000212,benign_qaoa_v1_000212,qaoa,tampered,triggered,0,4,0,qaoa
tampered_qaoa_triggered_v1_000213,benign_qaoa_v1_000213,qaoa,tampered,triggered,1,4,0,qaoa
tampered_qaoa_triggered_v1_000214,benign_qaoa_v1_000214,qaoa,tampered,triggered,2,1,2,qaoa
tampered_qaoa_triggered_v1_000215,benign_qaoa_v1_000215,qaoa,tampered,triggered,0,3,1,qaoa
tampered_qaoa_triggered_v1_000216,benign_qaoa_v1_000216,qaoa,tampered,triggered,1,0,1,qaoa
tampered_qaoa_triggered_v1_000217,benign_qaoa_v1_000217,qaoa,tampered,triggered,4,2,0,qaoa
tampered_qaoa_triggered_v1_000218,benign_qaoa_v1_000218,qaoa,tampered,triggered,0,1,1,qaoa
tampered_qaoa_triggered_v1_000219,benign_qaoa_v1_000219,qaoa,tampered,triggered,3,4,0,qaoa
tampered_qaoa_triggered_v1_000220,benign_qaoa_v1_000220,qaoa,tampered,triggered,0,0,2,qaoa
tampered_qaoa_triggered_v1_000221,benign_qaoa_v1_000221,qaoa,tampered,triggered,1,2,2,qaoa
tampered_qaoa_triggered_v1_000222,benign_qaoa_v1_000222,qaoa,tampered,triggered,1,3,1,qaoa
tampered_qaoa_triggered_v1_000223,benign_qaoa_v1_000223,qaoa,tampered,triggered,4,0,0,qaoa
tampered_qaoa_triggered_v1_000224,benign_qaoa_v1_000224,qaoa,tampered,triggered,0,1,1,qaoa
tampered_qaoa_triggered_v1_000225,benign_qaoa_v1_000225,qaoa,tampered,triggered,3,4,1,qaoa
tampered_qaoa_triggered_v1_000226,benign_qaoa_v1_000226,qaoa,tampered,triggered,2,1,1,qaoa
tampered_qaoa_triggered_v1_000227,benign_qaoa_v1_000227,qaoa,tampered,triggered,4,2,3,qaoa
tampered_qaoa_triggered_v1_000228,benign_qaoa_v1_000228,qaoa,tampered,triggered,1,2,4,qaoa
tampered_qaoa_triggered_v1_000229,benign_qaoa_v1_000229,qaoa,tampered,triggered,3,4,3,qaoa
tampered_qaoa_triggered_v1_000230,benign_qaoa_v1_000230,qaoa,tampered,triggered,1,3,1,qaoa
tampered_qaoa_triggered_v1_000231,benign_qaoa_v1_000231,qaoa,tampered,triggered,4,2,2,qaoa
tampered_qaoa_triggered_v1_000232,benign_qaoa_v1_000232,qaoa,tampered,triggered,3,2,3,qaoa
tampered_qaoa_triggered_v1_000233,benign_qaoa_v1_000233,qaoa,tampered,triggered,3,4,4,qaoa
tampered_qaoa_triggered_v1_000234,benign_qaoa_v1_000234,qaoa,tampered,triggered,3,1,0,qaoa
tampered_qaoa_triggered_v1_000235,benign_qaoa_v1_000235,qaoa,tampered,triggered,2,4,2,qaoa
tampered_qaoa_triggered_v1_000236,benign_qaoa_v1_000236,qaoa,tampered,triggered,0,3,3,qaoa
tampered_qaoa_triggered_v1_000237,benign_qaoa_v1_000237,qaoa,tampered,triggered,0,1,1,qaoa
tampered_qaoa_triggered_v1_000238,benign_qaoa_v1_000238,qaoa,tampered,triggered,1,2,4,qaoa
tampered_qaoa_triggered_v1_000239,benign_qaoa_v1_000239,qaoa,tampered,triggered,0,3,2,qaoa
tampered_qaoa_triggered_v1_000240,benign_qaoa_v1_000240,qaoa,tampered,triggered,4,3,3,qaoa
tampered_qaoa_triggered_v1_000241,benign_qaoa_v1_000241,qaoa,tampered,triggered,1,2,0,qaoa
tampered_qaoa_triggered_v1_000242,benign_qaoa_v1_000242,qaoa,tampered,triggered,4,1,0,qaoa
tampered_qaoa_triggered_v1_000243,benign_qaoa_v1_000243,qaoa,tampered,triggered,1,3,3,qaoa
tampered_qaoa_triggered_v1_000244,benign_qaoa_v1_000244,qaoa,tampered,triggered,2,0,0,qaoa
tampered_qaoa_triggered_v1_000245,benign_qaoa_v1_000245,qaoa,tampered,triggered,0,2,0,qaoa
tampered_qaoa_triggered_v1_000246,benign_qaoa_v1_000246,qaoa,tampered,triggered,0,4,1,qaoa
tampered_qaoa_triggered_v1_000247,benign_qaoa_v1_000247,qaoa,tampered,triggered,3,1,0,qaoa
tampered_qaoa_triggered_v1_000248,benign_qaoa_v1_000248,qaoa,tampered,triggered,1,0,0,qaoa
tampered_qaoa_triggered_v1_000249,benign_qaoa_v1_000249,qaoa,tampered,triggered,2,0,3,qaoa
tampered_qaoa_triggered_v1_000250,benign_qaoa_v1_000250,qaoa,tampered,triggered,2,2,2,qaoa
tampered_qaoa_triggered_v1_000251,benign_qaoa_v1_000251,qaoa,tampered,triggered,2,4,3,qaoa
tampered_qaoa_triggered_v1_000252,benign_qaoa_v1_000252,qaoa,tampered,triggered,3,3,0,qaoa
tampered_qaoa_triggered_v1_000253,benign_qaoa_v1_000253,qaoa,tampered,triggered,0,4,3,qaoa
tampered_qaoa_triggered_v1_000254,benign_qaoa_v1_000254,qaoa,tampered,triggered,0,4,3,qaoa
tampered_qaoa_triggered_v1_000255,benign_qaoa_v1_000255,qaoa,tampered,triggered,3,0,0,qaoa
tampered_qaoa_triggered_v1_000256,benign_qaoa_v1_000256,qaoa,tampered,triggered,3,3,4,qaoa
tampered_qaoa_triggered_v1_000257,benign_qaoa_v1_000257,qaoa,tampered,triggered,1,1,0,qaoa
tampered_qaoa_triggered_v1_000258,benign_qaoa_v1_000258,qaoa,tampered,triggered,0,0,3,qaoa
tampered_qaoa_triggered_v1_000259,benign_qaoa_v1_000259,qaoa,tampered,triggered,2,0,0,qaoa
tampered_qaoa_triggered_v1_000260,benign_qaoa_v1_000260,qaoa,tampered,triggered,3,2,1,qaoa
tampered_qaoa_triggered_v1_000261,benign_qaoa_v1_000261,qaoa,tampered,triggered,4,4,1,qaoa
tampered_qaoa_triggered_v1_000262,benign_qaoa_v1_000262,qaoa,tampered,triggered,2,3,2,qaoa
tampered_qaoa_triggered_v1_000263,benign_qaoa_v1_000263,qaoa,tampered,triggered,3,0,4,qaoa
tampered_qaoa_triggered_v1_000264,benign_qaoa_v1_000264,qaoa,tampered,triggered,1,3,2,qaoa
tampered_qaoa_triggered_v1_000265,benign_qaoa_v1_000265,qaoa,tampered,triggered,3,0,3,qaoa
tampered_qaoa_triggered_v1_000266,benign_qaoa_v1_000266,qaoa,tampered,triggered,2,3,2,qaoa
tampered_qaoa_triggered_v1_000267,benign_qaoa_v1_000267,qaoa,tampered,triggered,3,0,4,qaoa
tampered_qaoa_triggered_v1_000268,benign_qaoa_v1_000268,qaoa,tampered,triggered,4,4,1,qaoa
tampered_qaoa_triggered_v1_000269,benign_qaoa_v1_000269,qaoa,tampered,triggered,2,4,3,qaoa
tampered_qaoa_triggered_v1_000270,benign_qaoa_v1_000270,qaoa,tampered,triggered,1,2,1,qaoa
tampered_qaoa_triggered_v1_000271,benign_qaoa_v1_000271,qaoa,tampered,triggered,3,0,3,qaoa
tampered_qaoa_triggered_v1_000272,benign_qaoa_v1_000272,qaoa,tampered,triggered,3,0,4,qaoa
tampered_qaoa_triggered_v1_000273,benign_qaoa_v1_000273,qaoa,tampered,triggered,2,1,0,qaoa
tampered_qaoa_triggered_v1_000274,benign_qaoa_v1_000274,qaoa,tampered,triggered,3,4,3,qaoa
tampered_qaoa_triggered_v1_000275,benign_qaoa_v1_000275,qaoa,tampered,triggered,1,0,3,qaoa
tampered_qaoa_triggered_v1_000276,benign_qaoa_v1_000276,qaoa,tampered,triggered,2,2,1,qaoa
tampered_qaoa_triggered_v1_000277,benign_qaoa_v1_000277,qaoa,tampered,triggered,0,4,1,qaoa
tampered_qaoa_triggered_v1_000278,benign_qaoa_v1_000278,qaoa,tampered,triggered,1,4,1,qaoa
tampered_qaoa_triggered_v1_000279,benign_qaoa_v1_000279,qaoa,tampered,triggered,4,1,4,qaoa
tampered_qaoa_triggered_v1_000280,benign_qaoa_v1_000280,qaoa,tampered,triggered,3,2,4,qaoa
tampered_qaoa_triggered_v1_000281,benign_qaoa_v1_000281,qaoa,tampered,triggered,0,3,2,qaoa
tampered_qaoa_triggered_v1_000282,benign_qaoa_v1_000282,qaoa,tampered,triggered,2,0,4,qaoa
tampered_qaoa_triggered_v1_000283,benign_qaoa_v1_000283,qaoa,tampered,triggered,1,3,0,qaoa
tampered_qaoa_triggered_v1_000284,benign_qaoa_v1_000284,qaoa,tampered,triggered,4,1,4,qaoa
tampered_qaoa_triggered_v1_000285,benign_qaoa_v1_000285,qaoa,tampered,triggered,3,4,0,qaoa
tampered_qaoa_triggered_v1_000286,benign_qaoa_v1_000286,qaoa,tampered,triggered,4,0,1,qaoa
tampered_qaoa_triggered_v1_000287,benign_qaoa_v1_000287,qaoa,tampered,triggered,2,1,0,qaoa
tampered_qaoa_triggered_v1_000288,benign_qaoa_v1_000288,qaoa,tampered,triggered,0,3,3,qaoa
tampered_qaoa_triggered_v1_000289,benign_qaoa_v1_000289,qaoa,tampered,triggered,4,4,0,qaoa
tampered_qaoa_triggered_v1_000290,benign_qaoa_v1_000290,qaoa,tampered,triggered,0,4,4,qaoa
tampered_qaoa_triggered_v1_000291,benign_qaoa_v1_000291,qaoa,tampered,triggered,2,4,4,qaoa
tampered_qaoa_triggered_v1_000292,benign_qaoa_v1_000292,qaoa,tampered,triggered,3,3,4,qaoa
tampered_qaoa_triggered_v1_000293,benign_qaoa_v1_000293,qaoa,tampered,triggered,2,4,4,qaoa
tampered_qaoa_triggered_v1_000294,benign_qaoa_v1_000294,qaoa,tampered,triggered,1,0,4,qaoa
tampered_qaoa_triggered_v1_000295,benign_qaoa_v1_000295,qaoa,tampered,triggered,1,1,1,qaoa
tampered_qaoa_triggered_v1_000296,benign_qaoa_v1_000296,qaoa,tampered,triggered,4,2,4,qaoa
tampered_qaoa_triggered_v1_000297,benign_qaoa_v1_000297,qaoa,tampered,triggered,1,2,1,qaoa
tampered_qaoa_triggered_v1_000298,benign_qaoa_v1_000298,qaoa,tampered,triggered,4,2,3,qaoa
tampered_qaoa_triggered_v1_000299,benign_qaoa_v1_000299,qaoa,tampered,triggered,0,0,3,qaoa
tampered_qaoa_triggered_v1_000300,benign_qaoa_v1_000300,qaoa,tampered,triggered,4,2,1,qaoa
tampered_qaoa_triggered_v1_000301,benign_qaoa_v1_000301,qaoa,tampered,triggered,2,2,2,qaoa
tampered_qaoa_triggered_v1_000302,benign_qaoa_v1_000302,qaoa,tampered,triggered,0,3,3,qaoa
tampered_qaoa_triggered_v1_000303,benign_qaoa_v1_000303,qaoa,tampered,triggered,1,1,2,qaoa
tampered_qaoa_triggered_v1_000304,benign_qaoa_v1_000304,qaoa,tampered,triggered,4,0,4,qaoa
tampered_qaoa_triggered_v1_000305,benign_qaoa_v1_000305,qaoa,tampered,triggered,1,3,2,qaoa
tampered_qaoa_triggered_v1_000306,benign_qaoa_v1_000306,qaoa,tampered,triggered,3,4,1,qaoa
tampered_qaoa_triggered_v1_000307,benign_qaoa_v1_000307,qaoa,tampered,triggered,1,3,1,qaoa
tampered_qaoa_triggered_v1_000308,benign_qaoa_v1_000308,qaoa,tampered,triggered,1,2,2,qaoa
tampered_qaoa_triggered_v1_000309,benign_qaoa_v1_000309,qaoa,tampered,triggered,2,0,3,qaoa
tampered_qaoa_triggered_v1_000310,benign_qaoa_v1_000310,qaoa,tampered,triggered,2,0,2,qaoa
tampered_qaoa_triggered_v1_000311,benign_qaoa_v1_000311,qaoa,tampered,triggered,0,3,2,qaoa
tampered_qaoa_triggered_v1_000312,benign_qaoa_v1_000312,qaoa,tampered,triggered,4,0,2,qaoa
tampered_qaoa_triggered_v1_000313,benign_qaoa_v1_000313,qaoa,tampered,triggered,1,2,1,qaoa
tampered_qaoa_triggered_v1_000314,benign_qaoa_v1_000314,qaoa,tampered,triggered,0,1,1,qaoa
tampered_qaoa_triggered_v1_000315,benign_qaoa_v1_000315,qaoa,tampered,triggered,0,0,4,qaoa
tampered_qaoa_triggered_v1_000316,benign_qaoa_v1_000316,qaoa,tampered,triggered,2,2,4,qaoa
tampered_qaoa_triggered_v1_000317,benign_qaoa_v1_000317,qaoa,tampered,triggered,0,2,3,qaoa
tampered_qaoa_triggered_v1_000318,benign_qaoa_v1_000318,qaoa,tampered,triggered,1,3,1,qaoa
tampered_qaoa_triggered_v1_000319,benign_qaoa_v1_000319,qaoa,tampered,triggered,3,1,0,qaoa
tampered_qaoa_triggered_v1_000320,benign_qaoa_v1_000320,qaoa,tampered,triggered,4,3,1,qaoa
tampered_qaoa_triggered_v1_000321,benign_qaoa_v1_000321,qaoa,tampered,triggered,0,2,2,qaoa
tampered_qaoa_triggered_v1_000322,benign_qaoa_v1_000322,qaoa,tampered,triggered,0,2,2,qaoa
tampered_qaoa_triggered_v1_000323,benign_qaoa_v1_000323,qaoa,tampered,triggered,4,0,2,qaoa
tampered_qaoa_triggered_v1_000324,benign_qaoa_v1_000324,qaoa,tampered,triggered,4,4,1,qaoa
tampered_qaoa_triggered_v1_000325,benign_qaoa_v1_000325,qaoa,tampered,triggered,4,2,1,qaoa
tampered_qaoa_triggered_v1_000326,benign_qaoa_v1_000326,qaoa,tampered,triggered,3,0,3,qaoa
tampered_qaoa_triggered_v1_000327,benign_qaoa_v1_000327,qaoa,tampered,triggered,3,0,2,qaoa
tampered_qaoa_triggered_v1_000328,benign_qaoa_v1_000328,qaoa,tampered,triggered,1,2,2,qaoa
tampered_qaoa_triggered_v1_000329,benign_qaoa_v1_000329,qaoa,tampered,triggered,2,4,3,qaoa
tampered_qaoa_triggered_v1_000330,benign_qaoa_v1_000330,qaoa,tampered,triggered,2,3,4,qaoa
tampered_qaoa_triggered_v1_000331,benign_qaoa_v1_000331,qaoa,tampered,triggered,3,2,3,qaoa
tampered_qaoa_triggered_v1_000332,benign_qaoa_v1_000332,qaoa,tampered,triggered,3,3,1,qaoa
tampered_qaoa_triggered_v1_000333,benign_qaoa_v1_000333,qaoa,tampered,triggered,2,4,3,qaoa
tampered_qaoa_triggered_v1_000334,benign_qaoa_v1_000334,qaoa,tampered,triggered,3,2,1,qaoa
tampered_qaoa_triggered_v1_000335,benign_qaoa_v1_000335,qaoa,tampered,triggered,0,0,0,qaoa
tampered_qaoa_triggered_v1_000336,benign_qaoa_v1_000336,qaoa,tampered,triggered,2,2,2,qaoa
tampered_qaoa_triggered_v1_000337,benign_qaoa_v1_000337,qaoa,tampered,triggered,1,1,4,qaoa
tampered_qaoa_triggered_v1_000338,benign_qaoa_v1_000338,qaoa,tampered,triggered,4,3,3,qaoa
tampered_qaoa_triggered_v1_000339,benign_qaoa_v1_000339,qaoa,tampered,triggered,1,4,1,qaoa
tampered_qaoa_triggered_v1_000340,benign_qaoa_v1_000340,qaoa,tampered,triggered,2,0,1,qaoa
tampered_qaoa_triggered_v1_000341,benign_qaoa_v1_000341,qaoa,tampered,triggered,2,3,0,qaoa
tampered_qaoa_triggered_v1_000342,benign_qaoa_v1_000342,qaoa,tampered,triggered,2,4,4,qaoa
tampered_qaoa_triggered_v1_000343,benign_qaoa_v1_000343,qaoa,tampered,triggered,3,2,3,qaoa
tampered_qaoa_triggered_v1_000344,benign_qaoa_v1_000344,qaoa,tampered,triggered,0,0,2,qaoa
tampered_qaoa_triggered_v1_000345,benign_qaoa_v1_000345,qaoa,tampered,triggered,2,2,1,qaoa
tampered_qaoa_triggered_v1_000346,benign_qaoa_v1_000346,qaoa,tampered,triggered,1,4,1,qaoa
tampered_qaoa_triggered_v1_000347,benign_qaoa_v1_000347,qaoa,tampered,triggered,4,4,3,qaoa
tampered_qaoa_triggered_v1_000348,benign_qaoa_v1_000348,qaoa,tampered,triggered,0,4,3,qaoa
tampered_qaoa_triggered_v1_000349,benign_qaoa_v1_000349,qaoa,tampered,triggered,3,0,2,qaoa
tampered_qaoa_triggered_v1_000350,benign_qaoa_v1_000350,qaoa,tampered,triggered,4,0,4,qaoa
tampered_qaoa_triggered_v1_000351,benign_qaoa_v1_000351,qaoa,tampered,triggered,1,3,3,qaoa
tampered_qaoa_triggered_v1_000352,benign_qaoa_v1_000352,qaoa,tampered,triggered,3,4,0,qaoa
tampered_qaoa_triggered_v1_000353,benign_qaoa_v1_000353,qaoa,tampered,triggered,3,2,1,qaoa
tampered_qaoa_triggered_v1_000354,benign_qaoa_v1_000354,qaoa,tampered,triggered,4,1,4,qaoa
tampered_qaoa_triggered_v1_000355,benign_qaoa_v1_000355,qaoa,tampered,triggered,1,4,2,qaoa
tampered_qaoa_triggered_v1_000356,benign_qaoa_v1_000356,qaoa,tampered,triggered,1,1,4,qaoa
tampered_qaoa_triggered_v1_000357,benign_qaoa_v1_000357,qaoa,tampered,triggered,2,4,1,qaoa
tampered_qaoa_triggered_v1_000358,benign_qaoa_v1_000358,qaoa,tampered,triggered,2,3,1,qaoa
tampered_qaoa_triggered_v1_000359,benign_qaoa_v1_000359,qaoa,tampered,triggered,0,4,2,qaoa
tampered_qaoa_triggered_v1_000360,benign_qaoa_v1_000360,qaoa,tampered,triggered,2,2,0,qaoa
tampered_qaoa_triggered_v1_000361,benign_qaoa_v1_000361,qaoa,tampered,triggered,0,1,1,qaoa
tampered_qaoa_triggered_v1_000362,benign_qaoa_v1_000362,qaoa,tampered,triggered,3,4,3,qaoa
tampered_qaoa_triggered_v1_000363,benign_qaoa_v1_000363,qaoa,tampered,triggered,2,4,2,qaoa
tampered_qaoa_triggered_v1_000364,benign_qaoa_v1_000364,qaoa,tampered,triggered,3,0,1,qaoa
tampered_qaoa_triggered_v1_000365,benign_qaoa_v1_000365,qaoa,tampered,triggered,4,2,1,qaoa
tampered_qaoa_triggered_v1_000366,benign_qaoa_v1_000366,qaoa,tampered,triggered,4,3,2,qaoa
tampered_qaoa_triggered_v1_000367,benign_qaoa_v1_000367,qaoa,tampered,triggered,1,0,2,qaoa
tampered_qaoa_triggered_v1_000368,benign_qaoa_v1_000368,qaoa,tampered,triggered,2,0,3,qaoa
tampered_qaoa_triggered_v1_000369,benign_qaoa_v1_000369,qaoa,tampered,triggered,2,3,3,qaoa
tampered_qaoa_triggered_v1_000370,benign_qaoa_v1_000370,qaoa,tampered,triggered,1,1,3,qaoa
tampered_qaoa_triggered_v1_000371,benign_qaoa_v1_000371,qaoa,tampered,triggered,1,4,0,qaoa
tampered_qaoa_triggered_v1_000372,benign_qaoa_v1_000372,qaoa,tampered,triggered,3,2,2,qaoa
tampered_qaoa_triggered_v1_000373,benign_qaoa_v1_000373,qaoa,tampered,triggered,4,1,2,qaoa
tampered_qaoa_triggered_v1_000374,benign_qaoa_v1_000374,qaoa,tampered,triggered,1,1,1,qaoa
tampered_qaoa_triggered_v1_000375,benign_qaoa_v1_000375,qaoa,tampered,triggered,4,0,0,qaoa
tampered_qaoa_triggered_v1_000376,benign_qaoa_v1_000376,qaoa,tampered,triggered,3,3,2,qaoa
tampered_qaoa_triggered_v1_000377,benign_qaoa_v1_000377,qaoa,tampered,triggered,3,0,0,qaoa
tampered_qaoa_triggered_v1_000378,benign_qaoa_v1_000378,qaoa,tampered,triggered,0,0,1,qaoa
tampered_qaoa_triggered_v1_000379,benign_qaoa_v1_000379,qaoa,tampered,triggered,4,2,0,qaoa
tampered_qaoa_triggered_v1_000380,benign_qaoa_v1_000380,qaoa,tampered,triggered,4,4,4,qaoa
tampered_qaoa_triggered_v1_000381,benign_qaoa_v1_000381,qaoa,tampered,triggered,2,2,2,qaoa
tampered_qaoa_triggered_v1_000382,benign_qaoa_v1_000382,qaoa,tampered,triggered,1,2,2,qaoa
tampered_qaoa_triggered_v1_000383,benign_qaoa_v1_000383,qaoa,tampered,triggered,3,1,1,qaoa
tampered_qaoa_triggered_v1_000384,benign_qaoa_v1_000384,qaoa,tampered,triggered,2,0,1,qaoa
tampered_qaoa_triggered_v1_000385,benign_qaoa_v1_000385,qaoa,tampered,triggered,0,3,4,qaoa
tampered_qaoa_triggered_v1_000386,benign_qaoa_v1_000386,qaoa,tampered,triggered,2,2,4,qaoa
tampered_qaoa_triggered_v1_000387,benign_qaoa_v1_000387,qaoa,tampered,triggered,4,2,3,qaoa
tampered_qaoa_triggered_v1_000388,benign_qaoa_v1_000388,qaoa,tampered,triggered,3,4,3,qaoa
tampered_qaoa_triggered_v1_000389,benign_qaoa_v1_000389,qaoa,tampered,triggered,3,1,4,qaoa
tampered_qaoa_triggered_v1_000390,benign_qaoa_v1_000390,qaoa,tampered,triggered,0,0,1,qaoa
tampered_qaoa_triggered_v1_000391,benign_qaoa_v1_000391,qaoa,tampered,triggered,3,2,0,qaoa
tampered_qaoa_triggered_v1_000392,benign_qaoa_v1_000392,qaoa,tampered,triggered,4,0,0,qaoa
tampered_qaoa_triggered_v1_000393,benign_qaoa_v1_000393,qaoa,tampered,triggered,4,2,0,qaoa
tampered_qaoa_triggered_v1_000394,benign_qaoa_v1_000394,qaoa,tampered,triggered,2,1,3,qaoa
tampered_qaoa_triggered_v1_000395,benign_qaoa_v1_000395,qaoa,tampered,triggered,1,0,4,qaoa
tampered_qaoa_triggered_v1_000396,benign_qaoa_v1_000396,qaoa,tampered,triggered,2,3,2,qaoa
tampered_qaoa_triggered_v1_000397,benign_qaoa_v1_000397,qaoa,tampered,triggered,3,3,1,qaoa
tampered_qaoa_triggered_v1_000398,benign_qaoa_v1_000398,qaoa,tampered,triggered,0,2,0,qaoa
tampered_qaoa_triggered_v1_000399,benign_qaoa_v1_000399,qaoa,tampered,triggered,2,3,0,qaoa
tampered_qaoa_triggered_v1_000400,benign_qaoa_v1_000400,qaoa,tampered,triggered,3,1,1,qaoa
tampered_qaoa_triggered_v1_000401,benign_qaoa_v1_000401,qaoa,tampered,triggered,1,2,0,qaoa
tampered_qaoa_triggered_v1_000402,benign_qaoa_v1_000402,qaoa,tampered,triggered,1,4,3,qaoa
tampered_qaoa_triggered_v1_000403,benign_qaoa_v1_000403,qaoa,tampered,triggered,3,1,4,qaoa
tampered_qaoa_triggered_v1_000404,benign_qaoa_v1_000404,qaoa,tampered,triggered,3,2,0,qaoa
tampered_qaoa_triggered_v1_000405,benign_qaoa_v1_000405,qaoa,tampered,triggered,2,4,0,qaoa
tampered_qaoa_triggered_v1_000406,benign_qaoa_v1_000406,qaoa,tampered,triggered,1,1,3,qaoa
tampered_qaoa_triggered_v1_000407,benign_qaoa_v1_000407,qaoa,tampered,triggered,0,2,1,qaoa
tampered_qaoa_triggered_v1_000408,benign_qaoa_v1_000408,qaoa,tampered,triggered,2,2,0,qaoa
tampered_qaoa_triggered_v1_000409,benign_qaoa_v1_000409,qaoa,tampered,triggered,0,3,0,qaoa
tampered_qaoa_triggered_v1_000410,benign_qaoa_v1_000410,qaoa,tampered,triggered,0,3,2,qaoa
tampered_qaoa_triggered_v1_000411,benign_qaoa_v1_000411,qaoa,tampered,triggered,4,4,0,qaoa
tampered_qaoa_triggered_v1_000412,benign_qaoa_v1_000412,qaoa,tampered,triggered,2,0,0,qaoa
tampered_qaoa_triggered_v1_000413,benign_qaoa_v1_000413,qaoa,tampered,triggered,3,3,0,qaoa
tampered_qaoa_triggered_v1_000414,benign_qaoa_v1_000414,qaoa,tampered,triggered,2,3,3,qaoa
tampered_qaoa_triggered_v1_000415,benign_qaoa_v1_000415,qaoa,tampered,triggered,3,2,4,qaoa
tampered_qaoa_triggered_v1_000416,benign_qaoa_v1_000416,qaoa,tampered,triggered,4,2,3,qaoa
tampered_qaoa_triggered_v1_000417,benign_qaoa_v1_000417,qaoa,tampered,triggered,1,2,0,qaoa
tampered_qaoa_triggered_v1_000418,benign_qaoa_v1_000418,qaoa,tampered,triggered,3,0,1,qaoa
tampered_qaoa_triggered_v1_000419,benign_qaoa_v1_000419,qaoa,tampered,triggered,0,3,1,qaoa
tampered_qaoa_triggered_v1_000420,benign_qaoa_v1_000420,qaoa,tampered,triggered,4,0,1,qaoa
tampered_qaoa_triggered_v1_000421,benign_qaoa_v1_000421,qaoa,tampered,triggered,0,1,1,qaoa
tampered_qaoa_triggered_v1_000422,benign_qaoa_v1_000422,qaoa,tampered,triggered,0,2,3,qaoa
tampered_qaoa_triggered_v1_000423,benign_qaoa_v1_000423,qaoa,tampered,triggered,2,0,4,qaoa
tampered_qaoa_triggered_v1_000424,benign_qaoa_v1_000424,qaoa,tampered,triggered,1,3,3,qaoa
tampered_qaoa_triggered_v1_000425,benign_qaoa_v1_000425,qaoa,tampered,triggered,2,3,0,qaoa
tampered_qaoa_triggered_v1_000426,benign_qaoa_v1_000426,qaoa,tampered,triggered,4,4,0,qaoa
tampered_qaoa_triggered_v1_000427,benign_qaoa_v1_000427,qaoa,tampered,triggered,2,1,4,qaoa
tampered_qaoa_triggered_v1_000428,benign_qaoa_v1_000428,qaoa,tampered,triggered,1,0,0,qaoa
tampered_qaoa_triggered_v1_000429,benign_qaoa_v1_000429,qaoa,tampered,triggered,3,3,2,qaoa
tampered_qaoa_triggered_v1_000430,benign_qaoa_v1_000430,qaoa,tampered,triggered,2,0,1,qaoa
tampered_qaoa_triggered_v1_000431,benign_qaoa_v1_000431,qaoa,tampered,triggered,4,2,1,qaoa
tampered_qaoa_triggered_v1_000432,benign_qaoa_v1_000432,qaoa,tampered,triggered,3,1,1,qaoa
tampered_qaoa_triggered_v1_000433,benign_qaoa_v1_000433,qaoa,tampered,triggered,2,1,1,qaoa
tampered_qaoa_triggered_v1_000434,benign_qaoa_v1_000434,qaoa,tampered,triggered,0,4,0,qaoa
tampered_qaoa_triggered_v1_000435,benign_qaoa_v1_000435,qaoa,tampered,triggered,1,0,3,qaoa
tampered_qaoa_triggered_v1_000436,benign_qaoa_v1_000436,qaoa,tampered,triggered,1,1,2,qaoa
tampered_qaoa_triggered_v1_000437,benign_qaoa_v1_000437,qaoa,tampered,triggered,1,3,3,qaoa
tampered_qaoa_triggered_v1_000438,benign_qaoa_v1_000438,qaoa,tampered,triggered,0,1,3,qaoa
tampered_qaoa_triggered_v1_000439,benign_qaoa_v1_000439,qaoa,tampered,triggered,1,4,4,qaoa
tampered_qaoa_triggered_v1_000440,benign_qaoa_v1_000440,qaoa,tampered,triggered,4,2,3,qaoa
tampered_qaoa_triggered_v1_000441,benign_qaoa_v1_000441,qaoa,tampered,triggered,0,3,2,qaoa
tampered_qaoa_triggered_v1_000442,benign_qaoa_v1_000442,qaoa,tampered,triggered,2,4,2,qaoa
tampered_qaoa_triggered_v1_000443,benign_qaoa_v1_000443,qaoa,tampered,triggered,0,0,1,qaoa
tampered_qaoa_triggered_v1_000444,benign_qaoa_v1_000444,qaoa,tampered,triggered,3,3,3,qaoa
tampered_qaoa_triggered_v1_000445,benign_qaoa_v1_000445,qaoa,tampered,triggered,2,3,2,qaoa
tampered_qaoa_triggered_v1_000446,benign_qaoa_v1_000446,qaoa,tampered,triggered,3,3,2,qaoa
tampered_qaoa_triggered_v1_000447,benign_qaoa_v1_000447,qaoa,tampered,triggered,4,4,2,qaoa
tampered_qaoa_triggered_v1_000448,benign_qaoa_v1_000448,qaoa,tampered,triggered,2,3,4,qaoa
tampered_qaoa_triggered_v1_000449,benign_qaoa_v1_000449,qaoa,tampered,triggered,4,4,0,qaoa
tampered_qaoa_triggered_v1_000450,benign_qaoa_v1_000450,qaoa,tampered,triggered,2,4,0,qaoa
tampered_qaoa_triggered_v1_000451,benign_qaoa_v1_000451,qaoa,tampered,triggered,3,1,2,qaoa
tampered_qaoa_triggered_v1_000452,benign_qaoa_v1_000452,qaoa,tampered,triggered,0,3,4,qaoa
tampered_qaoa_triggered_v1_000453,benign_qaoa_v1_000453,qaoa,tampered,triggered,2,2,4,qaoa
tampered_qaoa_triggered_v1_000454,benign_qaoa_v1_000454,qaoa,tampered,triggered,4,0,4,qaoa
tampered_qaoa_triggered_v1_000455,benign_qaoa_v1_000455,qaoa,tampered,triggered,0,3,4,qaoa
tampered_qaoa_triggered_v1_000456,benign_qaoa_v1_000456,qaoa,tampered,triggered,4,3,2,qaoa
tampered_qaoa_triggered_v1_000457,benign_qaoa_v1_000457,qaoa,tampered,triggered,4,1,1,qaoa
tampered_qaoa_triggered_v1_000458,benign_qaoa_v1_000458,qaoa,tampered,triggered,1,4,2,qaoa
tampered_qaoa_triggered_v1_000459,benign_qaoa_v1_000459,qaoa,tampered,triggered,1,1,0,qaoa
tampered_qaoa_triggered_v1_000460,benign_qaoa_v1_000460,qaoa,tampered,triggered,4,3,0,qaoa
tampered_qaoa_triggered_v1_000461,benign_qaoa_v1_000461,qaoa,tampered,triggered,0,1,3,qaoa
tampered_qaoa_triggered_v1_000462,benign_qaoa_v1_000462,qaoa,tampered,triggered,0,0,0,qaoa
tampered_qaoa_triggered_v1_000463,benign_qaoa_v1_000463,qaoa,tampered,triggered,1,0,3,qaoa
tampered_qaoa_triggered_v1_000464,benign_qaoa_v1_000464,qaoa,tampered,triggered,4,2,3,qaoa
tampered_qaoa_triggered_v1_000465,benign_qaoa_v1_000465,qaoa,tampered,triggered,2,0,1,qaoa
tampered_qaoa_triggered_v1_000466,benign_qaoa_v1_000466,qaoa,tampered,triggered,1,2,2,qaoa
tampered_qaoa_triggered_v1_000467,benign_qaoa_v1_000467,qaoa,tampered,triggered,1,4,0,qaoa
tampered_qaoa_triggered_v1_000468,benign_qaoa_v1_000468,qaoa,tampered,triggered,2,2,4,qaoa
tampered_qaoa_triggered_v1_000469,benign_qaoa_v1_000469,qaoa,tampered,triggered,3,3,1,qaoa
tampered_qaoa_triggered_v1_000470,benign_qaoa_v1_000470,qaoa,tampered,triggered,0,0,3,qaoa
tampered_qaoa_triggered_v1_000471,benign_qaoa_v1_000471,qaoa,tampered,triggered,1,3,4,qaoa
tampered_qaoa_triggered_v1_000472,benign_qaoa_v1_000472,qaoa,tampered,triggered,3,1,3,qaoa
tampered_qaoa_triggered_v1_000473,benign_qaoa_v1_000473,qaoa,tampered,triggered,1,4,3,qaoa
tampered_qaoa_triggered_v1_000474,benign_qaoa_v1_000474,qaoa,tampered,triggered,1,1,2,qaoa
tampered_qaoa_triggered_v1_000475,benign_qaoa_v1_000475,qaoa,tampered,triggered,1,1,2,qaoa
tampered_qaoa_triggered_v1_000476,benign_qaoa_v1_000476,qaoa,tampered,triggered,1,3,4,qaoa
tampered_qaoa_triggered_v1_000477,benign_qaoa_v1_000477,qaoa,tampered,triggered,4,3,2,qaoa
tampered_qaoa_triggered_v1_000478,benign_qaoa_v1_000478,qaoa,tampered,triggered,2,2,0,qaoa
tampered_qaoa_triggered_v1_000479,benign_qaoa_v1_000479,qaoa,tampered,triggered,1,4,0,qaoa
tampered_qaoa_triggered_v1_000480,benign_qaoa_v1_000480,qaoa,tampered,triggered,3,2,3,qaoa
tampered_qaoa_triggered_v1_000481,benign_qaoa_v1_000481,qaoa,tampered,triggered,0,4,3,qaoa
tampered_qaoa_triggered_v1_000482,benign_qaoa_v1_000482,qaoa,tampered,triggered,4,0,4,qaoa
tampered_qaoa_triggered_v1_000483,benign_qaoa_v1_000483,qaoa,tampered,triggered,3,2,3,qaoa
tampered_qaoa_triggered_v1_000484,benign_qaoa_v1_000484,qaoa,tampered,triggered,4,1,0,qaoa
tampered_qaoa_triggered_v1_000485,benign_qaoa_v1_000485,qaoa,tampered,triggered,4,3,2,qaoa
tampered_qaoa_triggered_v1_000486,benign_qaoa_v1_000486,qaoa,tampered,triggered,3,1,3,qaoa
tampered_qaoa_triggered_v1_000487,benign_qaoa_v1_000487,qaoa,tampered,triggered,3,4,0,qaoa
tampered_qaoa_triggered_v1_000488,benign_qaoa_v1_000488,qaoa,tampered,triggered,2,2,3,qaoa
tampered_qaoa_triggered_v1_000489,benign_qaoa_v1_000489,qaoa,tampered,triggered,3,1,1,qaoa
tampered_qaoa_triggered_v1_000490,benign_qaoa_v1_000490,qaoa,tampered,triggered,4,1,3,qaoa
tampered_qaoa_triggered_v1_000491,benign_qaoa_v1_000491,qaoa,tampered,triggered,2,4,2,qaoa
tampered_qaoa_triggered_v1_000492,benign_qaoa_v1_000492,qaoa,tampered,triggered,2,3,1,qaoa
tampered_qaoa_triggered_v1_000493,benign_qaoa_v1_000493,qaoa,tampered,triggered,0,2,4,qaoa
tampered_qaoa_triggered_v1_000494,benign_qaoa_v1_000494,qaoa,tampered,triggered,1,3,1,qaoa
tampered_qaoa_triggered_v1_000495,benign_qaoa_v1_000495,qaoa,tampered,triggered,0,0,1,qaoa
tampered_qaoa_triggered_v1_000496,benign_qaoa_v1_000496,qaoa,tampered,triggered,1,0,4,qaoa
tampered_qaoa_triggered_v1_000497,benign_qaoa_v1_000497,qaoa,tampered,triggered,2,4,3,qaoa
tampered_qaoa_triggered_v1_000498,benign_qaoa_v1_000498,qaoa,tampered,triggered,4,1,2,qaoa
tampered_qaoa_triggered_v1_000499,benign_qaoa_v1_000499,qaoa,tampered,triggered,0,4,0,qaoa
tampered_qaoa_triggered_v1_000500,benign_qaoa_v1_000500,qaoa,tampered,triggered,1,0,3,qaoa
tampered_qaoa_triggered_v1_000501,benign_qaoa_v1_000501,qaoa,tampered,triggered,2,2,0,qaoa
tampered_qaoa_triggered_v1_000502,benign_qaoa_v1_000502,qaoa,tampered,triggered,3,1,2,qaoa
tampered_qaoa_triggered_v1_000503,benign_qaoa_v1_000503,qaoa,tampered,triggered,0,4,3,qaoa
tampered_qaoa_triggered_v1_000504,benign_qaoa_v1_000504,qaoa,tampered,triggered,4,3,2,qaoa
tampered_qaoa_triggered_v1_000505,benign_qaoa_v1_000505,qaoa,tampered,triggered,4,1,2,qaoa
tampered_qaoa_triggered_v1_000506,benign_qaoa_v1_000506,qaoa,tampered,triggered,0,4,2,qaoa
tampered_qaoa_triggered_v1_000507,benign_qaoa_v1_000507,qaoa,tampered,triggered,3,1,0,qaoa
tampered_qaoa_triggered_v1_000508,benign_qaoa_v1_000508,qaoa,tampered,triggered,1,3,0,qaoa
tampered_qaoa_triggered_v1_000509,benign_qaoa_v1_000509,qaoa,tampered,triggered,2,3,4,qaoa
tampered_qaoa_triggered_v1_000510,benign_qaoa_v1_000510,qaoa,tampered,triggered,0,0,3,qaoa
tampered_qaoa_triggered_v1_000511,benign_qaoa_v1_000511,qaoa,tampered,triggered,1,3,4,qaoa
tampered_qaoa_triggered_v1_000512,benign_qaoa_v1_000512,qaoa,tampered,triggered,2,4,2,qaoa
tampered_qaoa_triggered_v1_000513,benign_qaoa_v1_000513,qaoa,tampered,triggered,0,1,4,qaoa
tampered_qaoa_triggered_v1_000514,benign_qaoa_v1_000514,qaoa,tampered,triggered,4,1,1,qaoa
tampered_qaoa_triggered_v1_000515,benign_qaoa_v1_000515,qaoa,tampered,triggered,4,4,3,qaoa
tampered_qaoa_triggered_v1_000516,benign_qaoa_v1_000516,qaoa,tampered,triggered,2,2,1,qaoa
tampered_qaoa_triggered_v1_000517,benign_qaoa_v1_000517,qaoa,tampered,triggered,1,4,4,qaoa
tampered_qaoa_triggered_v1_000518,benign_qaoa_v1_000518,qaoa,tampered,triggered,2,4,1,qaoa
tampered_qaoa_triggered_v1_000519,benign_qaoa_v1_000519,qaoa,tampered,triggered,3,3,2,qaoa
tampered_qaoa_triggered_v1_000520,benign_qaoa_v1_000520,qaoa,tampered,triggered,0,3,1,qaoa
tampered_qaoa_triggered_v1_000521,benign_qaoa_v1_000521,qaoa,tampered,triggered,0,1,4,qaoa
tampered_qaoa_triggered_v1_000522,benign_qaoa_v1_000522,qaoa,tampered,triggered,3,2,4,qaoa
tampered_qaoa_triggered_v1_000523,benign_qaoa_v1_000523,qaoa,tampered,triggered,2,4,2,qaoa
tampered_qaoa_triggered_v1_000524,benign_qaoa_v1_000524,qaoa,tampered,triggered,0,4,1,qaoa
tampered_qaoa_triggered_v1_000525,benign_qaoa_v1_000525,qaoa,tampered,triggered,2,4,4,qaoa
tampered_qaoa_triggered_v1_000526,benign_qaoa_v1_000526,qaoa,tampered,triggered,4,4,4,qaoa
tampered_qaoa_triggered_v1_000527,benign_qaoa_v1_000527,qaoa,tampered,triggered,4,2,0,qaoa
tampered_qaoa_triggered_v1_000528,benign_qaoa_v1_000528,qaoa,tampered,triggered,0,2,0,qaoa
tampered_qaoa_triggered_v1_000529,benign_qaoa_v1_000529,qaoa,tampered,triggered,0,1,4,qaoa
tampered_qaoa_triggered_v1_000530,benign_qaoa_v1_000530,qaoa,tampered,triggered,0,2,0,qaoa
tampered_qaoa_triggered_v1_000531,benign_qaoa_v1_000531,qaoa,tampered,triggered,4,1,1,qaoa
tampered_qaoa_triggered_v1_000532,benign_qaoa_v1_000532,qaoa,tampered,triggered,3,0,4,qaoa
tampered_qaoa_triggered_v1_000533,benign_qaoa_v1_000533,qaoa,tampered,triggered,1,3,2,qaoa
tampered_qaoa_triggered_v1_000534,benign_qaoa_v1_000534,qaoa,tampered,triggered,1,4,3,qaoa
tampered_qaoa_triggered_v1_000535,benign_qaoa_v1_000535,qaoa,tampered,triggered,4,3,4,qaoa
tampered_qaoa_triggered_v1_000536,benign_qaoa_v1_000536,qaoa,tampered,triggered,1,0,2,qaoa
tampered_qaoa_triggered_v1_000537,benign_qaoa_v1_000537,qaoa,tampered,triggered,4,3,2,qaoa
tampered_qaoa_triggered_v1_000538,benign_qaoa_v1_000538,qaoa,tampered,triggered,3,2,4,qaoa
tampered_qaoa_triggered_v1_000539,benign_qaoa_v1_000539,qaoa,tampered,triggered,2,2,0,qaoa
tampered_qaoa_triggered_v1_000540,benign_qaoa_v1_000540,qaoa,tampered,triggered,4,3,2,qaoa
tampered_qaoa_triggered_v1_000541,benign_qaoa_v1_000541,qaoa,tampered,triggered,3,4,3,qaoa
tampered_qaoa_triggered_v1_000542,benign_qaoa_v1_000542,qaoa,tampered,triggered,2,3,1,qaoa
tampered_qaoa_triggered_v1_000543,benign_qaoa_v1_000543,qaoa,tampered,triggered,0,4,2,qaoa
tampered_qaoa_triggered_v1_000544,benign_qaoa_v1_000544,qaoa,tampered,triggered,4,2,0,qaoa
tampered_qaoa_triggered_v1_000545,benign_qaoa_v1_000545,qaoa,tampered,triggered,4,2,4,qaoa
tampered_qaoa_triggered_v1_000546,benign_qaoa_v1_000546,qaoa,tampered,triggered,1,2,4,qaoa
tampered_qaoa_triggered_v1_000547,benign_qaoa_v1_000547,qaoa,tampered,triggered,2,4,4,qaoa
tampered_qaoa_triggered_v1_000548,benign_qaoa_v1_000548,qaoa,tampered,triggered,0,0,2,qaoa
tampered_qaoa_triggered_v1_000549,benign_qaoa_v1_000549,qaoa,tampered,triggered,0,4,4,qaoa
tampered_qaoa_triggered_v1_000550,benign_qaoa_v1_000550,qaoa,tampered,triggered,4,2,4,qaoa
tampered_qaoa_triggered_v1_000551,benign_qaoa_v1_000551,qaoa,tampered,triggered,4,1,4,qaoa
tampered_qaoa_triggered_v1_000552,benign_qaoa_v1_000552,qaoa,tampered,triggered,3,3,1,qaoa
tampered_qaoa_triggered_v1_000553,benign_qaoa_v1_000553,qaoa,tampered,triggered,0,3,0,qaoa
tampered_qaoa_triggered_v1_000554,benign_qaoa_v1_000554,qaoa,tampered,triggered,2,0,4,qaoa
tampered_qaoa_triggered_v1_000555,benign_qaoa_v1_000555,qaoa,tampered,triggered,1,4,0,qaoa
tampered_qaoa_triggered_v1_000556,benign_qaoa_v1_000556,qaoa,tampered,triggered,3,3,4,qaoa
tampered_qaoa_triggered_v1_000557,benign_qaoa_v1_000557,qaoa,tampered,triggered,3,3,1,qaoa
tampered_qaoa_triggered_v1_000558,benign_qaoa_v1_000558,qaoa,tampered,triggered,0,3,1,qaoa
tampered_qaoa_triggered_v1_000559,benign_qaoa_v1_000559,qaoa,tampered,triggered,4,1,2,qaoa
tampered_qaoa_triggered_v1_000560,benign_qaoa_v1_000560,qaoa,tampered,triggered,2,0,1,qaoa
tampered_qaoa_triggered_v1_000561,benign_qaoa_v1_000561,qaoa,tampered,triggered,0,3,1,qaoa
tampered_qaoa_triggered_v1_000562,benign_qaoa_v1_000562,qaoa,tampered,triggered,3,1,0,qaoa
tampered_qaoa_triggered_v1_000563,benign_qaoa_v1_000563,qaoa,tampered,triggered,4,1,4,qaoa
tampered_qaoa_triggered_v1_000564,benign_qaoa_v1_000564,qaoa,tampered,triggered,4,0,4,qaoa
tampered_qaoa_triggered_v1_000565,benign_qaoa_v1_000565,qaoa,tampered,triggered,4,4,1,qaoa
tampered_qaoa_triggered_v1_000566,benign_qaoa_v1_000566,qaoa,tampered,triggered,4,2,2,qaoa
tampered_qaoa_triggered_v1_000567,benign_qaoa_v1_000567,qaoa,tampered,triggered,2,2,3,qaoa
tampered_qaoa_triggered_v1_000568,benign_qaoa_v1_000568,qaoa,tampered,triggered,1,1,0,qaoa
tampered_qaoa_triggered_v1_000569,benign_qaoa_v1_000569,qaoa,tampered,triggered,4,4,0,qaoa
tampered_qaoa_triggered_v1_000570,benign_qaoa_v1_000570,qaoa,tampered,triggered,3,3,2,qaoa
tampered_qaoa_triggered_v1_000571,benign_qaoa_v1_000571,qaoa,tampered,triggered,3,1,4,qaoa
tampered_qaoa_triggered_v1_000572,benign_qaoa_v1_000572,qaoa,tampered,triggered,0,0,0,qaoa
tampered_qaoa_triggered_v1_000573,benign_qaoa_v1_000573,qaoa,tampered,triggered,4,0,4,qaoa
tampered_qaoa_triggered_v1_000574,benign_qaoa_v1_000574,qaoa,tampered,triggered,3,0,3,qaoa
tampered_qaoa_triggered_v1_000575,benign_qaoa_v1_000575,qaoa,tampered,triggered,3,1,2,qaoa
tampered_qaoa_triggered_v1_000576,benign_qaoa_v1_000576,qaoa,tampered,triggered,2,0,4,qaoa
tampered_qaoa_triggered_v1_000577,benign_qaoa_v1_000577,qaoa,tampered,triggered,4,1,2,qaoa
tampered_qaoa_triggered_v1_000578,benign_qaoa_v1_000578,qaoa,tampered,triggered,4,0,4,qaoa
tampered_qaoa_triggered_v1_000579,benign_qaoa_v1_000579,qaoa,tampered,triggered,1,1,1,qaoa
tampered_qaoa_triggered_v1_000580,benign_qaoa_v1_000580,qaoa,tampered,triggered,0,1,0,qaoa
tampered_qaoa_triggered_v1_000581,benign_qaoa_v1_000581,qaoa,tampered,triggered,0,0,2,qaoa
tampered_qaoa_triggered_v1_000582,benign_qaoa_v1_000582,qaoa,tampered,triggered,4,0,4,qaoa
tampered_qaoa_triggered_v1_000583,benign_qaoa_v1_000583,qaoa,tampered,triggered,0,0,2,qaoa
tampered_qaoa_triggered_v1_000584,benign_qaoa_v1_000584,qaoa,tampered,triggered,2,0,1,qaoa
tampered_qaoa_triggered_v1_000585,benign_qaoa_v1_000585,qaoa,tampered,triggered,4,1,0,qaoa
tampered_qaoa_triggered_v1_000586,benign_qaoa_v1_000586,qaoa,tampered,triggered,4,2,3,qaoa
tampered_qaoa_triggered_v1_000587,benign_qaoa_v1_000587,qaoa,tampered,triggered,0,3,0,qaoa
tampered_qaoa_triggered_v1_000588,benign_qaoa_v1_000588,qaoa,tampered,triggered,2,3,3,qaoa
tampered_qaoa_triggered_v1_000589,benign_qaoa_v1_000589,qaoa,tampered,triggered,3,4,4,qaoa
tampered_qaoa_triggered_v1_000590,benign_qaoa_v1_000590,qaoa,tampered,triggered,0,2,1,qaoa
tampered_qaoa_triggered_v1_000591,benign_qaoa_v1_000591,qaoa,tampered,triggered,4,3,0,qaoa
tampered_qaoa_triggered_v1_000592,benign_qaoa_v1_000592,qaoa,tampered,triggered,1,4,0,qaoa
tampered_qaoa_triggered_v1_000593,benign_qaoa_v1_000593,qaoa,tampered,triggered,2,2,0,qaoa
tampered_qaoa_triggered_v1_000594,benign_qaoa_v1_000594,qaoa,tampered,triggered,0,3,1,qaoa
tampered_qaoa_triggered_v1_000595,benign_qaoa_v1_000595,qaoa,tampered,triggered,2,2,4,qaoa
tampered_qaoa_triggered_v1_000596,benign_qaoa_v1_000596,qaoa,tampered,triggered,3,3,1,qaoa
tampered_qaoa_triggered_v1_000597,benign_qaoa_v1_000597,qaoa,tampered,triggered,0,3,3,qaoa
tampered_qaoa_triggered_v1_000598,benign_qaoa_v1_000598,qaoa,tampered,triggered,1,3,2,qaoa
tampered_qaoa_triggered_v1_000599,benign_qaoa_v1_000599,qaoa,tampered,triggered,4,3,1,qaoa
tampered_vqc_static_v1_000000,benign_vqc_v1_000000,vqc,tampered,static,4,0,2,vqc
tampered_vqc_static_v1_000001,benign_vqc_v1_000001,vqc,tampered,static,0,1,2,vqc
tampered_vqc_static_v1_000002,benign_vqc_v1_000002,vqc,tampered,static,0,1,0,vqc
tampered_vqc_static_v1_000003,benign_vqc_v1_000003,vqc,tampered,static,1,0,2,vqc
tampered_vqc_static_v1_000004,benign_vqc_v1_000004,vqc,tampered,static,3,1,3,vqc
tampered_vqc_static_v1_000005,benign_vqc_v1_000005,vqc,tampered,static,0,1,3,vqc
tampered_vqc_static_v1_000006,benign_vqc_v1_000006,vqc,tampered,static,1,4,4,vqc
tampered_vqc_static_v1_000007,benign_vqc_v1_000007,vqc,tampered,static,0,0,3,vqc
tampered_vqc_static_v1_000008,benign_vqc_v1_000008,vqc,tampered,static,2,4,1,vqc
tampered_vqc_static_v1_000009,benign_vqc_v1_000009,vqc,tampered,static,3,2,1,vqc
tampered_vqc_static_v1_000010,benign_vqc_v1_000010,vqc,tampered,static,0,0,3,vqc
tampered_vqc_static_v1_000011,benign_vqc_v1_000011,vqc,tampered,static,4,1,1,vqc
tampered_vqc_static_v1_000012,benign_vqc_v1_000012,vqc,tampered,static,0,2,1,vqc
tampered_vqc_static_v1_000013,benign_vqc_v1_000013,vqc,tampered,static,3,0,0,vqc
tampered_vqc_static_v1_000014,benign_vqc_v1_000014,vqc,tampered,static,4,4,3,vqc
tampered_vqc_static_v1_000015,benign_vqc_v1_000015,vqc,tampered,static,0,2,0,vqc
tampered_vqc_static_v1_000016,benign_vqc_v1_000016,vqc,tampered,static,2,4,3,vqc
tampered_vqc_static_v1_000017,benign_vqc_v1_000017,vqc,tampered,static,3,2,3,vqc
tampered_vqc_static_v1_000018,benign_vqc_v1_000018,vqc,tampered,static,2,3,0,vqc
tampered_vqc_static_v1_000019,benign_vqc_v1_000019,vqc,tampered,static,1,0,2,vqc
tampered_vqc_static_v1_000020,benign_vqc_v1_000020,vqc,tampered,static,0,3,4,vqc
tampered_vqc_static_v1_000021,benign_vqc_v1_000021,vqc,tampered,static,1,2,3,vqc
tampered_vqc_static_v1_000022,benign_vqc_v1_000022,vqc,tampered,static,1,4,3,vqc
tampered_vqc_static_v1_000023,benign_vqc_v1_000023,vqc,tampered,static,1,4,3,vqc
tampered_vqc_static_v1_000024,benign_vqc_v1_000024,vqc,tampered,static,3,4,3,vqc
tampered_vqc_static_v1_000025,benign_vqc_v1_000025,vqc,tampered,static,2,1,4,vqc
tampered_vqc_static_v1_000026,benign_vqc_v1_000026,vqc,tampered,static,3,4,2,vqc
tampered_vqc_static_v1_000027,benign_vqc_v1_000027,vqc,tampered,static,0,4,4,vqc
tampered_vqc_static_v1_000028,benign_vqc_v1_000028,vqc,tampered,static,0,2,3,vqc
tampered_vqc_static_v1_000029,benign_vqc_v1_000029,vqc,tampered,static,4,0,3,vqc
tampered_vqc_static_v1_000030,benign_vqc_v1_000030,vqc,tampered,static,0,2,1,vqc
tampered_vqc_static_v1_000031,benign_vqc_v1_000031,vqc,tampered,static,4,0,2,vqc
tampered_vqc_static_v1_000032,benign_vqc_v1_000032,vqc,tampered,static,3,2,0,vqc
tampered_vqc_static_v1_000033,benign_vqc_v1_000033,vqc,tampered,static,1,2,2,vqc
tampered_vqc_static_v1_000034,benign_vqc_v1_000034,vqc,tampered,static,1,0,4,vqc
tampered_vqc_static_v1_000035,benign_vqc_v1_000035,vqc,tampered,static,2,3,2,vqc
tampered_vqc_static_v1_000036,benign_vqc_v1_000036,vqc,tampered,static,1,3,0,vqc
tampered_vqc_static_v1_000037,benign_vqc_v1_000037,vqc,tampered,static,1,0,1,vqc
tampered_vqc_static_v1_000038,benign_vqc_v1_000038,vqc,tampered,static,4,4,2,vqc
tampered_vqc_static_v1_000039,benign_vqc_v1_000039,vqc,tampered,static,1,1,2,vqc
tampered_vqc_static_v1_000040,benign_vqc_v1_000040,vqc,tampered,static,4,0,2,vqc
tampered_vqc_static_v1_000041,benign_vqc_v1_000041,vqc,tampered,static,2,2,4,vqc
tampered_vqc_static_v1_000042,benign_vqc_v1_000042,vqc,tampered,static,0,0,4,vqc
tampered_vqc_static_v1_000043,benign_vqc_v1_000043,vqc,tampered,static,2,2,0,vqc
tampered_vqc_static_v1_000044,benign_vqc_v1_000044,vqc,tampered,static,3,2,4,vqc
tampered_vqc_static_v1_000045,benign_vqc_v1_000045,vqc,tampered,static,3,0,3,vqc
tampered_vqc_static_v1_000046,benign_vqc_v1_000046,vqc,tampered,static,4,0,2,vqc
tampered_vqc_static_v1_000047,benign_vqc_v1_000047,vqc,tampered,static,2,0,2,vqc
tampered_vqc_static_v1_000048,benign_vqc_v1_000048,vqc,tampered,static,3,2,2,vqc
tampered_vqc_static_v1_000049,benign_vqc_v1_000049,vqc,tampered,static,0,0,4,vqc
tampered_vqc_static_v1_000050,benign_vqc_v1_000050,vqc,tampered,static,1,1,4,vqc
tampered_vqc_static_v1_000051,benign_vqc_v1_000051,vqc,tampered,static,1,4,1,vqc
tampered_vqc_static_v1_000052,benign_vqc_v1_000052,vqc,tampered,static,0,4,3,vqc
tampered_vqc_static_v1_000053,benign_vqc_v1_000053,vqc,tampered,static,4,2,4,vqc
tampered_vqc_static_v1_000054,benign_vqc_v1_000054,vqc,tampered,static,4,2,3,vqc
tampered_vqc_static_v1_000055,benign_vqc_v1_000055,vqc,tampered,static,1,2,1,vqc
tampered_vqc_static_v1_000056,benign_vqc_v1_000056,vqc,tampered,static,3,3,4,vqc
tampered_vqc_static_v1_000057,benign_vqc_v1_000057,vqc,tampered,static,4,3,0,vqc
tampered_vqc_static_v1_000058,benign_vqc_v1_000058,vqc,tampered,static,3,3,2,vqc
tampered_vqc_static_v1_000059,benign_vqc_v1_000059,vqc,tampered,static,2,0,3,vqc
tampered_vqc_static_v1_000060,benign_vqc_v1_000060,vqc,tampered,static,3,1,2,vqc
tampered_vqc_static_v1_000061,benign_vqc_v1_000061,vqc,tampered,static,2,0,3,vqc
tampered_vqc_static_v1_000062,benign_vqc_v1_000062,vqc,tampered,static,0,1,4,vqc
tampered_vqc_static_v1_000063,benign_vqc_v1_000063,vqc,tampered,static,4,1,1,vqc
tampered_vqc_static_v1_000064,benign_vqc_v1_000064,vqc,tampered,static,0,3,1,vqc
tampered_vqc_static_v1_000065,benign_vqc_v1_000065,vqc,tampered,static,2,3,2,vqc
tampered_vqc_static_v1_000066,benign_vqc_v1_000066,vqc,tampered,static,3,3,4,vqc
tampered_vqc_static_v1_000067,benign_vqc_v1_000067,vqc,tampered,static,3,3,0,vqc
tampered_vqc_static_v1_000068,benign_vqc_v1_000068,vqc,tampered,static,3,4,0,vqc
tampered_vqc_static_v1_000069,benign_vqc_v1_000069,vqc,tampered,static,2,3,0,vqc
tampered_vqc_static_v1_000070,benign_vqc_v1_000070,vqc,tampered,static,4,4,2,vqc
tampered_vqc_static_v1_000071,benign_vqc_v1_000071,vqc,tampered,static,4,2,4,vqc
tampered_vqc_static_v1_000072,benign_vqc_v1_000072,vqc,tampered,static,1,1,4,vqc
tampered_vqc_static_v1_000073,benign_vqc_v1_000073,vqc,tampered,static,1,4,1,vqc
tampered_vqc_static_v1_000074,benign_vqc_v1_000074,vqc,tampered,static,1,3,1,vqc
tampered_vqc_static_v1_000075,benign_vqc_v1_000075,vqc,tampered,static,4,1,2,vqc
tampered_vqc_static_v1_000076,benign_vqc_v1_000076,vqc,tampered,static,0,0,0,vqc
tampered_vqc_static_v1_000077,benign_vqc_v1_000077,vqc,tampered,static,2,4,1,vqc
tampered_vqc_static_v1_000078,benign_vqc_v1_000078,vqc,tampered,static,2,2,3,vqc
tampered_vqc_static_v1_000079,benign_vqc_v1_000079,vqc,tampered,static,1,4,0,vqc
tampered_vqc_static_v1_000080,benign_vqc_v1_000080,vqc,tampered,static,2,3,1,vqc
tampered_vqc_static_v1_000081,benign_vqc_v1_000081,vqc,tampered,static,4,3,2,vqc
tampered_vqc_static_v1_000082,benign_vqc_v1_000082,vqc,tampered,static,3,4,2,vqc
tampered_vqc_static_v1_000083,benign_vqc_v1_000083,vqc,tampered,static,0,1,1,vqc
tampered_vqc_static_v1_000084,benign_vqc_v1_000084,vqc,tampered,static,0,2,4,vqc
tampered_vqc_static_v1_000085,benign_vqc_v1_000085,vqc,tampered,static,4,0,2,vqc
tampered_vqc_static_v1_000086,benign_vqc_v1_000086,vqc,tampered,static,1,0,4,vqc
tampered_vqc_static_v1_000087,benign_vqc_v1_000087,vqc,tampered,static,3,2,3,vqc
tampered_vqc_static_v1_000088,benign_vqc_v1_000088,vqc,tampered,static,4,2,0,vqc
tampered_vqc_static_v1_000089,benign_vqc_v1_000089,vqc,tampered,static,0,2,0,vqc
tampered_vqc_static_v1_000090,benign_vqc_v1_000090,vqc,tampered,static,2,3,1,vqc
tampered_vqc_static_v1_000091,benign_vqc_v1_000091,vqc,tampered,static,4,1,2,vqc
tampered_vqc_static_v1_000092,benign_vqc_v1_000092,vqc,tampered,static,2,4,3,vqc
tampered_vqc_static_v1_000093,benign_vqc_v1_000093,vqc,tampered,static,4,3,3,vqc
tampered_vqc_static_v1_000094,benign_vqc_v1_000094,vqc,tampered,static,2,1,0,vqc
tampered_vqc_static_v1_000095,benign_vqc_v1_000095,vqc,tampered,static,0,2,4,vqc
tampered_vqc_static_v1_000096,benign_vqc_v1_000096,vqc,tampered,static,0,4,2,vqc
tampered_vqc_static_v1_000097,benign_vqc_v1_000097,vqc,tampered,static,4,3,2,vqc
tampered_vqc_static_v1_000098,benign_vqc_v1_000098,vqc,tampered,static,0,4,2,vqc
tampered_vqc_static_v1_000099,benign_vqc_v1_000099,vqc,tampered,static,3,1,1,vqc
tampered_vqc_static_v1_000100,benign_vqc_v1_000100,vqc,tampered,static,4,2,0,vqc
tampered_vqc_static_v1_000101,benign_vqc_v1_000101,vqc,tampered,static,4,0,4,vqc
tampered_vqc_static_v1_000102,benign_vqc_v1_000102,vqc,tampered,static,2,3,3,vqc
tampered_vqc_static_v1_000103,benign_vqc_v1_000103,vqc,tampered,static,4,2,2,vqc
tampered_vqc_static_v1_000104,benign_vqc_v1_000104,vqc,tampered,static,1,0,4,vqc
tampered_vqc_static_v1_000105,benign_vqc_v1_000105,vqc,tampered,static,1,4,0,vqc
tampered_vqc_static_v1_000106,benign_vqc_v1_000106,vqc,tampered,static,1,0,0,vqc
tampered_vqc_static_v1_000107,benign_vqc_v1_000107,vqc,tampered,static,0,2,0,vqc
tampered_vqc_static_v1_000108,benign_vqc_v1_000108,vqc,tampered,static,3,2,4,vqc
tampered_vqc_static_v1_000109,benign_vqc_v1_000109,vqc,tampered,static,0,3,2,vqc
tampered_vqc_static_v1_000110,benign_vqc_v1_000110,vqc,tampered,static,2,0,1,vqc
tampered_vqc_static_v1_000111,benign_vqc_v1_000111,vqc,tampered,static,0,0,1,vqc
tampered_vqc_static_v1_000112,benign_vqc_v1_000112,vqc,tampered,static,0,0,4,vqc
tampered_vqc_static_v1_000113,benign_vqc_v1_000113,vqc,tampered,static,4,0,2,vqc
tampered_vqc_static_v1_000114,benign_vqc_v1_000114,vqc,tampered,static,3,4,3,vqc
tampered_vqc_static_v1_000115,benign_vqc_v1_000115,vqc,tampered,static,2,0,0,vqc
tampered_vqc_static_v1_000116,benign_vqc_v1_000116,vqc,tampered,static,2,0,0,vqc
tampered_vqc_static_v1_000117,benign_vqc_v1_000117,vqc,tampered,static,4,0,0,vqc
tampered_vqc_static_v1_000118,benign_vqc_v1_000118,vqc,tampered,static,4,2,3,vqc
tampered_vqc_static_v1_000119,benign_vqc_v1_000119,vqc,tampered,static,3,4,2,vqc
tampered_vqc_static_v1_000120,benign_vqc_v1_000120,vqc,tampered,static,2,4,1,vqc
tampered_vqc_static_v1_000121,benign_vqc_v1_000121,vqc,tampered,static,3,2,0,vqc
tampered_vqc_static_v1_000122,benign_vqc_v1_000122,vqc,tampered,static,4,2,3,vqc
tampered_vqc_static_v1_000123,benign_vqc_v1_000123,vqc,tampered,static,3,1,2,vqc
tampered_vqc_static_v1_000124,benign_vqc_v1_000124,vqc,tampered,static,1,1,0,vqc
tampered_vqc_static_v1_000125,benign_vqc_v1_000125,vqc,tampered,static,1,2,3,vqc
tampered_vqc_static_v1_000126,benign_vqc_v1_000126,vqc,tampered,static,1,4,3,vqc
tampered_vqc_static_v1_000127,benign_vqc_v1_000127,vqc,tampered,static,3,1,2,vqc
tampered_vqc_static_v1_000128,benign_vqc_v1_000128,vqc,tampered,static,0,3,1,vqc
tampered_vqc_static_v1_000129,benign_vqc_v1_000129,vqc,tampered,static,1,3,3,vqc
tampered_vqc_static_v1_000130,benign_vqc_v1_000130,vqc,tampered,static,3,2,1,vqc
tampered_vqc_static_v1_000131,benign_vqc_v1_000131,vqc,tampered,static,4,4,0,vqc
tampered_vqc_static_v1_000132,benign_vqc_v1_000132,vqc,tampered,static,1,1,0,vqc
tampered_vqc_static_v1_000133,benign_vqc_v1_000133,vqc,tampered,static,4,0,1,vqc
tampered_vqc_static_v1_000134,benign_vqc_v1_000134,vqc,tampered,static,3,4,1,vqc
tampered_vqc_static_v1_000135,benign_vqc_v1_000135,vqc,tampered,static,4,4,4,vqc
tampered_vqc_static_v1_000136,benign_vqc_v1_000136,vqc,tampered,static,0,4,4,vqc
tampered_vqc_static_v1_000137,benign_vqc_v1_000137,vqc,tampered,static,0,0,2,vqc
tampered_vqc_static_v1_000138,benign_vqc_v1_000138,vqc,tampered,static,0,4,0,vqc
tampered_vqc_static_v1_000139,benign_vqc_v1_000139,vqc,tampered,static,3,1,4,vqc
tampered_vqc_static_v1_000140,benign_vqc_v1_000140,vqc,tampered,static,2,1,0,vqc
tampered_vqc_static_v1_000141,benign_vqc_v1_000141,vqc,tampered,static,0,2,3,vqc
tampered_vqc_static_v1_000142,benign_vqc_v1_000142,vqc,tampered,static,2,4,3,vqc
tampered_vqc_static_v1_000143,benign_vqc_v1_000143,vqc,tampered,static,1,1,3,vqc
tampered_vqc_static_v1_000144,benign_vqc_v1_000144,vqc,tampered,static,4,2,4,vqc
tampered_vqc_static_v1_000145,benign_vqc_v1_000145,vqc,tampered,static,2,1,4,vqc
tampered_vqc_static_v1_000146,benign_vqc_v1_000146,vqc,tampered,static,2,2,0,vqc
tampered_vqc_static_v1_000147,benign_vqc_v1_000147,vqc,tampered,static,3,1,4,vqc
tampered_vqc_static_v1_000148,benign_vqc_v1_000148,vqc,tampered,static,3,3,3,vqc
tampered_vqc_static_v1_000149,benign_vqc_v1_000149,vqc,tampered,static,3,2,3,vqc
tampered_vqc_static_v1_000150,benign_vqc_v1_000150,vqc,tampered,static,2,4,0,vqc
tampered_vqc_static_v1_000151,benign_vqc_v1_000151,vqc,tampered,static,2,0,2,vqc
tampered_vqc_static_v1_000152,benign_vqc_v1_000152,vqc,tampered,static,2,1,0,vqc
tampered_vqc_static_v1_000153,benign_vqc_v1_000153,vqc,tampered,static,1,4,2,vqc
tampered_vqc_static_v1_000154,benign_vqc_v1_000154,vqc,tampered,static,3,0,1,vqc
tampered_vqc_static_v1_000155,benign_vqc_v1_000155,vqc,tampered,static,2,1,2,vqc
tampered_vqc_static_v1_000156,benign_vqc_v1_000156,vqc,tampered,static,1,0,3,vqc
tampered_vqc_static_v1_000157,benign_vqc_v1_000157,vqc,tampered,static,3,3,1,vqc
tampered_vqc_static_v1_000158,benign_vqc_v1_000158,vqc,tampered,static,0,3,1,vqc
tampered_vqc_static_v1_000159,benign_vqc_v1_000159,vqc,tampered,static,2,4,1,vqc
tampered_vqc_static_v1_000160,benign_vqc_v1_000160,vqc,tampered,static,2,2,2,vqc
tampered_vqc_static_v1_000161,benign_vqc_v1_000161,vqc,tampered,static,0,3,3,vqc
tampered_vqc_static_v1_000162,benign_vqc_v1_000162,vqc,tampered,static,3,3,3,vqc
tampered_vqc_static_v1_000163,benign_vqc_v1_000163,vqc,tampered,static,0,0,3,vqc
tampered_vqc_static_v1_000164,benign_vqc_v1_000164,vqc,tampered,static,4,1,4,vqc
tampered_vqc_static_v1_000165,benign_vqc_v1_000165,vqc,tampered,static,0,3,1,vqc
tampered_vqc_static_v1_000166,benign_vqc_v1_000166,vqc,tampered,static,3,4,3,vqc
tampered_vqc_static_v1_000167,benign_vqc_v1_000167,vqc,tampered,static,1,1,2,vqc
tampered_vqc_static_v1_000168,benign_vqc_v1_000168,vqc,tampered,static,1,4,4,vqc
tampered_vqc_static_v1_000169,benign_vqc_v1_000169,vqc,tampered,static,3,2,3,vqc
tampered_vqc_static_v1_000170,benign_vqc_v1_000170,vqc,tampered,static,3,4,1,vqc
tampered_vqc_static_v1_000171,benign_vqc_v1_000171,vqc,tampered,static,4,1,2,vqc
tampered_vqc_static_v1_000172,benign_vqc_v1_000172,vqc,tampered,static,1,2,1,vqc
tampered_vqc_static_v1_000173,benign_vqc_v1_000173,vqc,tampered,static,3,0,1,vqc
tampered_vqc_static_v1_000174,benign_vqc_v1_000174,vqc,tampered,static,4,2,0,vqc
tampered_vqc_static_v1_000175,benign_vqc_v1_000175,vqc,tampered,static,0,1,1,vqc
tampered_vqc_static_v1_000176,benign_vqc_v1_000176,vqc,tampered,static,2,4,2,vqc
tampered_vqc_static_v1_000177,benign_vqc_v1_000177,vqc,tampered,static,3,2,1,vqc
tampered_vqc_static_v1_000178,benign_vqc_v1_000178,vqc,tampered,static,2,0,4,vqc
tampered_vqc_static_v1_000179,benign_vqc_v1_000179,vqc,tampered,static,4,4,3,vqc
tampered_vqc_static_v1_000180,benign_vqc_v1_000180,vqc,tampered,static,4,0,2,vqc
tampered_vqc_static_v1_000181,benign_vqc_v1_000181,vqc,tampered,static,2,2,0,vqc
tampered_vqc_static_v1_000182,benign_vqc_v1_000182,vqc,tampered,static,3,2,3,vqc
tampered_vqc_static_v1_000183,benign_vqc_v1_000183,vqc,tampered,static,0,0,0,vqc
tampered_vqc_static_v1_000184,benign_vqc_v1_000184,vqc,tampered,static,2,3,2,vqc
tampered_vqc_static_v1_000185,benign_vqc_v1_000185,vqc,tampered,static,3,2,4,vqc
tampered_vqc_static_v1_000186,benign_vqc_v1_000186,vqc,tampered,static,0,0,1,vqc
tampered_vqc_static_v1_000187,benign_vqc_v1_000187,vqc,tampered,static,2,3,2,vqc
tampered_vqc_static_v1_000188,benign_vqc_v1_000188,vqc,tampered,static,4,2,3,vqc
tampered_vqc_static_v1_000189,benign_vqc_v1_000189,vqc,tampered,static,1,4,4,vqc
tampered_vqc_static_v1_000190,benign_vqc_v1_000190,vqc,tampered,static,4,3,0,vqc
tampered_vqc_static_v1_000191,benign_vqc_v1_000191,vqc,tampered,static,4,0,3,vqc
tampered_vqc_static_v1_000192,benign_vqc_v1_000192,vqc,tampered,static,2,3,4,vqc
tampered_vqc_static_v1_000193,benign_vqc_v1_000193,vqc,tampered,static,1,4,4,vqc
tampered_vqc_static_v1_000194,benign_vqc_v1_000194,vqc,tampered,static,1,0,4,vqc
tampered_vqc_static_v1_000195,benign_vqc_v1_000195,vqc,tampered,static,2,3,1,vqc
tampered_vqc_static_v1_000196,benign_vqc_v1_000196,vqc,tampered,static,3,3,1,vqc
tampered_vqc_static_v1_000197,benign_vqc_v1_000197,vqc,tampered,static,1,4,2,vqc
tampered_vqc_static_v1_000198,benign_vqc_v1_000198,vqc,tampered,static,4,0,4,vqc
tampered_vqc_static_v1_000199,benign_vqc_v1_000199,vqc,tampered,static,3,1,1,vqc
tampered_vqc_static_v1_000200,benign_vqc_v1_000200,vqc,tampered,static,3,3,1,vqc
tampered_vqc_static_v1_000201,benign_vqc_v1_000201,vqc,tampered,static,4,3,3,vqc
tampered_vqc_static_v1_000202,benign_vqc_v1_000202,vqc,tampered,static,3,2,1,vqc
tampered_vqc_static_v1_000203,benign_vqc_v1_000203,vqc,tampered,static,2,4,1,vqc
tampered_vqc_static_v1_000204,benign_vqc_v1_000204,vqc,tampered,static,1,3,2,vqc
tampered_vqc_static_v1_000205,benign_vqc_v1_000205,vqc,tampered,static,4,2,1,vqc
tampered_vqc_static_v1_000206,benign_vqc_v1_000206,vqc,tampered,static,3,1,4,vqc
tampered_vqc_static_v1_000207,benign_vqc_v1_000207,vqc,tampered,static,3,4,3,vqc
tampered_vqc_static_v1_000208,benign_vqc_v1_000208,vqc,tampered,static,0,2,3,vqc
tampered_vqc_static_v1_000209,benign_vqc_v1_000209,vqc,tampered,static,0,4,3,vqc
tampered_vqc_static_v1_000210,benign_vqc_v1_000210,vqc,tampered,static,3,2,3,vqc
tampered_vqc_static_v1_000211,benign_vqc_v1_000211,vqc,tampered,static,0,1,4,vqc
tampered_vqc_static_v1_000212,benign_vqc_v1_000212,vqc,tampered,static,3,1,1,vqc
tampered_vqc_static_v1_000213,benign_vqc_v1_000213,vqc,tampered,static,0,3,0,vqc
tampered_vqc_static_v1_000214,benign_vqc_v1_000214,vqc,tampered,static,3,2,0,vqc
tampered_vqc_static_v1_000215,benign_vqc_v1_000215,vqc,tampered,static,1,2,3,vqc
tampered_vqc_static_v1_000216,benign_vqc_v1_000216,vqc,tampered,static,0,0,4,vqc
tampered_vqc_static_v1_000217,benign_vqc_v1_000217,vqc,tampered,static,0,4,4,vqc
tampered_vqc_static_v1_000218,benign_vqc_v1_000218,vqc,tampered,static,1,4,0,vqc
tampered_vqc_static_v1_000219,benign_vqc_v1_000219,vqc,tampered,static,1,3,0,vqc
tampered_vqc_static_v1_000220,benign_vqc_v1_000220,vqc,tampered,static,3,2,0,vqc
tampered_vqc_static_v1_000221,benign_vqc_v1_000221,vqc,tampered,static,1,2,3,vqc
tampered_vqc_static_v1_000222,benign_vqc_v1_000222,vqc,tampered,static,1,2,3,vqc
tampered_vqc_static_v1_000223,benign_vqc_v1_000223,vqc,tampered,static,0,1,1,vqc
tampered_vqc_static_v1_000224,benign_vqc_v1_000224,vqc,tampered,static,0,2,2,vqc
tampered_vqc_static_v1_000225,benign_vqc_v1_000225,vqc,tampered,static,2,3,0,vqc
tampered_vqc_static_v1_000226,benign_vqc_v1_000226,vqc,tampered,static,2,1,4,vqc
tampered_vqc_static_v1_000227,benign_vqc_v1_000227,vqc,tampered,static,1,3,3,vqc
tampered_vqc_static_v1_000228,benign_vqc_v1_000228,vqc,tampered,static,2,4,1,vqc
tampered_vqc_static_v1_000229,benign_vqc_v1_000229,vqc,tampered,static,4,1,3,vqc
tampered_vqc_static_v1_000230,benign_vqc_v1_000230,vqc,tampered,static,2,3,1,vqc
tampered_vqc_static_v1_000231,benign_vqc_v1_000231,vqc,tampered,static,3,1,4,vqc
tampered_vqc_static_v1_000232,benign_vqc_v1_000232,vqc,tampered,static,2,2,2,vqc
tampered_vqc_static_v1_000233,benign_vqc_v1_000233,vqc,tampered,static,0,1,0,vqc
tampered_vqc_static_v1_000234,benign_vqc_v1_000234,vqc,tampered,static,1,3,1,vqc
tampered_vqc_static_v1_000235,benign_vqc_v1_000235,vqc,tampered,static,1,4,0,vqc
tampered_vqc_static_v1_000236,benign_vqc_v1_000236,vqc,tampered,static,1,0,2,vqc
tampered_vqc_static_v1_000237,benign_vqc_v1_000237,vqc,tampered,static,1,2,0,vqc
tampered_vqc_static_v1_000238,benign_vqc_v1_000238,vqc,tampered,static,4,2,2,vqc
tampered_vqc_static_v1_000239,benign_vqc_v1_000239,vqc,tampered,static,4,0,2,vqc
tampered_vqc_static_v1_000240,benign_vqc_v1_000240,vqc,tampered,static,0,4,0,vqc
tampered_vqc_static_v1_000241,benign_vqc_v1_000241,vqc,tampered,static,3,3,2,vqc
tampered_vqc_static_v1_000242,benign_vqc_v1_000242,vqc,tampered,static,4,3,3,vqc
tampered_vqc_static_v1_000243,benign_vqc_v1_000243,vqc,tampered,static,2,3,3,vqc
tampered_vqc_static_v1_000244,benign_vqc_v1_000244,vqc,tampered,static,2,1,4,vqc
tampered_vqc_static_v1_000245,benign_vqc_v1_000245,vqc,tampered,static,1,2,1,vqc
tampered_vqc_static_v1_000246,benign_vqc_v1_000246,vqc,tampered,static,0,3,2,vqc
tampered_vqc_static_v1_000247,benign_vqc_v1_000247,vqc,tampered,static,0,2,0,vqc
tampered_vqc_static_v1_000248,benign_vqc_v1_000248,vqc,tampered,static,2,3,4,vqc
tampered_vqc_static_v1_000249,benign_vqc_v1_000249,vqc,tampered,static,4,3,4,vqc
tampered_vqc_static_v1_000250,benign_vqc_v1_000250,vqc,tampered,static,0,4,3,vqc
tampered_vqc_static_v1_000251,benign_vqc_v1_000251,vqc,tampered,static,3,0,0,vqc
tampered_vqc_static_v1_000252,benign_vqc_v1_000252,vqc,tampered,static,2,3,1,vqc
tampered_vqc_static_v1_000253,benign_vqc_v1_000253,vqc,tampered,static,2,1,2,vqc
tampered_vqc_static_v1_000254,benign_vqc_v1_000254,vqc,tampered,static,4,2,1,vqc
tampered_vqc_static_v1_000255,benign_vqc_v1_000255,vqc,tampered,static,0,1,0,vqc
tampered_vqc_static_v1_000256,benign_vqc_v1_000256,vqc,tampered,static,1,2,1,vqc
tampered_vqc_static_v1_000257,benign_vqc_v1_000257,vqc,tampered,static,2,4,2,vqc
tampered_vqc_static_v1_000258,benign_vqc_v1_000258,vqc,tampered,static,2,3,3,vqc
tampered_vqc_static_v1_000259,benign_vqc_v1_000259,vqc,tampered,static,4,0,3,vqc
tampered_vqc_static_v1_000260,benign_vqc_v1_000260,vqc,tampered,static,3,3,3,vqc
tampered_vqc_static_v1_000261,benign_vqc_v1_000261,vqc,tampered,static,0,3,4,vqc
tampered_vqc_static_v1_000262,benign_vqc_v1_000262,vqc,tampered,static,2,1,2,vqc
tampered_vqc_static_v1_000263,benign_vqc_v1_000263,vqc,tampered,static,4,4,0,vqc
tampered_vqc_static_v1_000264,benign_vqc_v1_000264,vqc,tampered,static,0,4,0,vqc
tampered_vqc_static_v1_000265,benign_vqc_v1_000265,vqc,tampered,static,3,0,4,vqc
tampered_vqc_static_v1_000266,benign_vqc_v1_000266,vqc,tampered,static,1,3,3,vqc
tampered_vqc_static_v1_000267,benign_vqc_v1_000267,vqc,tampered,static,4,0,2,vqc
tampered_vqc_static_v1_000268,benign_vqc_v1_000268,vqc,tampered,static,1,0,0,vqc
tampered_vqc_static_v1_000269,benign_vqc_v1_000269,vqc,tampered,static,4,1,3,vqc
tampered_vqc_static_v1_000270,benign_vqc_v1_000270,vqc,tampered,static,1,4,4,vqc
tampered_vqc_static_v1_000271,benign_vqc_v1_000271,vqc,tampered,static,2,0,4,vqc
tampered_vqc_static_v1_000272,benign_vqc_v1_000272,vqc,tampered,static,0,3,4,vqc
tampered_vqc_static_v1_000273,benign_vqc_v1_000273,vqc,tampered,static,0,1,3,vqc
tampered_vqc_static_v1_000274,benign_vqc_v1_000274,vqc,tampered,static,1,3,4,vqc
tampered_vqc_static_v1_000275,benign_vqc_v1_000275,vqc,tampered,static,1,4,2,vqc
tampered_vqc_static_v1_000276,benign_vqc_v1_000276,vqc,tampered,static,2,0,1,vqc
tampered_vqc_static_v1_000277,benign_vqc_v1_000277,vqc,tampered,static,2,1,1,vqc
tampered_vqc_static_v1_000278,benign_vqc_v1_000278,vqc,tampered,static,3,0,2,vqc
tampered_vqc_static_v1_000279,benign_vqc_v1_000279,vqc,tampered,static,1,1,4,vqc
tampered_vqc_static_v1_000280,benign_vqc_v1_000280,vqc,tampered,static,2,3,0,vqc
tampered_vqc_static_v1_000281,benign_vqc_v1_000281,vqc,tampered,static,1,1,3,vqc
tampered_vqc_static_v1_000282,benign_vqc_v1_000282,vqc,tampered,static,3,0,0,vqc
tampered_vqc_static_v1_000283,benign_vqc_v1_000283,vqc,tampered,static,1,4,2,vqc
tampered_vqc_static_v1_000284,benign_vqc_v1_000284,vqc,tampered,static,2,4,4,vqc
tampered_vqc_static_v1_000285,benign_vqc_v1_000285,vqc,tampered,static,3,3,2,vqc
tampered_vqc_static_v1_000286,benign_vqc_v1_000286,vqc,tampered,static,4,1,0,vqc
tampered_vqc_static_v1_000287,benign_vqc_v1_000287,vqc,tampered,static,1,4,1,vqc
tampered_vqc_static_v1_000288,benign_vqc_v1_000288,vqc,tampered,static,0,4,3,vqc
tampered_vqc_static_v1_000289,benign_vqc_v1_000289,vqc,tampered,static,1,1,3,vqc
tampered_vqc_static_v1_000290,benign_vqc_v1_000290,vqc,tampered,static,4,1,0,vqc
tampered_vqc_static_v1_000291,benign_vqc_v1_000291,vqc,tampered,static,3,4,4,vqc
tampered_vqc_static_v1_000292,benign_vqc_v1_000292,vqc,tampered,static,4,3,1,vqc
tampered_vqc_static_v1_000293,benign_vqc_v1_000293,vqc,tampered,static,0,3,2,vqc
tampered_vqc_static_v1_000294,benign_vqc_v1_000294,vqc,tampered,static,1,4,2,vqc
tampered_vqc_static_v1_000295,benign_vqc_v1_000295,vqc,tampered,static,4,3,1,vqc
tampered_vqc_static_v1_000296,benign_vqc_v1_000296,vqc,tampered,static,4,3,2,vqc
tampered_vqc_static_v1_000297,benign_vqc_v1_000297,vqc,tampered,static,4,2,0,vqc
tampered_vqc_static_v1_000298,benign_vqc_v1_000298,vqc,tampered,static,4,2,0,vqc
tampered_vqc_static_v1_000299,benign_vqc_v1_000299,vqc,tampered,static,0,0,0,vqc
tampered_vqc_static_v1_000300,benign_vqc_v1_000300,vqc,tampered,static,2,0,2,vqc
tampered_vqc_static_v1_000301,benign_vqc_v1_000301,vqc,tampered,static,0,2,2,vqc
tampered_vqc_static_v1_000302,benign_vqc_v1_000302,vqc,tampered,static,2,4,4,vqc
tampered_vqc_static_v1_000303,benign_vqc_v1_000303,vqc,tampered,static,1,3,4,vqc
tampered_vqc_static_v1_000304,benign_vqc_v1_000304,vqc,tampered,static,1,2,4,vqc
tampered_vqc_static_v1_000305,benign_vqc_v1_000305,vqc,tampered,static,1,4,0,vqc
tampered_vqc_static_v1_000306,benign_vqc_v1_000306,vqc,tampered,static,2,2,4,vqc
tampered_vqc_static_v1_000307,benign_vqc_v1_000307,vqc,tampered,static,4,0,1,vqc
tampered_vqc_static_v1_000308,benign_vqc_v1_000308,vqc,tampered,static,1,3,2,vqc
tampered_vqc_static_v1_000309,benign_vqc_v1_000309,vqc,tampered,static,4,2,3,vqc
tampered_vqc_static_v1_000310,benign_vqc_v1_000310,vqc,tampered,static,1,3,0,vqc
tampered_vqc_static_v1_000311,benign_vqc_v1_000311,vqc,tampered,static,0,3,4,vqc
tampered_vqc_static_v1_000312,benign_vqc_v1_000312,vqc,tampered,static,1,0,3,vqc
tampered_vqc_static_v1_000313,benign_vqc_v1_000313,vqc,tampered,static,4,3,2,vqc
tampered_vqc_static_v1_000314,benign_vqc_v1_000314,vqc,tampered,static,2,4,0,vqc
tampered_vqc_static_v1_000315,benign_vqc_v1_000315,vqc,tampered,static,3,1,2,vqc
tampered_vqc_static_v1_000316,benign_vqc_v1_000316,vqc,tampered,static,2,1,0,vqc
tampered_vqc_static_v1_000317,benign_vqc_v1_000317,vqc,tampered,static,1,2,2,vqc
tampered_vqc_static_v1_000318,benign_vqc_v1_000318,vqc,tampered,static,4,1,0,vqc
tampered_vqc_static_v1_000319,benign_vqc_v1_000319,vqc,tampered,static,2,0,1,vqc
tampered_vqc_static_v1_000320,benign_vqc_v1_000320,vqc,tampered,static,0,0,1,vqc
tampered_vqc_static_v1_000321,benign_vqc_v1_000321,vqc,tampered,static,3,1,3,vqc
tampered_vqc_static_v1_000322,benign_vqc_v1_000322,vqc,tampered,static,1,3,3,vqc
tampered_vqc_static_v1_000323,benign_vqc_v1_000323,vqc,tampered,static,1,4,0,vqc
tampered_vqc_static_v1_000324,benign_vqc_v1_000324,vqc,tampered,static,0,1,2,vqc
tampered_vqc_static_v1_000325,benign_vqc_v1_000325,vqc,tampered,static,0,3,0,vqc
tampered_vqc_static_v1_000326,benign_vqc_v1_000326,vqc,tampered,static,2,0,2,vqc
tampered_vqc_static_v1_000327,benign_vqc_v1_000327,vqc,tampered,static,0,1,2,vqc
tampered_vqc_static_v1_000328,benign_vqc_v1_000328,vqc,tampered,static,3,1,1,vqc
tampered_vqc_static_v1_000329,benign_vqc_v1_000329,vqc,tampered,static,3,0,4,vqc
tampered_vqc_static_v1_000330,benign_vqc_v1_000330,vqc,tampered,static,2,4,4,vqc
tampered_vqc_static_v1_000331,benign_vqc_v1_000331,vqc,tampered,static,0,2,0,vqc
tampered_vqc_static_v1_000332,benign_vqc_v1_000332,vqc,tampered,static,1,0,4,vqc
tampered_vqc_static_v1_000333,benign_vqc_v1_000333,vqc,tampered,static,1,2,1,vqc
tampered_vqc_static_v1_000334,benign_vqc_v1_000334,vqc,tampered,static,3,2,4,vqc
tampered_vqc_static_v1_000335,benign_vqc_v1_000335,vqc,tampered,static,3,1,2,vqc
tampered_vqc_static_v1_000336,benign_vqc_v1_000336,vqc,tampered,static,2,1,1,vqc
tampered_vqc_static_v1_000337,benign_vqc_v1_000337,vqc,tampered,static,0,1,4,vqc
tampered_vqc_static_v1_000338,benign_vqc_v1_000338,vqc,tampered,static,1,0,1,vqc
tampered_vqc_static_v1_000339,benign_vqc_v1_000339,vqc,tampered,static,0,4,3,vqc
tampered_vqc_static_v1_000340,benign_vqc_v1_000340,vqc,tampered,static,2,1,3,vqc
tampered_vqc_static_v1_000341,benign_vqc_v1_000341,vqc,tampered,static,1,0,1,vqc
tampered_vqc_static_v1_000342,benign_vqc_v1_000342,vqc,tampered,static,2,1,4,vqc
tampered_vqc_static_v1_000343,benign_vqc_v1_000343,vqc,tampered,static,2,1,2,vqc
tampered_vqc_static_v1_000344,benign_vqc_v1_000344,vqc,tampered,static,2,2,2,vqc
tampered_vqc_static_v1_000345,benign_vqc_v1_000345,vqc,tampered,static,4,4,4,vqc
tampered_vqc_static_v1_000346,benign_vqc_v1_000346,vqc,tampered,static,3,3,1,vqc
tampered_vqc_static_v1_000347,benign_vqc_v1_000347,vqc,tampered,static,2,3,2,vqc
tampered_vqc_static_v1_000348,benign_vqc_v1_000348,vqc,tampered,static,2,0,0,vqc
tampered_vqc_static_v1_000349,benign_vqc_v1_000349,vqc,tampered,static,3,0,0,vqc
tampered_vqc_static_v1_000350,benign_vqc_v1_000350,vqc,tampered,static,4,3,0,vqc
tampered_vqc_static_v1_000351,benign_vqc_v1_000351,vqc,tampered,static,0,4,1,vqc
tampered_vqc_static_v1_000352,benign_vqc_v1_000352,vqc,tampered,static,0,2,3,vqc
tampered_vqc_static_v1_000353,benign_vqc_v1_000353,vqc,tampered,static,4,0,2,vqc
tampered_vqc_static_v1_000354,benign_vqc_v1_000354,vqc,tampered,static,4,0,0,vqc
tampered_vqc_static_v1_000355,benign_vqc_v1_000355,vqc,tampered,static,4,0,2,vqc
tampered_vqc_static_v1_000356,benign_vqc_v1_000356,vqc,tampered,static,1,2,4,vqc
tampered_vqc_static_v1_000357,benign_vqc_v1_000357,vqc,tampered,static,3,3,4,vqc
tampered_vqc_static_v1_000358,benign_vqc_v1_000358,vqc,tampered,static,0,4,4,vqc
tampered_vqc_static_v1_000359,benign_vqc_v1_000359,vqc,tampered,static,1,0,2,vqc
tampered_vqc_static_v1_000360,benign_vqc_v1_000360,vqc,tampered,static,4,3,1,vqc
tampered_vqc_static_v1_000361,benign_vqc_v1_000361,vqc,tampered,static,3,0,3,vqc
tampered_vqc_static_v1_000362,benign_vqc_v1_000362,vqc,tampered,static,1,4,4,vqc
tampered_vqc_static_v1_000363,benign_vqc_v1_000363,vqc,tampered,static,1,2,4,vqc
tampered_vqc_static_v1_000364,benign_vqc_v1_000364,vqc,tampered,static,1,2,1,vqc
tampered_vqc_static_v1_000365,benign_vqc_v1_000365,vqc,tampered,static,2,3,4,vqc
tampered_vqc_static_v1_000366,benign_vqc_v1_000366,vqc,tampered,static,1,2,0,vqc
tampered_vqc_static_v1_000367,benign_vqc_v1_000367,vqc,tampered,static,3,3,0,vqc
tampered_vqc_static_v1_000368,benign_vqc_v1_000368,vqc,tampered,static,4,0,0,vqc
tampered_vqc_static_v1_000369,benign_vqc_v1_000369,vqc,tampered,static,0,2,4,vqc
tampered_vqc_static_v1_000370,benign_vqc_v1_000370,vqc,tampered,static,1,0,0,vqc
tampered_vqc_static_v1_000371,benign_vqc_v1_000371,vqc,tampered,static,4,0,1,vqc
tampered_vqc_static_v1_000372,benign_vqc_v1_000372,vqc,tampered,static,4,1,2,vqc
tampered_vqc_static_v1_000373,benign_vqc_v1_000373,vqc,tampered,static,0,4,0,vqc
tampered_vqc_static_v1_000374,benign_vqc_v1_000374,vqc,tampered,static,0,4,2,vqc
tampered_vqc_static_v1_000375,benign_vqc_v1_000375,vqc,tampered,static,1,3,2,vqc
tampered_vqc_static_v1_000376,benign_vqc_v1_000376,vqc,tampered,static,2,3,0,vqc
tampered_vqc_static_v1_000377,benign_vqc_v1_000377,vqc,tampered,static,2,1,1,vqc
tampered_vqc_static_v1_000378,benign_vqc_v1_000378,vqc,tampered,static,3,1,3,vqc
tampered_vqc_static_v1_000379,benign_vqc_v1_000379,vqc,tampered,static,0,2,2,vqc
tampered_vqc_static_v1_000380,benign_vqc_v1_000380,vqc,tampered,static,1,4,1,vqc
tampered_vqc_static_v1_000381,benign_vqc_v1_000381,vqc,tampered,static,2,3,0,vqc
tampered_vqc_static_v1_000382,benign_vqc_v1_000382,vqc,tampered,static,2,0,2,vqc
tampered_vqc_static_v1_000383,benign_vqc_v1_000383,vqc,tampered,static,4,3,4,vqc
tampered_vqc_static_v1_000384,benign_vqc_v1_000384,vqc,tampered,static,2,3,3,vqc
tampered_vqc_static_v1_000385,benign_vqc_v1_000385,vqc,tampered,static,1,0,0,vqc
tampered_vqc_static_v1_000386,benign_vqc_v1_000386,vqc,tampered,static,3,3,4,vqc
tampered_vqc_static_v1_000387,benign_vqc_v1_000387,vqc,tampered,static,0,1,2,vqc
tampered_vqc_static_v1_000388,benign_vqc_v1_000388,vqc,tampered,static,4,2,3,vqc
tampered_vqc_static_v1_000389,benign_vqc_v1_000389,vqc,tampered,static,2,3,2,vqc
tampered_vqc_static_v1_000390,benign_vqc_v1_000390,vqc,tampered,static,2,2,3,vqc
tampered_vqc_static_v1_000391,benign_vqc_v1_000391,vqc,tampered,static,2,0,2,vqc
tampered_vqc_static_v1_000392,benign_vqc_v1_000392,vqc,tampered,static,2,2,4,vqc
tampered_vqc_static_v1_000393,benign_vqc_v1_000393,vqc,tampered,static,1,3,3,vqc
tampered_vqc_static_v1_000394,benign_vqc_v1_000394,vqc,tampered,static,1,3,3,vqc
tampered_vqc_static_v1_000395,benign_vqc_v1_000395,vqc,tampered,static,3,2,0,vqc
tampered_vqc_static_v1_000396,benign_vqc_v1_000396,vqc,tampered,static,3,4,4,vqc
tampered_vqc_static_v1_000397,benign_vqc_v1_000397,vqc,tampered,static,4,0,4,vqc
tampered_vqc_static_v1_000398,benign_vqc_v1_000398,vqc,tampered,static,3,3,2,vqc
tampered_vqc_static_v1_000399,benign_vqc_v1_000399,vqc,tampered,static,4,0,2,vqc
tampered_vqc_static_v1_000400,benign_vqc_v1_000400,vqc,tampered,static,3,0,0,vqc
tampered_vqc_static_v1_000401,benign_vqc_v1_000401,vqc,tampered,static,3,2,0,vqc
tampered_vqc_static_v1_000402,benign_vqc_v1_000402,vqc,tampered,static,3,1,1,vqc
tampered_vqc_static_v1_000403,benign_vqc_v1_000403,vqc,tampered,static,1,4,1,vqc
tampered_vqc_static_v1_000404,benign_vqc_v1_000404,vqc,tampered,static,3,2,2,vqc
tampered_vqc_static_v1_000405,benign_vqc_v1_000405,vqc,tampered,static,4,3,2,vqc
tampered_vqc_static_v1_000406,benign_vqc_v1_000406,vqc,tampered,static,4,4,2,vqc
tampered_vqc_static_v1_000407,benign_vqc_v1_000407,vqc,tampered,static,3,1,1,vqc
tampered_vqc_static_v1_000408,benign_vqc_v1_000408,vqc,tampered,static,0,1,2,vqc
tampered_vqc_static_v1_000409,benign_vqc_v1_000409,vqc,tampered,static,4,4,3,vqc
tampered_vqc_static_v1_000410,benign_vqc_v1_000410,vqc,tampered,static,1,4,4,vqc
tampered_vqc_static_v1_000411,benign_vqc_v1_000411,vqc,tampered,static,4,3,0,vqc
tampered_vqc_static_v1_000412,benign_vqc_v1_000412,vqc,tampered,static,1,4,2,vqc
tampered_vqc_static_v1_000413,benign_vqc_v1_000413,vqc,tampered,static,0,1,3,vqc
tampered_vqc_static_v1_000414,benign_vqc_v1_000414,vqc,tampered,static,2,4,3,vqc
tampered_vqc_static_v1_000415,benign_vqc_v1_000415,vqc,tampered,static,1,4,3,vqc
tampered_vqc_static_v1_000416,benign_vqc_v1_000416,vqc,tampered,static,3,0,2,vqc
tampered_vqc_static_v1_000417,benign_vqc_v1_000417,vqc,tampered,static,1,0,4,vqc
tampered_vqc_static_v1_000418,benign_vqc_v1_000418,vqc,tampered,static,2,2,3,vqc
tampered_vqc_static_v1_000419,benign_vqc_v1_000419,vqc,tampered,static,2,4,4,vqc
tampered_vqc_static_v1_000420,benign_vqc_v1_000420,vqc,tampered,static,2,1,3,vqc
tampered_vqc_static_v1_000421,benign_vqc_v1_000421,vqc,tampered,static,0,4,1,vqc
tampered_vqc_static_v1_000422,benign_vqc_v1_000422,vqc,tampered,static,0,1,3,vqc
tampered_vqc_static_v1_000423,benign_vqc_v1_000423,vqc,tampered,static,3,0,3,vqc
tampered_vqc_static_v1_000424,benign_vqc_v1_000424,vqc,tampered,static,0,4,3,vqc
tampered_vqc_static_v1_000425,benign_vqc_v1_000425,vqc,tampered,static,0,2,0,vqc
tampered_vqc_static_v1_000426,benign_vqc_v1_000426,vqc,tampered,static,1,1,1,vqc
tampered_vqc_static_v1_000427,benign_vqc_v1_000427,vqc,tampered,static,0,4,2,vqc
tampered_vqc_static_v1_000428,benign_vqc_v1_000428,vqc,tampered,static,3,2,0,vqc
tampered_vqc_static_v1_000429,benign_vqc_v1_000429,vqc,tampered,static,1,4,1,vqc
tampered_vqc_static_v1_000430,benign_vqc_v1_000430,vqc,tampered,static,0,1,1,vqc
tampered_vqc_static_v1_000431,benign_vqc_v1_000431,vqc,tampered,static,4,3,2,vqc
tampered_vqc_static_v1_000432,benign_vqc_v1_000432,vqc,tampered,static,4,3,3,vqc
tampered_vqc_static_v1_000433,benign_vqc_v1_000433,vqc,tampered,static,2,4,3,vqc
tampered_vqc_static_v1_000434,benign_vqc_v1_000434,vqc,tampered,static,0,3,3,vqc
tampered_vqc_static_v1_000435,benign_vqc_v1_000435,vqc,tampered,static,1,2,3,vqc
tampered_vqc_static_v1_000436,benign_vqc_v1_000436,vqc,tampered,static,0,0,1,vqc
tampered_vqc_static_v1_000437,benign_vqc_v1_000437,vqc,tampered,static,2,3,1,vqc
tampered_vqc_static_v1_000438,benign_vqc_v1_000438,vqc,tampered,static,1,0,3,vqc
tampered_vqc_static_v1_000439,benign_vqc_v1_000439,vqc,tampered,static,3,3,1,vqc
tampered_vqc_static_v1_000440,benign_vqc_v1_000440,vqc,tampered,static,4,1,4,vqc
tampered_vqc_static_v1_000441,benign_vqc_v1_000441,vqc,tampered,static,1,4,3,vqc
tampered_vqc_static_v1_000442,benign_vqc_v1_000442,vqc,tampered,static,1,1,4,vqc
tampered_vqc_static_v1_000443,benign_vqc_v1_000443,vqc,tampered,static,3,2,1,vqc
tampered_vqc_static_v1_000444,benign_vqc_v1_000444,vqc,tampered,static,0,4,2,vqc
tampered_vqc_static_v1_000445,benign_vqc_v1_000445,vqc,tampered,static,2,0,3,vqc
tampered_vqc_static_v1_000446,benign_vqc_v1_000446,vqc,tampered,static,1,0,0,vqc
tampered_vqc_static_v1_000447,benign_vqc_v1_000447,vqc,tampered,static,3,1,0,vqc
tampered_vqc_static_v1_000448,benign_vqc_v1_000448,vqc,tampered,static,0,3,1,vqc
tampered_vqc_static_v1_000449,benign_vqc_v1_000449,vqc,tampered,static,0,0,0,vqc
tampered_vqc_static_v1_000450,benign_vqc_v1_000450,vqc,tampered,static,3,3,1,vqc
tampered_vqc_static_v1_000451,benign_vqc_v1_000451,vqc,tampered,static,3,1,2,vqc
tampered_vqc_static_v1_000452,benign_vqc_v1_000452,vqc,tampered,static,2,1,4,vqc
tampered_vqc_static_v1_000453,benign_vqc_v1_000453,vqc,tampered,static,1,4,4,vqc
tampered_vqc_static_v1_000454,benign_vqc_v1_000454,vqc,tampered,static,0,3,0,vqc
tampered_vqc_static_v1_000455,benign_vqc_v1_000455,vqc,tampered,static,0,3,4,vqc
tampered_vqc_static_v1_000456,benign_vqc_v1_000456,vqc,tampered,static,0,3,4,vqc
tampered_vqc_static_v1_000457,benign_vqc_v1_000457,vqc,tampered,static,3,2,1,vqc
tampered_vqc_static_v1_000458,benign_vqc_v1_000458,vqc,tampered,static,2,3,4,vqc
tampered_vqc_static_v1_000459,benign_vqc_v1_000459,vqc,tampered,static,0,4,0,vqc
tampered_vqc_static_v1_000460,benign_vqc_v1_000460,vqc,tampered,static,3,4,4,vqc
tampered_vqc_static_v1_000461,benign_vqc_v1_000461,vqc,tampered,static,4,4,3,vqc
tampered_vqc_static_v1_000462,benign_vqc_v1_000462,vqc,tampered,static,0,2,0,vqc
tampered_vqc_static_v1_000463,benign_vqc_v1_000463,vqc,tampered,static,2,4,1,vqc
tampered_vqc_static_v1_000464,benign_vqc_v1_000464,vqc,tampered,static,3,3,1,vqc
tampered_vqc_static_v1_000465,benign_vqc_v1_000465,vqc,tampered,static,3,1,0,vqc
tampered_vqc_static_v1_000466,benign_vqc_v1_000466,vqc,tampered,static,3,4,1,vqc
tampered_vqc_static_v1_000467,benign_vqc_v1_000467,vqc,tampered,static,4,2,0,vqc
tampered_vqc_static_v1_000468,benign_vqc_v1_000468,vqc,tampered,static,1,0,2,vqc
tampered_vqc_static_v1_000469,benign_vqc_v1_000469,vqc,tampered,static,2,3,0,vqc
tampered_vqc_static_v1_000470,benign_vqc_v1_000470,vqc,tampered,static,3,3,3,vqc
tampered_vqc_static_v1_000471,benign_vqc_v1_000471,vqc,tampered,static,0,0,3,vqc
tampered_vqc_static_v1_000472,benign_vqc_v1_000472,vqc,tampered,static,2,4,4,vqc
tampered_vqc_static_v1_000473,benign_vqc_v1_000473,vqc,tampered,static,1,4,0,vqc
tampered_vqc_static_v1_000474,benign_vqc_v1_000474,vqc,tampered,static,2,1,2,vqc
tampered_vqc_static_v1_000475,benign_vqc_v1_000475,vqc,tampered,static,1,4,1,vqc
tampered_vqc_static_v1_000476,benign_vqc_v1_000476,vqc,tampered,static,0,1,4,vqc
tampered_vqc_static_v1_000477,benign_vqc_v1_000477,vqc,tampered,static,1,0,1,vqc
tampered_vqc_static_v1_000478,benign_vqc_v1_000478,vqc,tampered,static,2,2,1,vqc
tampered_vqc_static_v1_000479,benign_vqc_v1_000479,vqc,tampered,static,0,2,4,vqc
tampered_vqc_static_v1_000480,benign_vqc_v1_000480,vqc,tampered,static,2,3,0,vqc
tampered_vqc_static_v1_000481,benign_vqc_v1_000481,vqc,tampered,static,4,4,4,vqc
tampered_vqc_static_v1_000482,benign_vqc_v1_000482,vqc,tampered,static,4,2,4,vqc
tampered_vqc_static_v1_000483,benign_vqc_v1_000483,vqc,tampered,static,3,2,3,vqc
tampered_vqc_static_v1_000484,benign_vqc_v1_000484,vqc,tampered,static,1,2,4,vqc
tampered_vqc_static_v1_000485,benign_vqc_v1_000485,vqc,tampered,static,2,0,0,vqc
tampered_vqc_static_v1_000486,benign_vqc_v1_000486,vqc,tampered,static,0,3,4,vqc
tampered_vqc_static_v1_000487,benign_vqc_v1_000487,vqc,tampered,static,4,0,1,vqc
tampered_vqc_static_v1_000488,benign_vqc_v1_000488,vqc,tampered,static,4,0,4,vqc
tampered_vqc_static_v1_000489,benign_vqc_v1_000489,vqc,tampered,static,2,2,4,vqc
tampered_vqc_static_v1_000490,benign_vqc_v1_000490,vqc,tampered,static,4,1,1,vqc
tampered_vqc_static_v1_000491,benign_vqc_v1_000491,vqc,tampered,static,3,4,2,vqc
tampered_vqc_static_v1_000492,benign_vqc_v1_000492,vqc,tampered,static,1,2,4,vqc
tampered_vqc_static_v1_000493,benign_vqc_v1_000493,vqc,tampered,static,4,4,0,vqc
tampered_vqc_static_v1_000494,benign_vqc_v1_000494,vqc,tampered,static,1,1,3,vqc
tampered_vqc_static_v1_000495,benign_vqc_v1_000495,vqc,tampered,static,0,0,1,vqc
tampered_vqc_static_v1_000496,benign_vqc_v1_000496,vqc,tampered,static,0,1,4,vqc
tampered_vqc_static_v1_000497,benign_vqc_v1_000497,vqc,tampered,static,1,1,1,vqc
tampered_vqc_static_v1_000498,benign_vqc_v1_000498,vqc,tampered,static,4,1,3,vqc
tampered_vqc_static_v1_000499,benign_vqc_v1_000499,vqc,tampered,static,0,2,4,vqc
tampered_vqc_static_v1_000500,benign_vqc_v1_000500,vqc,tampered,static,0,3,1,vqc
tampered_vqc_static_v1_000501,benign_vqc_v1_000501,vqc,tampered,static,0,1,2,vqc
tampered_vqc_static_v1_000502,benign_vqc_v1_000502,vqc,tampered,static,2,1,3,vqc
tampered_vqc_static_v1_000503,benign_vqc_v1_000503,vqc,tampered,static,4,2,0,vqc
tampered_vqc_static_v1_000504,benign_vqc_v1_000504,vqc,tampered,static,2,2,4,vqc
tampered_vqc_static_v1_000505,benign_vqc_v1_000505,vqc,tampered,static,4,2,0,vqc
tampered_vqc_static_v1_000506,benign_vqc_v1_000506,vqc,tampered,static,0,2,3,vqc
tampered_vqc_static_v1_000507,benign_vqc_v1_000507,vqc,tampered,static,4,0,2,vqc
tampered_vqc_static_v1_000508,benign_vqc_v1_000508,vqc,tampered,static,1,4,0,vqc
tampered_vqc_static_v1_000509,benign_vqc_v1_000509,vqc,tampered,static,3,1,2,vqc
tampered_vqc_static_v1_000510,benign_vqc_v1_000510,vqc,tampered,static,3,4,1,vqc
tampered_vqc_static_v1_000511,benign_vqc_v1_000511,vqc,tampered,static,0,0,1,vqc
tampered_vqc_static_v1_000512,benign_vqc_v1_000512,vqc,tampered,static,4,3,4,vqc
tampered_vqc_static_v1_000513,benign_vqc_v1_000513,vqc,tampered,static,2,2,2,vqc
tampered_vqc_static_v1_000514,benign_vqc_v1_000514,vqc,tampered,static,2,3,0,vqc
tampered_vqc_static_v1_000515,benign_vqc_v1_000515,vqc,tampered,static,1,2,4,vqc
tampered_vqc_static_v1_000516,benign_vqc_v1_000516,vqc,tampered,static,2,1,2,vqc
tampered_vqc_static_v1_000517,benign_vqc_v1_000517,vqc,tampered,static,4,0,0,vqc
tampered_vqc_static_v1_000518,benign_vqc_v1_000518,vqc,tampered,static,1,0,3,vqc
tampered_vqc_static_v1_000519,benign_vqc_v1_000519,vqc,tampered,static,4,1,0,vqc
tampered_vqc_static_v1_000520,benign_vqc_v1_000520,vqc,tampered,static,3,2,3,vqc
tampered_vqc_static_v1_000521,benign_vqc_v1_000521,vqc,tampered,static,3,1,4,vqc
tampered_vqc_static_v1_000522,benign_vqc_v1_000522,vqc,tampered,static,4,0,4,vqc
tampered_vqc_static_v1_000523,benign_vqc_v1_000523,vqc,tampered,static,4,1,0,vqc
tampered_vqc_static_v1_000524,benign_vqc_v1_000524,vqc,tampered,static,0,4,1,vqc
tampered_vqc_static_v1_000525,benign_vqc_v1_000525,vqc,tampered,static,2,4,0,vqc
tampered_vqc_static_v1_000526,benign_vqc_v1_000526,vqc,tampered,static,4,1,3,vqc
tampered_vqc_static_v1_000527,benign_vqc_v1_000527,vqc,tampered,static,2,1,4,vqc
tampered_vqc_static_v1_000528,benign_vqc_v1_000528,vqc,tampered,static,4,1,0,vqc
tampered_vqc_static_v1_000529,benign_vqc_v1_000529,vqc,tampered,static,3,3,1,vqc
tampered_vqc_static_v1_000530,benign_vqc_v1_000530,vqc,tampered,static,0,4,0,vqc
tampered_vqc_static_v1_000531,benign_vqc_v1_000531,vqc,tampered,static,2,2,0,vqc
tampered_vqc_static_v1_000532,benign_vqc_v1_000532,vqc,tampered,static,0,4,4,vqc
tampered_vqc_static_v1_000533,benign_vqc_v1_000533,vqc,tampered,static,3,1,1,vqc
tampered_vqc_static_v1_000534,benign_vqc_v1_000534,vqc,tampered,static,2,3,4,vqc
tampered_vqc_static_v1_000535,benign_vqc_v1_000535,vqc,tampered,static,2,2,3,vqc
tampered_vqc_static_v1_000536,benign_vqc_v1_000536,vqc,tampered,static,3,4,1,vqc
tampered_vqc_static_v1_000537,benign_vqc_v1_000537,vqc,tampered,static,4,1,0,vqc
tampered_vqc_static_v1_000538,benign_vqc_v1_000538,vqc,tampered,static,3,3,1,vqc
tampered_vqc_static_v1_000539,benign_vqc_v1_000539,vqc,tampered,static,3,0,4,vqc
tampered_vqc_static_v1_000540,benign_vqc_v1_000540,vqc,tampered,static,4,1,2,vqc
tampered_vqc_static_v1_000541,benign_vqc_v1_000541,vqc,tampered,static,4,1,2,vqc
tampered_vqc_static_v1_000542,benign_vqc_v1_000542,vqc,tampered,static,3,3,3,vqc
tampered_vqc_static_v1_000543,benign_vqc_v1_000543,vqc,tampered,static,3,0,3,vqc
tampered_vqc_static_v1_000544,benign_vqc_v1_000544,vqc,tampered,static,1,4,2,vqc
tampered_vqc_static_v1_000545,benign_vqc_v1_000545,vqc,tampered,static,2,4,2,vqc
tampered_vqc_static_v1_000546,benign_vqc_v1_000546,vqc,tampered,static,3,1,3,vqc
tampered_vqc_static_v1_000547,benign_vqc_v1_000547,vqc,tampered,static,4,0,1,vqc
tampered_vqc_static_v1_000548,benign_vqc_v1_000548,vqc,tampered,static,1,2,0,vqc
tampered_vqc_static_v1_000549,benign_vqc_v1_000549,vqc,tampered,static,4,1,4,vqc
tampered_vqc_static_v1_000550,benign_vqc_v1_000550,vqc,tampered,static,0,0,4,vqc
tampered_vqc_static_v1_000551,benign_vqc_v1_000551,vqc,tampered,static,1,2,1,vqc
tampered_vqc_static_v1_000552,benign_vqc_v1_000552,vqc,tampered,static,1,3,1,vqc
tampered_vqc_static_v1_000553,benign_vqc_v1_000553,vqc,tampered,static,1,4,3,vqc
tampered_vqc_static_v1_000554,benign_vqc_v1_000554,vqc,tampered,static,1,1,1,vqc
tampered_vqc_static_v1_000555,benign_vqc_v1_000555,vqc,tampered,static,3,3,3,vqc
tampered_vqc_static_v1_000556,benign_vqc_v1_000556,vqc,tampered,static,4,0,4,vqc
tampered_vqc_static_v1_000557,benign_vqc_v1_000557,vqc,tampered,static,4,4,3,vqc
tampered_vqc_static_v1_000558,benign_vqc_v1_000558,vqc,tampered,static,3,1,0,vqc
tampered_vqc_static_v1_000559,benign_vqc_v1_000559,vqc,tampered,static,4,0,1,vqc
tampered_vqc_static_v1_000560,benign_vqc_v1_000560,vqc,tampered,static,3,1,4,vqc
tampered_vqc_static_v1_000561,benign_vqc_v1_000561,vqc,tampered,static,0,2,4,vqc
tampered_vqc_static_v1_000562,benign_vqc_v1_000562,vqc,tampered,static,2,1,0,vqc
tampered_vqc_static_v1_000563,benign_vqc_v1_000563,vqc,tampered,static,3,3,2,vqc
tampered_vqc_static_v1_000564,benign_vqc_v1_000564,vqc,tampered,static,4,1,2,vqc
tampered_vqc_static_v1_000565,benign_vqc_v1_000565,vqc,tampered,static,4,0,2,vqc
tampered_vqc_static_v1_000566,benign_vqc_v1_000566,vqc,tampered,static,0,3,2,vqc
tampered_vqc_static_v1_000567,benign_vqc_v1_000567,vqc,tampered,static,3,0,0,vqc
tampered_vqc_static_v1_000568,benign_vqc_v1_000568,vqc,tampered,static,0,2,0,vqc
tampered_vqc_static_v1_000569,benign_vqc_v1_000569,vqc,tampered,static,3,0,2,vqc
tampered_vqc_static_v1_000570,benign_vqc_v1_000570,vqc,tampered,static,0,0,1,vqc
tampered_vqc_static_v1_000571,benign_vqc_v1_000571,vqc,tampered,static,4,4,1,vqc
tampered_vqc_static_v1_000572,benign_vqc_v1_000572,vqc,tampered,static,4,0,1,vqc
tampered_vqc_static_v1_000573,benign_vqc_v1_000573,vqc,tampered,static,3,3,2,vqc
tampered_vqc_static_v1_000574,benign_vqc_v1_000574,vqc,tampered,static,1,2,4,vqc
tampered_vqc_static_v1_000575,benign_vqc_v1_000575,vqc,tampered,static,2,3,1,vqc
tampered_vqc_static_v1_000576,benign_vqc_v1_000576,vqc,tampered,static,0,2,0,vqc
tampered_vqc_static_v1_000577,benign_vqc_v1_000577,vqc,tampered,static,4,1,0,vqc
tampered_vqc_static_v1_000578,benign_vqc_v1_000578,vqc,tampered,static,3,1,4,vqc
tampered_vqc_static_v1_000579,benign_vqc_v1_000579,vqc,tampered,static,2,3,1,vqc
tampered_vqc_static_v1_000580,benign_vqc_v1_000580,vqc,tampered,static,2,0,3,vqc
tampered_vqc_static_v1_000581,benign_vqc_v1_000581,vqc,tampered,static,1,1,0,vqc
tampered_vqc_static_v1_000582,benign_vqc_v1_000582,vqc,tampered,static,1,1,4,vqc
tampered_vqc_static_v1_000583,benign_vqc_v1_000583,vqc,tampered,static,3,2,3,vqc
tampered_vqc_static_v1_000584,benign_vqc_v1_000584,vqc,tampered,static,4,4,3,vqc
tampered_vqc_static_v1_000585,benign_vqc_v1_000585,vqc,tampered,static,2,0,2,vqc
tampered_vqc_static_v1_000586,benign_vqc_v1_000586,vqc,tampered,static,2,3,2,vqc
tampered_vqc_static_v1_000587,benign_vqc_v1_000587,vqc,tampered,static,2,4,0,vqc
tampered_vqc_static_v1_000588,benign_vqc_v1_000588,vqc,tampered,static,0,1,3,vqc
tampered_vqc_static_v1_000589,benign_vqc_v1_000589,vqc,tampered,static,4,4,3,vqc
tampered_vqc_static_v1_000590,benign_vqc_v1_000590,vqc,tampered,static,3,0,3,vqc
tampered_vqc_static_v1_000591,benign_vqc_v1_000591,vqc,tampered,static,2,1,1,vqc
tampered_vqc_static_v1_000592,benign_vqc_v1_000592,vqc,tampered,static,1,2,2,vqc
tampered_vqc_static_v1_000593,benign_vqc_v1_000593,vqc,tampered,static,3,0,0,vqc
tampered_vqc_static_v1_000594,benign_vqc_v1_000594,vqc,tampered,static,4,4,1,vqc
tampered_vqc_static_v1_000595,benign_vqc_v1_000595,vqc,tampered,static,0,3,1,vqc
tampered_vqc_static_v1_000596,benign_vqc_v1_000596,vqc,tampered,static,0,0,1,vqc
tampered_vqc_static_v1_000597,benign_vqc_v1_000597,vqc,tampered,static,0,2,1,vqc
tampered_vqc_static_v1_000598,benign_vqc_v1_000598,vqc,tampered,static,0,1,1,vqc
tampered_vqc_static_v1_000599,benign_vqc_v1_000599,vqc,tampered,static,4,1,1,vqc
tampered_vqc_triggered_v1_000000,benign_vqc_v1_000000,vqc,tampered,triggered,4,0,2,vqc
tampered_vqc_triggered_v1_000001,benign_vqc_v1_000001,vqc,tampered,triggered,0,1,2,vqc
tampered_vqc_triggered_v1_000002,benign_vqc_v1_000002,vqc,tampered,triggered,0,1,0,vqc
tampered_vqc_triggered_v1_000003,benign_vqc_v1_000003,vqc,tampered,triggered,1,0,2,vqc
tampered_vqc_triggered_v1_000004,benign_vqc_v1_000004,vqc,tampered,triggered,3,1,3,vqc
tampered_vqc_triggered_v1_000005,benign_vqc_v1_000005,vqc,tampered,triggered,0,1,3,vqc
tampered_vqc_triggered_v1_000006,benign_vqc_v1_000006,vqc,tampered,triggered,1,4,4,vqc
tampered_vqc_triggered_v1_000007,benign_vqc_v1_000007,vqc,tampered,triggered,0,0,3,vqc
tampered_vqc_triggered_v1_000008,benign_vqc_v1_000008,vqc,tampered,triggered,2,4,1,vqc
tampered_vqc_triggered_v1_000009,benign_vqc_v1_000009,vqc,tampered,triggered,3,2,1,vqc
tampered_vqc_triggered_v1_000010,benign_vqc_v1_000010,vqc,tampered,triggered,0,0,3,vqc
tampered_vqc_triggered_v1_000011,benign_vqc_v1_000011,vqc,tampered,triggered,4,1,1,vqc
tampered_vqc_triggered_v1_000012,benign_vqc_v1_000012,vqc,tampered,triggered,0,2,1,vqc
tampered_vqc_triggered_v1_000013,benign_vqc_v1_000013,vqc,tampered,triggered,3,0,0,vqc
tampered_vqc_triggered_v1_000014,benign_vqc_v1_000014,vqc,tampered,triggered,4,4,3,vqc
tampered_vqc_triggered_v1_000015,benign_vqc_v1_000015,vqc,tampered,triggered,0,2,0,vqc
tampered_vqc_triggered_v1_000016,benign_vqc_v1_000016,vqc,tampered,triggered,2,4,3,vqc
tampered_vqc_triggered_v1_000017,benign_vqc_v1_000017,vqc,tampered,triggered,3,2,3,vqc
tampered_vqc_triggered_v1_000018,benign_vqc_v1_000018,vqc,tampered,triggered,2,3,0,vqc
tampered_vqc_triggered_v1_000019,benign_vqc_v1_000019,vqc,tampered,triggered,1,0,2,vqc
tampered_vqc_triggered_v1_000020,benign_vqc_v1_000020,vqc,tampered,triggered,0,3,4,vqc
tampered_vqc_triggered_v1_000021,benign_vqc_v1_000021,vqc,tampered,triggered,1,2,3,vqc
tampered_vqc_triggered_v1_000022,benign_vqc_v1_000022,vqc,tampered,triggered,1,4,3,vqc
tampered_vqc_triggered_v1_000023,benign_vqc_v1_000023,vqc,tampered,triggered,1,4,3,vqc
tampered_vqc_triggered_v1_000024,benign_vqc_v1_000024,vqc,tampered,triggered,3,4,3,vqc
tampered_vqc_triggered_v1_000025,benign_vqc_v1_000025,vqc,tampered,triggered,2,1,4,vqc
tampered_vqc_triggered_v1_000026,benign_vqc_v1_000026,vqc,tampered,triggered,3,4,2,vqc
tampered_vqc_triggered_v1_000027,benign_vqc_v1_000027,vqc,tampered,triggered,0,4,4,vqc
tampered_vqc_triggered_v1_000028,benign_vqc_v1_000028,vqc,tampered,triggered,0,2,3,vqc
tampered_vqc_triggered_v1_000029,benign_vqc_v1_000029,vqc,tampered,triggered,4,0,3,vqc
tampered_vqc_triggered_v1_000030,benign_vqc_v1_000030,vqc,tampered,triggered,0,2,1,vqc
tampered_vqc_triggered_v1_000031,benign_vqc_v1_000031,vqc,tampered,triggered,4,0,2,vqc
tampered_vqc_triggered_v1_000032,benign_vqc_v1_000032,vqc,tampered,triggered,3,2,0,vqc
tampered_vqc_triggered_v1_000033,benign_vqc_v1_000033,vqc,tampered,triggered,1,2,2,vqc
tampered_vqc_triggered_v1_000034,benign_vqc_v1_000034,vqc,tampered,triggered,1,0,4,vqc
tampered_vqc_triggered_v1_000035,benign_vqc_v1_000035,vqc,tampered,triggered,2,3,2,vqc
tampered_vqc_triggered_v1_000036,benign_vqc_v1_000036,vqc,tampered,triggered,1,3,0,vqc
tampered_vqc_triggered_v1_000037,benign_vqc_v1_000037,vqc,tampered,triggered,1,0,1,vqc
tampered_vqc_triggered_v1_000038,benign_vqc_v1_000038,vqc,tampered,triggered,4,4,2,vqc
tampered_vqc_triggered_v1_000039,benign_vqc_v1_000039,vqc,tampered,triggered,1,1,2,vqc
tampered_vqc_triggered_v1_000040,benign_vqc_v1_000040,vqc,tampered,triggered,4,0,2,vqc
tampered_vqc_triggered_v1_000041,benign_vqc_v1_000041,vqc,tampered,triggered,2,2,4,vqc
tampered_vqc_triggered_v1_000042,benign_vqc_v1_000042,vqc,tampered,triggered,0,0,4,vqc
tampered_vqc_triggered_v1_000043,benign_vqc_v1_000043,vqc,tampered,triggered,2,2,0,vqc
tampered_vqc_triggered_v1_000044,benign_vqc_v1_000044,vqc,tampered,triggered,3,2,4,vqc
tampered_vqc_triggered_v1_000045,benign_vqc_v1_000045,vqc,tampered,triggered,3,0,3,vqc
tampered_vqc_triggered_v1_000046,benign_vqc_v1_000046,vqc,tampered,triggered,4,0,2,vqc
tampered_vqc_triggered_v1_000047,benign_vqc_v1_000047,vqc,tampered,triggered,2,0,2,vqc
tampered_vqc_triggered_v1_000048,benign_vqc_v1_000048,vqc,tampered,triggered,3,2,2,vqc
tampered_vqc_triggered_v1_000049,benign_vqc_v1_000049,vqc,tampered,triggered,0,0,4,vqc
tampered_vqc_triggered_v1_000050,benign_vqc_v1_000050,vqc,tampered,triggered,1,1,4,vqc
tampered_vqc_triggered_v1_000051,benign_vqc_v1_000051,vqc,tampered,triggered,1,4,1,vqc
tampered_vqc_triggered_v1_000052,benign_vqc_v1_000052,vqc,tampered,triggered,0,4,3,vqc
tampered_vqc_triggered_v1_000053,benign_vqc_v1_000053,vqc,tampered,triggered,4,2,4,vqc
tampered_vqc_triggered_v1_000054,benign_vqc_v1_000054,vqc,tampered,triggered,4,2,3,vqc
tampered_vqc_triggered_v1_000055,benign_vqc_v1_000055,vqc,tampered,triggered,1,2,1,vqc
tampered_vqc_triggered_v1_000056,benign_vqc_v1_000056,vqc,tampered,triggered,3,3,4,vqc
tampered_vqc_triggered_v1_000057,benign_vqc_v1_000057,vqc,tampered,triggered,4,3,0,vqc
tampered_vqc_triggered_v1_000058,benign_vqc_v1_000058,vqc,tampered,triggered,3,3,2,vqc
tampered_vqc_triggered_v1_000059,benign_vqc_v1_000059,vqc,tampered,triggered,2,0,3,vqc
tampered_vqc_triggered_v1_000060,benign_vqc_v1_000060,vqc,tampered,triggered,3,1,2,vqc
tampered_vqc_triggered_v1_000061,benign_vqc_v1_000061,vqc,tampered,triggered,2,0,3,vqc
tampered_vqc_triggered_v1_000062,benign_vqc_v1_000062,vqc,tampered,triggered,0,1,4,vqc
tampered_vqc_triggered_v1_000063,benign_vqc_v1_000063,vqc,tampered,triggered,4,1,1,vqc
tampered_vqc_triggered_v1_000064,benign_vqc_v1_000064,vqc,tampered,triggered,0,3,1,vqc
tampered_vqc_triggered_v1_000065,benign_vqc_v1_000065,vqc,tampered,triggered,2,3,2,vqc
tampered_vqc_triggered_v1_000066,benign_vqc_v1_000066,vqc,tampered,triggered,3,3,4,vqc
tampered_vqc_triggered_v1_000067,benign_vqc_v1_000067,vqc,tampered,triggered,3,3,0,vqc
tampered_vqc_triggered_v1_000068,benign_vqc_v1_000068,vqc,tampered,triggered,3,4,0,vqc
tampered_vqc_triggered_v1_000069,benign_vqc_v1_000069,vqc,tampered,triggered,2,3,0,vqc
tampered_vqc_triggered_v1_000070,benign_vqc_v1_000070,vqc,tampered,triggered,4,4,2,vqc
tampered_vqc_triggered_v1_000071,benign_vqc_v1_000071,vqc,tampered,triggered,4,2,4,vqc
tampered_vqc_triggered_v1_000072,benign_vqc_v1_000072,vqc,tampered,triggered,1,1,4,vqc
tampered_vqc_triggered_v1_000073,benign_vqc_v1_000073,vqc,tampered,triggered,1,4,1,vqc
tampered_vqc_triggered_v1_000074,benign_vqc_v1_000074,vqc,tampered,triggered,1,3,1,vqc
tampered_vqc_triggered_v1_000075,benign_vqc_v1_000075,vqc,tampered,triggered,4,1,2,vqc
tampered_vqc_triggered_v1_000076,benign_vqc_v1_000076,vqc,tampered,triggered,0,0,0,vqc
tampered_vqc_triggered_v1_000077,benign_vqc_v1_000077,vqc,tampered,triggered,2,4,1,vqc
tampered_vqc_triggered_v1_000078,benign_vqc_v1_000078,vqc,tampered,triggered,2,2,3,vqc
tampered_vqc_triggered_v1_000079,benign_vqc_v1_000079,vqc,tampered,triggered,1,4,0,vqc
tampered_vqc_triggered_v1_000080,benign_vqc_v1_000080,vqc,tampered,triggered,2,3,1,vqc
tampered_vqc_triggered_v1_000081,benign_vqc_v1_000081,vqc,tampered,triggered,4,3,2,vqc
tampered_vqc_triggered_v1_000082,benign_vqc_v1_000082,vqc,tampered,triggered,3,4,2,vqc
tampered_vqc_triggered_v1_000083,benign_vqc_v1_000083,vqc,tampered,triggered,0,1,1,vqc
tampered_vqc_triggered_v1_000084,benign_vqc_v1_000084,vqc,tampered,triggered,0,2,4,vqc
tampered_vqc_triggered_v1_000085,benign_vqc_v1_000085,vqc,tampered,triggered,4,0,2,vqc
tampered_vqc_triggered_v1_000086,benign_vqc_v1_000086,vqc,tampered,triggered,1,0,4,vqc
tampered_vqc_triggered_v1_000087,benign_vqc_v1_000087,vqc,tampered,triggered,3,2,3,vqc
tampered_vqc_triggered_v1_000088,benign_vqc_v1_000088,vqc,tampered,triggered,4,2,0,vqc
tampered_vqc_triggered_v1_000089,benign_vqc_v1_000089,vqc,tampered,triggered,0,2,0,vqc
tampered_vqc_triggered_v1_000090,benign_vqc_v1_000090,vqc,tampered,triggered,2,3,1,vqc
tampered_vqc_triggered_v1_000091,benign_vqc_v1_000091,vqc,tampered,triggered,4,1,2,vqc
tampered_vqc_triggered_v1_000092,benign_vqc_v1_000092,vqc,tampered,triggered,2,4,3,vqc
tampered_vqc_triggered_v1_000093,benign_vqc_v1_000093,vqc,tampered,triggered,4,3,3,vqc
tampered_vqc_triggered_v1_000094,benign_vqc_v1_000094,vqc,tampered,triggered,2,1,0,vqc
tampered_vqc_triggered_v1_000095,benign_vqc_v1_000095,vqc,tampered,triggered,0,2,4,vqc
tampered_vqc_triggered_v1_000096,benign_vqc_v1_000096,vqc,tampered,triggered,0,4,2,vqc
tampered_vqc_triggered_v1_000097,benign_vqc_v1_000097,vqc,tampered,triggered,4,3,2,vqc
tampered_vqc_triggered_v1_000098,benign_vqc_v1_000098,vqc,tampered,triggered,0,4,2,vqc
tampered_vqc_triggered_v1_000099,benign_vqc_v1_000099,vqc,tampered,triggered,3,1,1,vqc
tampered_vqc_triggered_v1_000100,benign_vqc_v1_000100,vqc,tampered,triggered,4,2,0,vqc
tampered_vqc_triggered_v1_000101,benign_vqc_v1_000101,vqc,tampered,triggered,4,0,4,vqc
tampered_vqc_triggered_v1_000102,benign_vqc_v1_000102,vqc,tampered,triggered,2,3,3,vqc
tampered_vqc_triggered_v1_000103,benign_vqc_v1_000103,vqc,tampered,triggered,4,2,2,vqc
tampered_vqc_triggered_v1_000104,benign_vqc_v1_000104,vqc,tampered,triggered,1,0,4,vqc
tampered_vqc_triggered_v1_000105,benign_vqc_v1_000105,vqc,tampered,triggered,1,4,0,vqc
tampered_vqc_triggered_v1_000106,benign_vqc_v1_000106,vqc,tampered,triggered,1,0,0,vqc
tampered_vqc_triggered_v1_000107,benign_vqc_v1_000107,vqc,tampered,triggered,0,2,0,vqc
tampered_vqc_triggered_v1_000108,benign_vqc_v1_000108,vqc,tampered,triggered,3,2,4,vqc
tampered_vqc_triggered_v1_000109,benign_vqc_v1_000109,vqc,tampered,triggered,0,3,2,vqc
tampered_vqc_triggered_v1_000110,benign_vqc_v1_000110,vqc,tampered,triggered,2,0,1,vqc
tampered_vqc_triggered_v1_000111,benign_vqc_v1_000111,vqc,tampered,triggered,0,0,1,vqc
tampered_vqc_triggered_v1_000112,benign_vqc_v1_000112,vqc,tampered,triggered,0,0,4,vqc
tampered_vqc_triggered_v1_000113,benign_vqc_v1_000113,vqc,tampered,triggered,4,0,2,vqc
tampered_vqc_triggered_v1_000114,benign_vqc_v1_000114,vqc,tampered,triggered,3,4,3,vqc
tampered_vqc_triggered_v1_000115,benign_vqc_v1_000115,vqc,tampered,triggered,2,0,0,vqc
tampered_vqc_triggered_v1_000116,benign_vqc_v1_000116,vqc,tampered,triggered,2,0,0,vqc
tampered_vqc_triggered_v1_000117,benign_vqc_v1_000117,vqc,tampered,triggered,4,0,0,vqc
tampered_vqc_triggered_v1_000118,benign_vqc_v1_000118,vqc,tampered,triggered,4,2,3,vqc
tampered_vqc_triggered_v1_000119,benign_vqc_v1_000119,vqc,tampered,triggered,3,4,2,vqc
tampered_vqc_triggered_v1_000120,benign_vqc_v1_000120,vqc,tampered,triggered,2,4,1,vqc
tampered_vqc_triggered_v1_000121,benign_vqc_v1_000121,vqc,tampered,triggered,3,2,0,vqc
tampered_vqc_triggered_v1_000122,benign_vqc_v1_000122,vqc,tampered,triggered,4,2,3,vqc
tampered_vqc_triggered_v1_000123,benign_vqc_v1_000123,vqc,tampered,triggered,3,1,2,vqc
tampered_vqc_triggered_v1_000124,benign_vqc_v1_000124,vqc,tampered,triggered,1,1,0,vqc
tampered_vqc_triggered_v1_000125,benign_vqc_v1_000125,vqc,tampered,triggered,1,2,3,vqc
tampered_vqc_triggered_v1_000126,benign_vqc_v1_000126,vqc,tampered,triggered,1,4,3,vqc
tampered_vqc_triggered_v1_000127,benign_vqc_v1_000127,vqc,tampered,triggered,3,1,2,vqc
tampered_vqc_triggered_v1_000128,benign_vqc_v1_000128,vqc,tampered,triggered,0,3,1,vqc
tampered_vqc_triggered_v1_000129,benign_vqc_v1_000129,vqc,tampered,triggered,1,3,3,vqc
tampered_vqc_triggered_v1_000130,benign_vqc_v1_000130,vqc,tampered,triggered,3,2,1,vqc
tampered_vqc_triggered_v1_000131,benign_vqc_v1_000131,vqc,tampered,triggered,4,4,0,vqc
tampered_vqc_triggered_v1_000132,benign_vqc_v1_000132,vqc,tampered,triggered,1,1,0,vqc
tampered_vqc_triggered_v1_000133,benign_vqc_v1_000133,vqc,tampered,triggered,4,0,1,vqc
tampered_vqc_triggered_v1_000134,benign_vqc_v1_000134,vqc,tampered,triggered,3,4,1,vqc
tampered_vqc_triggered_v1_000135,benign_vqc_v1_000135,vqc,tampered,triggered,4,4,4,vqc
tampered_vqc_triggered_v1_000136,benign_vqc_v1_000136,vqc,tampered,triggered,0,4,4,vqc
tampered_vqc_triggered_v1_000137,benign_vqc_v1_000137,vqc,tampered,triggered,0,0,2,vqc
tampered_vqc_triggered_v1_000138,benign_vqc_v1_000138,vqc,tampered,triggered,0,4,0,vqc
tampered_vqc_triggered_v1_000139,benign_vqc_v1_000139,vqc,tampered,triggered,3,1,4,vqc
tampered_vqc_triggered_v1_000140,benign_vqc_v1_000140,vqc,tampered,triggered,2,1,0,vqc
tampered_vqc_triggered_v1_000141,benign_vqc_v1_000141,vqc,tampered,triggered,0,2,3,vqc
tampered_vqc_triggered_v1_000142,benign_vqc_v1_000142,vqc,tampered,triggered,2,4,3,vqc
tampered_vqc_triggered_v1_000143,benign_vqc_v1_000143,vqc,tampered,triggered,1,1,3,vqc
tampered_vqc_triggered_v1_000144,benign_vqc_v1_000144,vqc,tampered,triggered,4,2,4,vqc
tampered_vqc_triggered_v1_000145,benign_vqc_v1_000145,vqc,tampered,triggered,2,1,4,vqc
tampered_vqc_triggered_v1_000146,benign_vqc_v1_000146,vqc,tampered,triggered,2,2,0,vqc
tampered_vqc_triggered_v1_000147,benign_vqc_v1_000147,vqc,tampered,triggered,3,1,4,vqc
tampered_vqc_triggered_v1_000148,benign_vqc_v1_000148,vqc,tampered,triggered,3,3,3,vqc
tampered_vqc_triggered_v1_000149,benign_vqc_v1_000149,vqc,tampered,triggered,3,2,3,vqc
tampered_vqc_triggered_v1_000150,benign_vqc_v1_000150,vqc,tampered,triggered,2,4,0,vqc
tampered_vqc_triggered_v1_000151,benign_vqc_v1_000151,vqc,tampered,triggered,2,0,2,vqc
tampered_vqc_triggered_v1_000152,benign_vqc_v1_000152,vqc,tampered,triggered,2,1,0,vqc
tampered_vqc_triggered_v1_000153,benign_vqc_v1_000153,vqc,tampered,triggered,1,4,2,vqc
tampered_vqc_triggered_v1_000154,benign_vqc_v1_000154,vqc,tampered,triggered,3,0,1,vqc
tampered_vqc_triggered_v1_000155,benign_vqc_v1_000155,vqc,tampered,triggered,2,1,2,vqc
tampered_vqc_triggered_v1_000156,benign_vqc_v1_000156,vqc,tampered,triggered,1,0,3,vqc
tampered_vqc_triggered_v1_000157,benign_vqc_v1_000157,vqc,tampered,triggered,3,3,1,vqc
tampered_vqc_triggered_v1_000158,benign_vqc_v1_000158,vqc,tampered,triggered,0,3,1,vqc
tampered_vqc_triggered_v1_000159,benign_vqc_v1_000159,vqc,tampered,triggered,2,4,1,vqc
tampered_vqc_triggered_v1_000160,benign_vqc_v1_000160,vqc,tampered,triggered,2,2,2,vqc
tampered_vqc_triggered_v1_000161,benign_vqc_v1_000161,vqc,tampered,triggered,0,3,3,vqc
tampered_vqc_triggered_v1_000162,benign_vqc_v1_000162,vqc,tampered,triggered,3,3,3,vqc
tampered_vqc_triggered_v1_000163,benign_vqc_v1_000163,vqc,tampered,triggered,0,0,3,vqc
tampered_vqc_triggered_v1_000164,benign_vqc_v1_000164,vqc,tampered,triggered,4,1,4,vqc
tampered_vqc_triggered_v1_000165,benign_vqc_v1_000165,vqc,tampered,triggered,0,3,1,vqc
tampered_vqc_triggered_v1_000166,benign_vqc_v1_000166,vqc,tampered,triggered,3,4,3,vqc
tampered_vqc_triggered_v1_000167,benign_vqc_v1_000167,vqc,tampered,triggered,1,1,2,vqc
tampered_vqc_triggered_v1_000168,benign_vqc_v1_000168,vqc,tampered,triggered,1,4,4,vqc
tampered_vqc_triggered_v1_000169,benign_vqc_v1_000169,vqc,tampered,triggered,3,2,3,vqc
tampered_vqc_triggered_v1_000170,benign_vqc_v1_000170,vqc,tampered,triggered,3,4,1,vqc
tampered_vqc_triggered_v1_000171,benign_vqc_v1_000171,vqc,tampered,triggered,4,1,2,vqc
tampered_vqc_triggered_v1_000172,benign_vqc_v1_000172,vqc,tampered,triggered,1,2,1,vqc
tampered_vqc_triggered_v1_000173,benign_vqc_v1_000173,vqc,tampered,triggered,3,0,1,vqc
tampered_vqc_triggered_v1_000174,benign_vqc_v1_000174,vqc,tampered,triggered,4,2,0,vqc
tampered_vqc_triggered_v1_000175,benign_vqc_v1_000175,vqc,tampered,triggered,0,1,1,vqc
tampered_vqc_triggered_v1_000176,benign_vqc_v1_000176,vqc,tampered,triggered,2,4,2,vqc
tampered_vqc_triggered_v1_000177,benign_vqc_v1_000177,vqc,tampered,triggered,3,2,1,vqc
tampered_vqc_triggered_v1_000178,benign_vqc_v1_000178,vqc,tampered,triggered,2,0,4,vqc
tampered_vqc_triggered_v1_000179,benign_vqc_v1_000179,vqc,tampered,triggered,4,4,3,vqc
tampered_vqc_triggered_v1_000180,benign_vqc_v1_000180,vqc,tampered,triggered,4,0,2,vqc
tampered_vqc_triggered_v1_000181,benign_vqc_v1_000181,vqc,tampered,triggered,2,2,0,vqc
tampered_vqc_triggered_v1_000182,benign_vqc_v1_000182,vqc,tampered,triggered,3,2,3,vqc
tampered_vqc_triggered_v1_000183,benign_vqc_v1_000183,vqc,tampered,triggered,0,0,0,vqc
tampered_vqc_triggered_v1_000184,benign_vqc_v1_000184,vqc,tampered,triggered,2,3,2,vqc
tampered_vqc_triggered_v1_000185,benign_vqc_v1_000185,vqc,tampered,triggered,3,2,4,vqc
tampered_vqc_triggered_v1_000186,benign_vqc_v1_000186,vqc,tampered,triggered,0,0,1,vqc
tampered_vqc_triggered_v1_000187,benign_vqc_v1_000187,vqc,tampered,triggered,2,3,2,vqc
tampered_vqc_triggered_v1_000188,benign_vqc_v1_000188,vqc,tampered,triggered,4,2,3,vqc
tampered_vqc_triggered_v1_000189,benign_vqc_v1_000189,vqc,tampered,triggered,1,4,4,vqc
tampered_vqc_triggered_v1_000190,benign_vqc_v1_000190,vqc,tampered,triggered,4,3,0,vqc
tampered_vqc_triggered_v1_000191,benign_vqc_v1_000191,vqc,tampered,triggered,4,0,3,vqc
tampered_vqc_triggered_v1_000192,benign_vqc_v1_000192,vqc,tampered,triggered,2,3,4,vqc
tampered_vqc_triggered_v1_000193,benign_vqc_v1_000193,vqc,tampered,triggered,1,4,4,vqc
tampered_vqc_triggered_v1_000194,benign_vqc_v1_000194,vqc,tampered,triggered,1,0,4,vqc
tampered_vqc_triggered_v1_000195,benign_vqc_v1_000195,vqc,tampered,triggered,2,3,1,vqc
tampered_vqc_triggered_v1_000196,benign_vqc_v1_000196,vqc,tampered,triggered,3,3,1,vqc
tampered_vqc_triggered_v1_000197,benign_vqc_v1_000197,vqc,tampered,triggered,1,4,2,vqc
tampered_vqc_triggered_v1_000198,benign_vqc_v1_000198,vqc,tampered,triggered,4,0,4,vqc
tampered_vqc_triggered_v1_000199,benign_vqc_v1_000199,vqc,tampered,triggered,3,1,1,vqc
tampered_vqc_triggered_v1_000200,benign_vqc_v1_000200,vqc,tampered,triggered,3,3,1,vqc
tampered_vqc_triggered_v1_000201,benign_vqc_v1_000201,vqc,tampered,triggered,4,3,3,vqc
tampered_vqc_triggered_v1_000202,benign_vqc_v1_000202,vqc,tampered,triggered,3,2,1,vqc
tampered_vqc_triggered_v1_000203,benign_vqc_v1_000203,vqc,tampered,triggered,2,4,1,vqc
tampered_vqc_triggered_v1_000204,benign_vqc_v1_000204,vqc,tampered,triggered,1,3,2,vqc
tampered_vqc_triggered_v1_000205,benign_vqc_v1_000205,vqc,tampered,triggered,4,2,1,vqc
tampered_vqc_triggered_v1_000206,benign_vqc_v1_000206,vqc,tampered,triggered,3,1,4,vqc
tampered_vqc_triggered_v1_000207,benign_vqc_v1_000207,vqc,tampered,triggered,3,4,3,vqc
tampered_vqc_triggered_v1_000208,benign_vqc_v1_000208,vqc,tampered,triggered,0,2,3,vqc
tampered_vqc_triggered_v1_000209,benign_vqc_v1_000209,vqc,tampered,triggered,0,4,3,vqc
tampered_vqc_triggered_v1_000210,benign_vqc_v1_000210,vqc,tampered,triggered,3,2,3,vqc
tampered_vqc_triggered_v1_000211,benign_vqc_v1_000211,vqc,tampered,triggered,0,1,4,vqc
tampered_vqc_triggered_v1_000212,benign_vqc_v1_000212,vqc,tampered,triggered,3,1,1,vqc
tampered_vqc_triggered_v1_000213,benign_vqc_v1_000213,vqc,tampered,triggered,0,3,0,vqc
tampered_vqc_triggered_v1_000214,benign_vqc_v1_000214,vqc,tampered,triggered,3,2,0,vqc
tampered_vqc_triggered_v1_000215,benign_vqc_v1_000215,vqc,tampered,triggered,1,2,3,vqc
tampered_vqc_triggered_v1_000216,benign_vqc_v1_000216,vqc,tampered,triggered,0,0,4,vqc
tampered_vqc_triggered_v1_000217,benign_vqc_v1_000217,vqc,tampered,triggered,0,4,4,vqc
tampered_vqc_triggered_v1_000218,benign_vqc_v1_000218,vqc,tampered,triggered,1,4,0,vqc
tampered_vqc_triggered_v1_000219,benign_vqc_v1_000219,vqc,tampered,triggered,1,3,0,vqc
tampered_vqc_triggered_v1_000220,benign_vqc_v1_000220,vqc,tampered,triggered,3,2,0,vqc
tampered_vqc_triggered_v1_000221,benign_vqc_v1_000221,vqc,tampered,triggered,1,2,3,vqc
tampered_vqc_triggered_v1_000222,benign_vqc_v1_000222,vqc,tampered,triggered,1,2,3,vqc
tampered_vqc_triggered_v1_000223,benign_vqc_v1_000223,vqc,tampered,triggered,0,1,1,vqc
tampered_vqc_triggered_v1_000224,benign_vqc_v1_000224,vqc,tampered,triggered,0,2,2,vqc
tampered_vqc_triggered_v1_000225,benign_vqc_v1_000225,vqc,tampered,triggered,2,3,0,vqc
tampered_vqc_triggered_v1_000226,benign_vqc_v1_000226,vqc,tampered,triggered,2,1,4,vqc
tampered_vqc_triggered_v1_000227,benign_vqc_v1_000227,vqc,tampered,triggered,1,3,3,vqc
tampered_vqc_triggered_v1_000228,benign_vqc_v1_000228,vqc,tampered,triggered,2,4,1,vqc
tampered_vqc_triggered_v1_000229,benign_vqc_v1_000229,vqc,tampered,triggered,4,1,3,vqc
tampered_vqc_triggered_v1_000230,benign_vqc_v1_000230,vqc,tampered,triggered,2,3,1,vqc
tampered_vqc_triggered_v1_000231,benign_vqc_v1_000231,vqc,tampered,triggered,3,1,4,vqc
tampered_vqc_triggered_v1_000232,benign_vqc_v1_000232,vqc,tampered,triggered,2,2,2,vqc
tampered_vqc_triggered_v1_000233,benign_vqc_v1_000233,vqc,tampered,triggered,0,1,0,vqc
tampered_vqc_triggered_v1_000234,benign_vqc_v1_000234,vqc,tampered,triggered,1,3,1,vqc
tampered_vqc_triggered_v1_000235,benign_vqc_v1_000235,vqc,tampered,triggered,1,4,0,vqc
tampered_vqc_triggered_v1_000236,benign_vqc_v1_000236,vqc,tampered,triggered,1,0,2,vqc
tampered_vqc_triggered_v1_000237,benign_vqc_v1_000237,vqc,tampered,triggered,1,2,0,vqc
tampered_vqc_triggered_v1_000238,benign_vqc_v1_000238,vqc,tampered,triggered,4,2,2,vqc
tampered_vqc_triggered_v1_000239,benign_vqc_v1_000239,vqc,tampered,triggered,4,0,2,vqc
tampered_vqc_triggered_v1_000240,benign_vqc_v1_000240,vqc,tampered,triggered,0,4,0,vqc
tampered_vqc_triggered_v1_000241,benign_vqc_v1_000241,vqc,tampered,triggered,3,3,2,vqc
tampered_vqc_triggered_v1_000242,benign_vqc_v1_000242,vqc,tampered,triggered,4,3,3,vqc
tampered_vqc_triggered_v1_000243,benign_vqc_v1_000243,vqc,tampered,triggered,2,3,3,vqc
tampered_vqc_triggered_v1_000244,benign_vqc_v1_000244,vqc,tampered,triggered,2,1,4,vqc
tampered_vqc_triggered_v1_000245,benign_vqc_v1_000245,vqc,tampered,triggered,1,2,1,vqc
tampered_vqc_triggered_v1_000246,benign_vqc_v1_000246,vqc,tampered,triggered,0,3,2,vqc
tampered_vqc_triggered_v1_000247,benign_vqc_v1_000247,vqc,tampered,triggered,0,2,0,vqc
tampered_vqc_triggered_v1_000248,benign_vqc_v1_000248,vqc,tampered,triggered,2,3,4,vqc
tampered_vqc_triggered_v1_000249,benign_vqc_v1_000249,vqc,tampered,triggered,4,3,4,vqc
tampered_vqc_triggered_v1_000250,benign_vqc_v1_000250,vqc,tampered,triggered,0,4,3,vqc
tampered_vqc_triggered_v1_000251,benign_vqc_v1_000251,vqc,tampered,triggered,3,0,0,vqc
tampered_vqc_triggered_v1_000252,benign_vqc_v1_000252,vqc,tampered,triggered,2,3,1,vqc
tampered_vqc_triggered_v1_000253,benign_vqc_v1_000253,vqc,tampered,triggered,2,1,2,vqc
tampered_vqc_triggered_v1_000254,benign_vqc_v1_000254,vqc,tampered,triggered,4,2,1,vqc
tampered_vqc_triggered_v1_000255,benign_vqc_v1_000255,vqc,tampered,triggered,0,1,0,vqc
tampered_vqc_triggered_v1_000256,benign_vqc_v1_000256,vqc,tampered,triggered,1,2,1,vqc
tampered_vqc_triggered_v1_000257,benign_vqc_v1_000257,vqc,tampered,triggered,2,4,2,vqc
tampered_vqc_triggered_v1_000258,benign_vqc_v1_000258,vqc,tampered,triggered,2,3,3,vqc
tampered_vqc_triggered_v1_000259,benign_vqc_v1_000259,vqc,tampered,triggered,4,0,3,vqc
tampered_vqc_triggered_v1_000260,benign_vqc_v1_000260,vqc,tampered,triggered,3,3,3,vqc
tampered_vqc_triggered_v1_000261,benign_vqc_v1_000261,vqc,tampered,triggered,0,3,4,vqc
tampered_vqc_triggered_v1_000262,benign_vqc_v1_000262,vqc,tampered,triggered,2,1,2,vqc
tampered_vqc_triggered_v1_000263,benign_vqc_v1_000263,vqc,tampered,triggered,4,4,0,vqc
tampered_vqc_triggered_v1_000264,benign_vqc_v1_000264,vqc,tampered,triggered,0,4,0,vqc
tampered_vqc_triggered_v1_000265,benign_vqc_v1_000265,vqc,tampered,triggered,3,0,4,vqc
tampered_vqc_triggered_v1_000266,benign_vqc_v1_000266,vqc,tampered,triggered,1,3,3,vqc
tampered_vqc_triggered_v1_000267,benign_vqc_v1_000267,vqc,tampered,triggered,4,0,2,vqc
tampered_vqc_triggered_v1_000268,benign_vqc_v1_000268,vqc,tampered,triggered,1,0,0,vqc
tampered_vqc_triggered_v1_000269,benign_vqc_v1_000269,vqc,tampered,triggered,4,1,3,vqc
tampered_vqc_triggered_v1_000270,benign_vqc_v1_000270,vqc,tampered,triggered,1,4,4,vqc
tampered_vqc_triggered_v1_000271,benign_vqc_v1_000271,vqc,tampered,triggered,2,0,4,vqc
tampered_vqc_triggered_v1_000272,benign_vqc_v1_000272,vqc,tampered,triggered,0,3,4,vqc
tampered_vqc_triggered_v1_000273,benign_vqc_v1_000273,vqc,tampered,triggered,0,1,3,vqc
tampered_vqc_triggered_v1_000274,benign_vqc_v1_000274,vqc,tampered,triggered,1,3,4,vqc
tampered_vqc_triggered_v1_000275,benign_vqc_v1_000275,vqc,tampered,triggered,1,4,2,vqc
tampered_vqc_triggered_v1_000276,benign_vqc_v1_000276,vqc,tampered,triggered,2,0,1,vqc
tampered_vqc_triggered_v1_000277,benign_vqc_v1_000277,vqc,tampered,triggered,2,1,1,vqc
tampered_vqc_triggered_v1_000278,benign_vqc_v1_000278,vqc,tampered,triggered,3,0,2,vqc
tampered_vqc_triggered_v1_000279,benign_vqc_v1_000279,vqc,tampered,triggered,1,1,4,vqc
tampered_vqc_triggered_v1_000280,benign_vqc_v1_000280,vqc,tampered,triggered,2,3,0,vqc
tampered_vqc_triggered_v1_000281,benign_vqc_v1_000281,vqc,tampered,triggered,1,1,3,vqc
tampered_vqc_triggered_v1_000282,benign_vqc_v1_000282,vqc,tampered,triggered,3,0,0,vqc
tampered_vqc_triggered_v1_000283,benign_vqc_v1_000283,vqc,tampered,triggered,1,4,2,vqc
tampered_vqc_triggered_v1_000284,benign_vqc_v1_000284,vqc,tampered,triggered,2,4,4,vqc
tampered_vqc_triggered_v1_000285,benign_vqc_v1_000285,vqc,tampered,triggered,3,3,2,vqc
tampered_vqc_triggered_v1_000286,benign_vqc_v1_000286,vqc,tampered,triggered,4,1,0,vqc
tampered_vqc_triggered_v1_000287,benign_vqc_v1_000287,vqc,tampered,triggered,1,4,1,vqc
tampered_vqc_triggered_v1_000288,benign_vqc_v1_000288,vqc,tampered,triggered,0,4,3,vqc
tampered_vqc_triggered_v1_000289,benign_vqc_v1_000289,vqc,tampered,triggered,1,1,3,vqc
tampered_vqc_triggered_v1_000290,benign_vqc_v1_000290,vqc,tampered,triggered,4,1,0,vqc
tampered_vqc_triggered_v1_000291,benign_vqc_v1_000291,vqc,tampered,triggered,3,4,4,vqc
tampered_vqc_triggered_v1_000292,benign_vqc_v1_000292,vqc,tampered,triggered,4,3,1,vqc
tampered_vqc_triggered_v1_000293,benign_vqc_v1_000293,vqc,tampered,triggered,0,3,2,vqc
tampered_vqc_triggered_v1_000294,benign_vqc_v1_000294,vqc,tampered,triggered,1,4,2,vqc
tampered_vqc_triggered_v1_000295,benign_vqc_v1_000295,vqc,tampered,triggered,4,3,1,vqc
tampered_vqc_triggered_v1_000296,benign_vqc_v1_000296,vqc,tampered,triggered,4,3,2,vqc
tampered_vqc_triggered_v1_000297,benign_vqc_v1_000297,vqc,tampered,triggered,4,2,0,vqc
tampered_vqc_triggered_v1_000298,benign_vqc_v1_000298,vqc,tampered,triggered,4,2,0,vqc
tampered_vqc_triggered_v1_000299,benign_vqc_v1_000299,vqc,tampered,triggered,0,0,0,vqc
tampered_vqc_triggered_v1_000300,benign_vqc_v1_000300,vqc,tampered,triggered,2,0,2,vqc
tampered_vqc_triggered_v1_000301,benign_vqc_v1_000301,vqc,tampered,triggered,0,2,2,vqc
tampered_vqc_triggered_v1_000302,benign_vqc_v1_000302,vqc,tampered,triggered,2,4,4,vqc
tampered_vqc_triggered_v1_000303,benign_vqc_v1_000303,vqc,tampered,triggered,1,3,4,vqc
tampered_vqc_triggered_v1_000304,benign_vqc_v1_000304,vqc,tampered,triggered,1,2,4,vqc
tampered_vqc_triggered_v1_000305,benign_vqc_v1_000305,vqc,tampered,triggered,1,4,0,vqc
tampered_vqc_triggered_v1_000306,benign_vqc_v1_000306,vqc,tampered,triggered,2,2,4,vqc
tampered_vqc_triggered_v1_000307,benign_vqc_v1_000307,vqc,tampered,triggered,4,0,1,vqc
tampered_vqc_triggered_v1_000308,benign_vqc_v1_000308,vqc,tampered,triggered,1,3,2,vqc
tampered_vqc_triggered_v1_000309,benign_vqc_v1_000309,vqc,tampered,triggered,4,2,3,vqc
tampered_vqc_triggered_v1_000310,benign_vqc_v1_000310,vqc,tampered,triggered,1,3,0,vqc
tampered_vqc_triggered_v1_000311,benign_vqc_v1_000311,vqc,tampered,triggered,0,3,4,vqc
tampered_vqc_triggered_v1_000312,benign_vqc_v1_000312,vqc,tampered,triggered,1,0,3,vqc
tampered_vqc_triggered_v1_000313,benign_vqc_v1_000313,vqc,tampered,triggered,4,3,2,vqc
tampered_vqc_triggered_v1_000314,benign_vqc_v1_000314,vqc,tampered,triggered,2,4,0,vqc
tampered_vqc_triggered_v1_000315,benign_vqc_v1_000315,vqc,tampered,triggered,3,1,2,vqc
tampered_vqc_triggered_v1_000316,benign_vqc_v1_000316,vqc,tampered,triggered,2,1,0,vqc
tampered_vqc_triggered_v1_000317,benign_vqc_v1_000317,vqc,tampered,triggered,1,2,2,vqc
tampered_vqc_triggered_v1_000318,benign_vqc_v1_000318,vqc,tampered,triggered,4,1,0,vqc
tampered_vqc_triggered_v1_000319,benign_vqc_v1_000319,vqc,tampered,triggered,2,0,1,vqc
tampered_vqc_triggered_v1_000320,benign_vqc_v1_000320,vqc,tampered,triggered,0,0,1,vqc
tampered_vqc_triggered_v1_000321,benign_vqc_v1_000321,vqc,tampered,triggered,3,1,3,vqc
tampered_vqc_triggered_v1_000322,benign_vqc_v1_000322,vqc,tampered,triggered,1,3,3,vqc
tampered_vqc_triggered_v1_000323,benign_vqc_v1_000323,vqc,tampered,triggered,1,4,0,vqc
tampered_vqc_triggered_v1_000324,benign_vqc_v1_000324,vqc,tampered,triggered,0,1,2,vqc
tampered_vqc_triggered_v1_000325,benign_vqc_v1_000325,vqc,tampered,triggered,0,3,0,vqc
tampered_vqc_triggered_v1_000326,benign_vqc_v1_000326,vqc,tampered,triggered,2,0,2,vqc
tampered_vqc_triggered_v1_000327,benign_vqc_v1_000327,vqc,tampered,triggered,0,1,2,vqc
tampered_vqc_triggered_v1_000328,benign_vqc_v1_000328,vqc,tampered,triggered,3,1,1,vqc
tampered_vqc_triggered_v1_000329,benign_vqc_v1_000329,vqc,tampered,triggered,3,0,4,vqc
tampered_vqc_triggered_v1_000330,benign_vqc_v1_000330,vqc,tampered,triggered,2,4,4,vqc
tampered_vqc_triggered_v1_000331,benign_vqc_v1_000331,vqc,tampered,triggered,0,2,0,vqc
tampered_vqc_triggered_v1_000332,benign_vqc_v1_000332,vqc,tampered,triggered,1,0,4,vqc
tampered_vqc_triggered_v1_000333,benign_vqc_v1_000333,vqc,tampered,triggered,1,2,1,vqc
tampered_vqc_triggered_v1_000334,benign_vqc_v1_000334,vqc,tampered,triggered,3,2,4,vqc
tampered_vqc_triggered_v1_000335,benign_vqc_v1_000335,vqc,tampered,triggered,3,1,2,vqc
tampered_vqc_triggered_v1_000336,benign_vqc_v1_000336,vqc,tampered,triggered,2,1,1,vqc
tampered_vqc_triggered_v1_000337,benign_vqc_v1_000337,vqc,tampered,triggered,0,1,4,vqc
tampered_vqc_triggered_v1_000338,benign_vqc_v1_000338,vqc,tampered,triggered,1,0,1,vqc
tampered_vqc_triggered_v1_000339,benign_vqc_v1_000339,vqc,tampered,triggered,0,4,3,vqc
tampered_vqc_triggered_v1_000340,benign_vqc_v1_000340,vqc,tampered,triggered,2,1,3,vqc
tampered_vqc_triggered_v1_000341,benign_vqc_v1_000341,vqc,tampered,triggered,1,0,1,vqc
tampered_vqc_triggered_v1_000342,benign_vqc_v1_000342,vqc,tampered,triggered,2,1,4,vqc
tampered_vqc_triggered_v1_000343,benign_vqc_v1_000343,vqc,tampered,triggered,2,1,2,vqc
tampered_vqc_triggered_v1_000344,benign_vqc_v1_000344,vqc,tampered,triggered,2,2,2,vqc
tampered_vqc_triggered_v1_000345,benign_vqc_v1_000345,vqc,tampered,triggered,4,4,4,vqc
tampered_vqc_triggered_v1_000346,benign_vqc_v1_000346,vqc,tampered,triggered,3,3,1,vqc
tampered_vqc_triggered_v1_000347,benign_vqc_v1_000347,vqc,tampered,triggered,2,3,2,vqc
tampered_vqc_triggered_v1_000348,benign_vqc_v1_000348,vqc,tampered,triggered,2,0,0,vqc
tampered_vqc_triggered_v1_000349,benign_vqc_v1_000349,vqc,tampered,triggered,3,0,0,vqc
tampered_vqc_triggered_v1_000350,benign_vqc_v1_000350,vqc,tampered,triggered,4,3,0,vqc
tampered_vqc_triggered_v1_000351,benign_vqc_v1_000351,vqc,tampered,triggered,0,4,1,vqc
tampered_vqc_triggered_v1_000352,benign_vqc_v1_000352,vqc,tampered,triggered,0,2,3,vqc
tampered_vqc_triggered_v1_000353,benign_vqc_v1_000353,vqc,tampered,triggered,4,0,2,vqc
tampered_vqc_triggered_v1_000354,benign_vqc_v1_000354,vqc,tampered,triggered,4,0,0,vqc
tampered_vqc_triggered_v1_000355,benign_vqc_v1_000355,vqc,tampered,triggered,4,0,2,vqc
tampered_vqc_triggered_v1_000356,benign_vqc_v1_000356,vqc,tampered,triggered,1,2,4,vqc
tampered_vqc_triggered_v1_000357,benign_vqc_v1_000357,vqc,tampered,triggered,3,3,4,vqc
tampered_vqc_triggered_v1_000358,benign_vqc_v1_000358,vqc,tampered,triggered,0,4,4,vqc
tampered_vqc_triggered_v1_000359,benign_vqc_v1_000359,vqc,tampered,triggered,1,0,2,vqc
tampered_vqc_triggered_v1_000360,benign_vqc_v1_000360,vqc,tampered,triggered,4,3,1,vqc
tampered_vqc_triggered_v1_000361,benign_vqc_v1_000361,vqc,tampered,triggered,3,0,3,vqc
tampered_vqc_triggered_v1_000362,benign_vqc_v1_000362,vqc,tampered,triggered,1,4,4,vqc
tampered_vqc_triggered_v1_000363,benign_vqc_v1_000363,vqc,tampered,triggered,1,2,4,vqc
tampered_vqc_triggered_v1_000364,benign_vqc_v1_000364,vqc,tampered,triggered,1,2,1,vqc
tampered_vqc_triggered_v1_000365,benign_vqc_v1_000365,vqc,tampered,triggered,2,3,4,vqc
tampered_vqc_triggered_v1_000366,benign_vqc_v1_000366,vqc,tampered,triggered,1,2,0,vqc
tampered_vqc_triggered_v1_000367,benign_vqc_v1_000367,vqc,tampered,triggered,3,3,0,vqc
tampered_vqc_triggered_v1_000368,benign_vqc_v1_000368,vqc,tampered,triggered,4,0,0,vqc
tampered_vqc_triggered_v1_000369,benign_vqc_v1_000369,vqc,tampered,triggered,0,2,4,vqc
tampered_vqc_triggered_v1_000370,benign_vqc_v1_000370,vqc,tampered,triggered,1,0,0,vqc
tampered_vqc_triggered_v1_000371,benign_vqc_v1_000371,vqc,tampered,triggered,4,0,1,vqc
tampered_vqc_triggered_v1_000372,benign_vqc_v1_000372,vqc,tampered,triggered,4,1,2,vqc
tampered_vqc_triggered_v1_000373,benign_vqc_v1_000373,vqc,tampered,triggered,0,4,0,vqc
tampered_vqc_triggered_v1_000374,benign_vqc_v1_000374,vqc,tampered,triggered,0,4,2,vqc
tampered_vqc_triggered_v1_000375,benign_vqc_v1_000375,vqc,tampered,triggered,1,3,2,vqc
tampered_vqc_triggered_v1_000376,benign_vqc_v1_000376,vqc,tampered,triggered,2,3,0,vqc
tampered_vqc_triggered_v1_000377,benign_vqc_v1_000377,vqc,tampered,triggered,2,1,1,vqc
tampered_vqc_triggered_v1_000378,benign_vqc_v1_000378,vqc,tampered,triggered,3,1,3,vqc
tampered_vqc_triggered_v1_000379,benign_vqc_v1_000379,vqc,tampered,triggered,0,2,2,vqc
tampered_vqc_triggered_v1_000380,benign_vqc_v1_000380,vqc,tampered,triggered,1,4,1,vqc
tampered_vqc_triggered_v1_000381,benign_vqc_v1_000381,vqc,tampered,triggered,2,3,0,vqc
tampered_vqc_triggered_v1_000382,benign_vqc_v1_000382,vqc,tampered,triggered,2,0,2,vqc
tampered_vqc_triggered_v1_000383,benign_vqc_v1_000383,vqc,tampered,triggered,4,3,4,vqc
tampered_vqc_triggered_v1_000384,benign_vqc_v1_000384,vqc,tampered,triggered,2,3,3,vqc
tampered_vqc_triggered_v1_000385,benign_vqc_v1_000385,vqc,tampered,triggered,1,0,0,vqc
tampered_vqc_triggered_v1_000386,benign_vqc_v1_000386,vqc,tampered,triggered,3,3,4,vqc
tampered_vqc_triggered_v1_000387,benign_vqc_v1_000387,vqc,tampered,triggered,0,1,2,vqc
tampered_vqc_triggered_v1_000388,benign_vqc_v1_000388,vqc,tampered,triggered,4,2,3,vqc
tampered_vqc_triggered_v1_000389,benign_vqc_v1_000389,vqc,tampered,triggered,2,3,2,vqc
tampered_vqc_triggered_v1_000390,benign_vqc_v1_000390,vqc,tampered,triggered,2,2,3,vqc
tampered_vqc_triggered_v1_000391,benign_vqc_v1_000391,vqc,tampered,triggered,2,0,2,vqc
tampered_vqc_triggered_v1_000392,benign_vqc_v1_000392,vqc,tampered,triggered,2,2,4,vqc
tampered_vqc_triggered_v1_000393,benign_vqc_v1_000393,vqc,tampered,triggered,1,3,3,vqc
tampered_vqc_triggered_v1_000394,benign_vqc_v1_000394,vqc,tampered,triggered,1,3,3,vqc
tampered_vqc_triggered_v1_000395,benign_vqc_v1_000395,vqc,tampered,triggered,3,2,0,vqc
tampered_vqc_triggered_v1_000396,benign_vqc_v1_000396,vqc,tampered,triggered,3,4,4,vqc
tampered_vqc_triggered_v1_000397,benign_vqc_v1_000397,vqc,tampered,triggered,4,0,4,vqc
tampered_vqc_triggered_v1_000398,benign_vqc_v1_000398,vqc,tampered,triggered,3,3,2,vqc
tampered_vqc_triggered_v1_000399,benign_vqc_v1_000399,vqc,tampered,triggered,4,0,2,vqc
tampered_vqc_triggered_v1_000400,benign_vqc_v1_000400,vqc,tampered,triggered,3,0,0,vqc
tampered_vqc_triggered_v1_000401,benign_vqc_v1_000401,vqc,tampered,triggered,3,2,0,vqc
tampered_vqc_triggered_v1_000402,benign_vqc_v1_000402,vqc,tampered,triggered,3,1,1,vqc
tampered_vqc_triggered_v1_000403,benign_vqc_v1_000403,vqc,tampered,triggered,1,4,1,vqc
tampered_vqc_triggered_v1_000404,benign_vqc_v1_000404,vqc,tampered,triggered,3,2,2,vqc
tampered_vqc_triggered_v1_000405,benign_vqc_v1_000405,vqc,tampered,triggered,4,3,2,vqc
tampered_vqc_triggered_v1_000406,benign_vqc_v1_000406,vqc,tampered,triggered,4,4,2,vqc
tampered_vqc_triggered_v1_000407,benign_vqc_v1_000407,vqc,tampered,triggered,3,1,1,vqc
tampered_vqc_triggered_v1_000408,benign_vqc_v1_000408,vqc,tampered,triggered,0,1,2,vqc
tampered_vqc_triggered_v1_000409,benign_vqc_v1_000409,vqc,tampered,triggered,4,4,3,vqc
tampered_vqc_triggered_v1_000410,benign_vqc_v1_000410,vqc,tampered,triggered,1,4,4,vqc
tampered_vqc_triggered_v1_000411,benign_vqc_v1_000411,vqc,tampered,triggered,4,3,0,vqc
tampered_vqc_triggered_v1_000412,benign_vqc_v1_000412,vqc,tampered,triggered,1,4,2,vqc
tampered_vqc_triggered_v1_000413,benign_vqc_v1_000413,vqc,tampered,triggered,0,1,3,vqc
tampered_vqc_triggered_v1_000414,benign_vqc_v1_000414,vqc,tampered,triggered,2,4,3,vqc
tampered_vqc_triggered_v1_000415,benign_vqc_v1_000415,vqc,tampered,triggered,1,4,3,vqc
tampered_vqc_triggered_v1_000416,benign_vqc_v1_000416,vqc,tampered,triggered,3,0,2,vqc
tampered_vqc_triggered_v1_000417,benign_vqc_v1_000417,vqc,tampered,triggered,1,0,4,vqc
tampered_vqc_triggered_v1_000418,benign_vqc_v1_000418,vqc,tampered,triggered,2,2,3,vqc
tampered_vqc_triggered_v1_000419,benign_vqc_v1_000419,vqc,tampered,triggered,2,4,4,vqc
tampered_vqc_triggered_v1_000420,benign_vqc_v1_000420,vqc,tampered,triggered,2,1,3,vqc
tampered_vqc_triggered_v1_000421,benign_vqc_v1_000421,vqc,tampered,triggered,0,4,1,vqc
tampered_vqc_triggered_v1_000422,benign_vqc_v1_000422,vqc,tampered,triggered,0,1,3,vqc
tampered_vqc_triggered_v1_000423,benign_vqc_v1_000423,vqc,tampered,triggered,3,0,3,vqc
tampered_vqc_triggered_v1_000424,benign_vqc_v1_000424,vqc,tampered,triggered,0,4,3,vqc
tampered_vqc_triggered_v1_000425,benign_vqc_v1_000425,vqc,tampered,triggered,0,2,0,vqc
tampered_vqc_triggered_v1_000426,benign_vqc_v1_000426,vqc,tampered,triggered,1,1,1,vqc
tampered_vqc_triggered_v1_000427,benign_vqc_v1_000427,vqc,tampered,triggered,0,4,2,vqc
tampered_vqc_triggered_v1_000428,benign_vqc_v1_000428,vqc,tampered,triggered,3,2,0,vqc
tampered_vqc_triggered_v1_000429,benign_vqc_v1_000429,vqc,tampered,triggered,1,4,1,vqc
tampered_vqc_triggered_v1_000430,benign_vqc_v1_000430,vqc,tampered,triggered,0,1,1,vqc
tampered_vqc_triggered_v1_000431,benign_vqc_v1_000431,vqc,tampered,triggered,4,3,2,vqc
tampered_vqc_triggered_v1_000432,benign_vqc_v1_000432,vqc,tampered,triggered,4,3,3,vqc
tampered_vqc_triggered_v1_000433,benign_vqc_v1_000433,vqc,tampered,triggered,2,4,3,vqc
tampered_vqc_triggered_v1_000434,benign_vqc_v1_000434,vqc,tampered,triggered,0,3,3,vqc
tampered_vqc_triggered_v1_000435,benign_vqc_v1_000435,vqc,tampered,triggered,1,2,3,vqc
tampered_vqc_triggered_v1_000436,benign_vqc_v1_000436,vqc,tampered,triggered,0,0,1,vqc
tampered_vqc_triggered_v1_000437,benign_vqc_v1_000437,vqc,tampered,triggered,2,3,1,vqc
tampered_vqc_triggered_v1_000438,benign_vqc_v1_000438,vqc,tampered,triggered,1,0,3,vqc
tampered_vqc_triggered_v1_000439,benign_vqc_v1_000439,vqc,tampered,triggered,3,3,1,vqc
tampered_vqc_triggered_v1_000440,benign_vqc_v1_000440,vqc,tampered,triggered,4,1,4,vqc
tampered_vqc_triggered_v1_000441,benign_vqc_v1_000441,vqc,tampered,triggered,1,4,3,vqc
tampered_vqc_triggered_v1_000442,benign_vqc_v1_000442,vqc,tampered,triggered,1,1,4,vqc
tampered_vqc_triggered_v1_000443,benign_vqc_v1_000443,vqc,tampered,triggered,3,2,1,vqc
tampered_vqc_triggered_v1_000444,benign_vqc_v1_000444,vqc,tampered,triggered,0,4,2,vqc
tampered_vqc_triggered_v1_000445,benign_vqc_v1_000445,vqc,tampered,triggered,2,0,3,vqc
tampered_vqc_triggered_v1_000446,benign_vqc_v1_000446,vqc,tampered,triggered,1,0,0,vqc
tampered_vqc_triggered_v1_000447,benign_vqc_v1_000447,vqc,tampered,triggered,3,1,0,vqc
tampered_vqc_triggered_v1_000448,benign_vqc_v1_000448,vqc,tampered,triggered,0,3,1,vqc
tampered_vqc_triggered_v1_000449,benign_vqc_v1_000449,vqc,tampered,triggered,0,0,0,vqc
tampered_vqc_triggered_v1_000450,benign_vqc_v1_000450,vqc,tampered,triggered,3,3,1,vqc
tampered_vqc_triggered_v1_000451,benign_vqc_v1_000451,vqc,tampered,triggered,3,1,2,vqc
tampered_vqc_triggered_v1_000452,benign_vqc_v1_000452,vqc,tampered,triggered,2,1,4,vqc
tampered_vqc_triggered_v1_000453,benign_vqc_v1_000453,vqc,tampered,triggered,1,4,4,vqc
tampered_vqc_triggered_v1_000454,benign_vqc_v1_000454,vqc,tampered,triggered,0,3,0,vqc
tampered_vqc_triggered_v1_000455,benign_vqc_v1_000455,vqc,tampered,triggered,0,3,4,vqc
tampered_vqc_triggered_v1_000456,benign_vqc_v1_000456,vqc,tampered,triggered,0,3,4,vqc
tampered_vqc_triggered_v1_000457,benign_vqc_v1_000457,vqc,tampered,triggered,3,2,1,vqc
tampered_vqc_triggered_v1_000458,benign_vqc_v1_000458,vqc,tampered,triggered,2,3,4,vqc
tampered_vqc_triggered_v1_000459,benign_vqc_v1_000459,vqc,tampered,triggered,0,4,0,vqc
tampered_vqc_triggered_v1_000460,benign_vqc_v1_000460,vqc,tampered,triggered,3,4,4,vqc
tampered_vqc_triggered_v1_000461,benign_vqc_v1_000461,vqc,tampered,triggered,4,4,3,vqc
tampered_vqc_triggered_v1_000462,benign_vqc_v1_000462,vqc,tampered,triggered,0,2,0,vqc
tampered_vqc_triggered_v1_000463,benign_vqc_v1_000463,vqc,tampered,triggered,2,4,1,vqc
tampered_vqc_triggered_v1_000464,benign_vqc_v1_000464,vqc,tampered,triggered,3,3,1,vqc
tampered_vqc_triggered_v1_000465,benign_vqc_v1_000465,vqc,tampered,triggered,3,1,0,vqc
tampered_vqc_triggered_v1_000466,benign_vqc_v1_000466,vqc,tampered,triggered,3,4,1,vqc
tampered_vqc_triggered_v1_000467,benign_vqc_v1_000467,vqc,tampered,triggered,4,2,0,vqc
tampered_vqc_triggered_v1_000468,benign_vqc_v1_000468,vqc,tampered,triggered,1,0,2,vqc
tampered_vqc_triggered_v1_000469,benign_vqc_v1_000469,vqc,tampered,triggered,2,3,0,vqc
tampered_vqc_triggered_v1_000470,benign_vqc_v1_000470,vqc,tampered,triggered,3,3,3,vqc
tampered_vqc_triggered_v1_000471,benign_vqc_v1_000471,vqc,tampered,triggered,0,0,3,vqc
tampered_vqc_triggered_v1_000472,benign_vqc_v1_000472,vqc,tampered,triggered,2,4,4,vqc
tampered_vqc_triggered_v1_000473,benign_vqc_v1_000473,vqc,tampered,triggered,1,4,0,vqc
tampered_vqc_triggered_v1_000474,benign_vqc_v1_000474,vqc,tampered,triggered,2,1,2,vqc
tampered_vqc_triggered_v1_000475,benign_vqc_v1_000475,vqc,tampered,triggered,1,4,1,vqc
tampered_vqc_triggered_v1_000476,benign_vqc_v1_000476,vqc,tampered,triggered,0,1,4,vqc
tampered_vqc_triggered_v1_000477,benign_vqc_v1_000477,vqc,tampered,triggered,1,0,1,vqc
tampered_vqc_triggered_v1_000478,benign_vqc_v1_000478,vqc,tampered,triggered,2,2,1,vqc
tampered_vqc_triggered_v1_000479,benign_vqc_v1_000479,vqc,tampered,triggered,0,2,4,vqc
tampered_vqc_triggered_v1_000480,benign_vqc_v1_000480,vqc,tampered,triggered,2,3,0,vqc
tampered_vqc_triggered_v1_000481,benign_vqc_v1_000481,vqc,tampered,triggered,4,4,4,vqc
tampered_vqc_triggered_v1_000482,benign_vqc_v1_000482,vqc,tampered,triggered,4,2,4,vqc
tampered_vqc_triggered_v1_000483,benign_vqc_v1_000483,vqc,tampered,triggered,3,2,3,vqc
tampered_vqc_triggered_v1_000484,benign_vqc_v1_000484,vqc,tampered,triggered,1,2,4,vqc
tampered_vqc_triggered_v1_000485,benign_vqc_v1_000485,vqc,tampered,triggered,2,0,0,vqc
tampered_vqc_triggered_v1_000486,benign_vqc_v1_000486,vqc,tampered,triggered,0,3,4,vqc
tampered_vqc_triggered_v1_000487,benign_vqc_v1_000487,vqc,tampered,triggered,4,0,1,vqc
tampered_vqc_triggered_v1_000488,benign_vqc_v1_000488,vqc,tampered,triggered,4,0,4,vqc
tampered_vqc_triggered_v1_000489,benign_vqc_v1_000489,vqc,tampered,triggered,2,2,4,vqc
tampered_vqc_triggered_v1_000490,benign_vqc_v1_000490,vqc,tampered,triggered,4,1,1,vqc
tampered_vqc_triggered_v1_000491,benign_vqc_v1_000491,vqc,tampered,triggered,3,4,2,vqc
tampered_vqc_triggered_v1_000492,benign_vqc_v1_000492,vqc,tampered,triggered,1,2,4,vqc
tampered_vqc_triggered_v1_000493,benign_vqc_v1_000493,vqc,tampered,triggered,4,4,0,vqc
tampered_vqc_triggered_v1_000494,benign_vqc_v1_000494,vqc,tampered,triggered,1,1,3,vqc
tampered_vqc_triggered_v1_000495,benign_vqc_v1_000495,vqc,tampered,triggered,0,0,1,vqc
tampered_vqc_triggered_v1_000496,benign_vqc_v1_000496,vqc,tampered,triggered,0,1,4,vqc
tampered_vqc_triggered_v1_000497,benign_vqc_v1_000497,vqc,tampered,triggered,1,1,1,vqc
tampered_vqc_triggered_v1_000498,benign_vqc_v1_000498,vqc,tampered,triggered,4,1,3,vqc
tampered_vqc_triggered_v1_000499,benign_vqc_v1_000499,vqc,tampered,triggered,0,2,4,vqc
tampered_vqc_triggered_v1_000500,benign_vqc_v1_000500,vqc,tampered,triggered,0,3,1,vqc
tampered_vqc_triggered_v1_000501,benign_vqc_v1_000501,vqc,tampered,triggered,0,1,2,vqc
tampered_vqc_triggered_v1_000502,benign_vqc_v1_000502,vqc,tampered,triggered,2,1,3,vqc
tampered_vqc_triggered_v1_000503,benign_vqc_v1_000503,vqc,tampered,triggered,4,2,0,vqc
tampered_vqc_triggered_v1_000504,benign_vqc_v1_000504,vqc,tampered,triggered,2,2,4,vqc
tampered_vqc_triggered_v1_000505,benign_vqc_v1_000505,vqc,tampered,triggered,4,2,0,vqc
tampered_vqc_triggered_v1_000506,benign_vqc_v1_000506,vqc,tampered,triggered,0,2,3,vqc
tampered_vqc_triggered_v1_000507,benign_vqc_v1_000507,vqc,tampered,triggered,4,0,2,vqc
tampered_vqc_triggered_v1_000508,benign_vqc_v1_000508,vqc,tampered,triggered,1,4,0,vqc
tampered_vqc_triggered_v1_000509,benign_vqc_v1_000509,vqc,tampered,triggered,3,1,2,vqc
tampered_vqc_triggered_v1_000510,benign_vqc_v1_000510,vqc,tampered,triggered,3,4,1,vqc
tampered_vqc_triggered_v1_000511,benign_vqc_v1_000511,vqc,tampered,triggered,0,0,1,vqc
tampered_vqc_triggered_v1_000512,benign_vqc_v1_000512,vqc,tampered,triggered,4,3,4,vqc
tampered_vqc_triggered_v1_000513,benign_vqc_v1_000513,vqc,tampered,triggered,2,2,2,vqc
tampered_vqc_triggered_v1_000514,benign_vqc_v1_000514,vqc,tampered,triggered,2,3,0,vqc
tampered_vqc_triggered_v1_000515,benign_vqc_v1_000515,vqc,tampered,triggered,1,2,4,vqc
tampered_vqc_triggered_v1_000516,benign_vqc_v1_000516,vqc,tampered,triggered,2,1,2,vqc
tampered_vqc_triggered_v1_000517,benign_vqc_v1_000517,vqc,tampered,triggered,4,0,0,vqc
tampered_vqc_triggered_v1_000518,benign_vqc_v1_000518,vqc,tampered,triggered,1,0,3,vqc
tampered_vqc_triggered_v1_000519,benign_vqc_v1_000519,vqc,tampered,triggered,4,1,0,vqc
tampered_vqc_triggered_v1_000520,benign_vqc_v1_000520,vqc,tampered,triggered,3,2,3,vqc
tampered_vqc_triggered_v1_000521,benign_vqc_v1_000521,vqc,tampered,triggered,3,1,4,vqc
tampered_vqc_triggered_v1_000522,benign_vqc_v1_000522,vqc,tampered,triggered,4,0,4,vqc
tampered_vqc_triggered_v1_000523,benign_vqc_v1_000523,vqc,tampered,triggered,4,1,0,vqc
tampered_vqc_triggered_v1_000524,benign_vqc_v1_000524,vqc,tampered,triggered,0,4,1,vqc
tampered_vqc_triggered_v1_000525,benign_vqc_v1_000525,vqc,tampered,triggered,2,4,0,vqc
tampered_vqc_triggered_v1_000526,benign_vqc_v1_000526,vqc,tampered,triggered,4,1,3,vqc
tampered_vqc_triggered_v1_000527,benign_vqc_v1_000527,vqc,tampered,triggered,2,1,4,vqc
tampered_vqc_triggered_v1_000528,benign_vqc_v1_000528,vqc,tampered,triggered,4,1,0,vqc
tampered_vqc_triggered_v1_000529,benign_vqc_v1_000529,vqc,tampered,triggered,3,3,1,vqc
tampered_vqc_triggered_v1_000530,benign_vqc_v1_000530,vqc,tampered,triggered,0,4,0,vqc
tampered_vqc_triggered_v1_000531,benign_vqc_v1_000531,vqc,tampered,triggered,2,2,0,vqc
tampered_vqc_triggered_v1_000532,benign_vqc_v1_000532,vqc,tampered,triggered,0,4,4,vqc
tampered_vqc_triggered_v1_000533,benign_vqc_v1_000533,vqc,tampered,triggered,3,1,1,vqc
tampered_vqc_triggered_v1_000534,benign_vqc_v1_000534,vqc,tampered,triggered,2,3,4,vqc
tampered_vqc_triggered_v1_000535,benign_vqc_v1_000535,vqc,tampered,triggered,2,2,3,vqc
tampered_vqc_triggered_v1_000536,benign_vqc_v1_000536,vqc,tampered,triggered,3,4,1,vqc
tampered_vqc_triggered_v1_000537,benign_vqc_v1_000537,vqc,tampered,triggered,4,1,0,vqc
tampered_vqc_triggered_v1_000538,benign_vqc_v1_000538,vqc,tampered,triggered,3,3,1,vqc
tampered_vqc_triggered_v1_000539,benign_vqc_v1_000539,vqc,tampered,triggered,3,0,4,vqc
tampered_vqc_triggered_v1_000540,benign_vqc_v1_000540,vqc,tampered,triggered,4,1,2,vqc
tampered_vqc_triggered_v1_000541,benign_vqc_v1_000541,vqc,tampered,triggered,4,1,2,vqc
tampered_vqc_triggered_v1_000542,benign_vqc_v1_000542,vqc,tampered,triggered,3,3,3,vqc
tampered_vqc_triggered_v1_000543,benign_vqc_v1_000543,vqc,tampered,triggered,3,0,3,vqc
tampered_vqc_triggered_v1_000544,benign_vqc_v1_000544,vqc,tampered,triggered,1,4,2,vqc
tampered_vqc_triggered_v1_000545,benign_vqc_v1_000545,vqc,tampered,triggered,2,4,2,vqc
tampered_vqc_triggered_v1_000546,benign_vqc_v1_000546,vqc,tampered,triggered,3,1,3,vqc
tampered_vqc_triggered_v1_000547,benign_vqc_v1_000547,vqc,tampered,triggered,4,0,1,vqc
tampered_vqc_triggered_v1_000548,benign_vqc_v1_000548,vqc,tampered,triggered,1,2,0,vqc
tampered_vqc_triggered_v1_000549,benign_vqc_v1_000549,vqc,tampered,triggered,4,1,4,vqc
tampered_vqc_triggered_v1_000550,benign_vqc_v1_000550,vqc,tampered,triggered,0,0,4,vqc
tampered_vqc_triggered_v1_000551,benign_vqc_v1_000551,vqc,tampered,triggered,1,2,1,vqc
tampered_vqc_triggered_v1_000552,benign_vqc_v1_000552,vqc,tampered,triggered,1,3,1,vqc
tampered_vqc_triggered_v1_000553,benign_vqc_v1_000553,vqc,tampered,triggered,1,4,3,vqc
tampered_vqc_triggered_v1_000554,benign_vqc_v1_000554,vqc,tampered,triggered,1,1,1,vqc
tampered_vqc_triggered_v1_000555,benign_vqc_v1_000555,vqc,tampered,triggered,3,3,3,vqc
tampered_vqc_triggered_v1_000556,benign_vqc_v1_000556,vqc,tampered,triggered,4,0,4,vqc
tampered_vqc_triggered_v1_000557,benign_vqc_v1_000557,vqc,tampered,triggered,4,4,3,vqc
tampered_vqc_triggered_v1_000558,benign_vqc_v1_000558,vqc,tampered,triggered,3,1,0,vqc
tampered_vqc_triggered_v1_000559,benign_vqc_v1_000559,vqc,tampered,triggered,4,0,1,vqc
tampered_vqc_triggered_v1_000560,benign_vqc_v1_000560,vqc,tampered,triggered,3,1,4,vqc
tampered_vqc_triggered_v1_000561,benign_vqc_v1_000561,vqc,tampered,triggered,0,2,4,vqc
tampered_vqc_triggered_v1_000562,benign_vqc_v1_000562,vqc,tampered,triggered,2,1,0,vqc
tampered_vqc_triggered_v1_000563,benign_vqc_v1_000563,vqc,tampered,triggered,3,3,2,vqc
tampered_vqc_triggered_v1_000564,benign_vqc_v1_000564,vqc,tampered,triggered,4,1,2,vqc
tampered_vqc_triggered_v1_000565,benign_vqc_v1_000565,vqc,tampered,triggered,4,0,2,vqc
tampered_vqc_triggered_v1_000566,benign_vqc_v1_000566,vqc,tampered,triggered,0,3,2,vqc
tampered_vqc_triggered_v1_000567,benign_vqc_v1_000567,vqc,tampered,triggered,3,0,0,vqc
tampered_vqc_triggered_v1_000568,benign_vqc_v1_000568,vqc,tampered,triggered,0,2,0,vqc
tampered_vqc_triggered_v1_000569,benign_vqc_v1_000569,vqc,tampered,triggered,3,0,2,vqc
tampered_vqc_triggered_v1_000570,benign_vqc_v1_000570,vqc,tampered,triggered,0,0,1,vqc
tampered_vqc_triggered_v1_000571,benign_vqc_v1_000571,vqc,tampered,triggered,4,4,1,vqc
tampered_vqc_triggered_v1_000572,benign_vqc_v1_000572,vqc,tampered,triggered,4,0,1,vqc
tampered_vqc_triggered_v1_000573,benign_vqc_v1_000573,vqc,tampered,triggered,3,3,2,vqc
tampered_vqc_triggered_v1_000574,benign_vqc_v1_000574,vqc,tampered,triggered,1,2,4,vqc
tampered_vqc_triggered_v1_000575,benign_vqc_v1_000575,vqc,tampered,triggered,2,3,1,vqc
tampered_vqc_triggered_v1_000576,benign_vqc_v1_000576,vqc,tampered,triggered,0,2,0,vqc
tampered_vqc_triggered_v1_000577,benign_vqc_v1_000577,vqc,tampered,triggered,4,1,0,vqc
tampered_vqc_triggered_v1_000578,benign_vqc_v1_000578,vqc,tampered,triggered,3,1,4,vqc
tampered_vqc_triggered_v1_000579,benign_vqc_v1_000579,vqc,tampered,triggered,2,3,1,vqc
tampered_vqc_triggered_v1_000580,benign_vqc_v1_000580,vqc,tampered,triggered,2,0,3,vqc
tampered_vqc_triggered_v1_000581,benign_vqc_v1_000581,vqc,tampered,triggered,1,1,0,vqc
tampered_vqc_triggered_v1_000582,benign_vqc_v1_000582,vqc,tampered,triggered,1,1,4,vqc
tampered_vqc_triggered_v1_000583,benign_vqc_v1_000583,vqc,tampered,triggered,3,2,3,vqc
tampered_vqc_triggered_v1_000584,benign_vqc_v1_000584,vqc,tampered,triggered,4,4,3,vqc
tampered_vqc_triggered_v1_000585,benign_vqc_v1_000585,vqc,tampered,triggered,2,0,2,vqc
tampered_vqc_triggered_v1_000586,benign_vqc_v1_000586,vqc,tampered,triggered,2,3,2,vqc
tampered_vqc_triggered_v1_000587,benign_vqc_v1_000587,vqc,tampered,triggered,2,4,0,vqc
tampered_vqc_triggered_v1_000588,benign_vqc_v1_000588,vqc,tampered,triggered,0,1,3,vqc
tampered_vqc_triggered_v1_000589,benign_vqc_v1_000589,vqc,tampered,triggered,4,4,3,vqc
tampered_vqc_triggered_v1_000590,benign_vqc_v1_000590,vqc,tampered,triggered,3,0,3,vqc
tampered_vqc_triggered_v1_000591,benign_vqc_v1_000591,vqc,tampered,triggered,2,1,1,vqc
tampered_vqc_triggered_v1_000592,benign_vqc_v1_000592,vqc,tampered,triggered,1,2,2,vqc
tampered_vqc_triggered_v1_000593,benign_vqc_v1_000593,vqc,tampered,triggered,3,0,0,vqc
tampered_vqc_triggered_v1_000594,benign_vqc_v1_000594,vqc,tampered,triggered,4,4,1,vqc
tampered_vqc_triggered_v1_000595,benign_vqc_v1_000595,vqc,tampered,triggered,0,3,1,vqc
tampered_vqc_triggered_v1_000596,benign_vqc_v1_000596,vqc,tampered,triggered,0,0,1,vqc
tampered_vqc_triggered_v1_000597,benign_vqc_v1_000597,vqc,tampered,triggered,0,2,1,vqc
tampered_vqc_triggered_v1_000598,benign_vqc_v1_000598,vqc,tampered,triggered,0,1,1,vqc
tampered_vqc_triggered_v1_000599,benign_vqc_v1_000599,vqc,tampered,triggered,4,1,1,vqc
tampered_qft_static_v1_000000,benign_qft_v1_000000,qft,tampered,static,4,3,2,qft
tampered_qft_static_v1_000001,benign_qft_v1_000001,qft,tampered,static,1,2,1,qft
tampered_qft_static_v1_000002,benign_qft_v1_000002,qft,tampered,static,1,0,1,qft
tampered_qft_static_v1_000003,benign_qft_v1_000003,qft,tampered,static,2,4,2,qft
tampered_qft_static_v1_000004,benign_qft_v1_000004,qft,tampered,static,4,3,4,qft
tampered_qft_static_v1_000005,benign_qft_v1_000005,qft,tampered,static,0,2,2,qft
tampered_qft_static_v1_000006,benign_qft_v1_000006,qft,tampered,static,2,3,0,qft
tampered_qft_static_v1_000007,benign_qft_v1_000007,qft,tampered,static,2,1,3,qft
tampered_qft_static_v1_000008,benign_qft_v1_000008,qft,tampered,static,0,4,2,qft
tampered_qft_static_v1_000009,benign_qft_v1_000009,qft,tampered,static,1,3,0,qft
tampered_qft_static_v1_000010,benign_qft_v1_000010,qft,tampered,static,1,3,0,qft
tampered_qft_static_v1_000011,benign_qft_v1_000011,qft,tampered,static,0,1,2,qft
tampered_qft_static_v1_000012,benign_qft_v1_000012,qft,tampered,static,2,3,0,qft
tampered_qft_static_v1_000013,benign_qft_v1_000013,qft,tampered,static,4,4,1,qft
tampered_qft_static_v1_000014,benign_qft_v1_000014,qft,tampered,static,0,3,0,qft
tampered_qft_static_v1_000015,benign_qft_v1_000015,qft,tampered,static,1,2,1,qft
tampered_qft_static_v1_000016,benign_qft_v1_000016,qft,tampered,static,3,4,2,qft
tampered_qft_static_v1_000017,benign_qft_v1_000017,qft,tampered,static,1,0,1,qft
tampered_qft_static_v1_000018,benign_qft_v1_000018,qft,tampered,static,1,1,3,qft
tampered_qft_static_v1_000019,benign_qft_v1_000019,qft,tampered,static,4,3,1,qft
tampered_qft_static_v1_000020,benign_qft_v1_000020,qft,tampered,static,1,0,3,qft
tampered_qft_static_v1_000021,benign_qft_v1_000021,qft,tampered,static,0,1,4,qft
tampered_qft_static_v1_000022,benign_qft_v1_000022,qft,tampered,static,4,3,3,qft
tampered_qft_static_v1_000023,benign_qft_v1_000023,qft,tampered,static,0,2,4,qft
tampered_qft_static_v1_000024,benign_qft_v1_000024,qft,tampered,static,2,0,4,qft
tampered_qft_static_v1_000025,benign_qft_v1_000025,qft,tampered,static,2,4,1,qft
tampered_qft_static_v1_000026,benign_qft_v1_000026,qft,tampered,static,2,4,3,qft
tampered_qft_static_v1_000027,benign_qft_v1_000027,qft,tampered,static,4,3,0,qft
tampered_qft_static_v1_000028,benign_qft_v1_000028,qft,tampered,static,4,4,2,qft
tampered_qft_static_v1_000029,benign_qft_v1_000029,qft,tampered,static,4,2,4,qft
tampered_qft_static_v1_000030,benign_qft_v1_000030,qft,tampered,static,3,4,3,qft
tampered_qft_static_v1_000031,benign_qft_v1_000031,qft,tampered,static,1,0,4,qft
tampered_qft_static_v1_000032,benign_qft_v1_000032,qft,tampered,static,4,3,1,qft
tampered_qft_static_v1_000033,benign_qft_v1_000033,qft,tampered,static,3,4,4,qft
tampered_qft_static_v1_000034,benign_qft_v1_000034,qft,tampered,static,2,3,4,qft
tampered_qft_static_v1_000035,benign_qft_v1_000035,qft,tampered,static,1,4,1,qft
tampered_qft_static_v1_000036,benign_qft_v1_000036,qft,tampered,static,1,4,2,qft
tampered_qft_static_v1_000037,benign_qft_v1_000037,qft,tampered,static,3,2,4,qft
tampered_qft_static_v1_000038,benign_qft_v1_000038,qft,tampered,static,4,4,3,qft
tampered_qft_static_v1_000039,benign_qft_v1_000039,qft,tampered,static,2,0,0,qft
tampered_qft_static_v1_000040,benign_qft_v1_000040,qft,tampered,static,3,1,4,qft
tampered_qft_static_v1_000041,benign_qft_v1_000041,qft,tampered,static,3,1,4,qft
tampered_qft_static_v1_000042,benign_qft_v1_000042,qft,tampered,static,3,4,1,qft
tampered_qft_static_v1_000043,benign_qft_v1_000043,qft,tampered,static,4,0,4,qft
tampered_qft_static_v1_000044,benign_qft_v1_000044,qft,tampered,static,3,4,1,qft
tampered_qft_static_v1_000045,benign_qft_v1_000045,qft,tampered,static,1,2,1,qft
tampered_qft_static_v1_000046,benign_qft_v1_000046,qft,tampered,static,4,1,0,qft
tampered_qft_static_v1_000047,benign_qft_v1_000047,qft,tampered,static,4,1,4,qft
tampered_qft_static_v1_000048,benign_qft_v1_000048,qft,tampered,static,2,1,1,qft
tampered_qft_static_v1_000049,benign_qft_v1_000049,qft,tampered,static,1,1,4,qft
tampered_qft_static_v1_000050,benign_qft_v1_000050,qft,tampered,static,4,3,2,qft
tampered_qft_static_v1_000051,benign_qft_v1_000051,qft,tampered,static,0,2,0,qft
tampered_qft_static_v1_000052,benign_qft_v1_000052,qft,tampered,static,3,1,0,qft
tampered_qft_static_v1_000053,benign_qft_v1_000053,qft,tampered,static,1,4,4,qft
tampered_qft_static_v1_000054,benign_qft_v1_000054,qft,tampered,static,2,2,2,qft
tampered_qft_static_v1_000055,benign_qft_v1_000055,qft,tampered,static,2,1,4,qft
tampered_qft_static_v1_000056,benign_qft_v1_000056,qft,tampered,static,1,2,4,qft
tampered_qft_static_v1_000057,benign_qft_v1_000057,qft,tampered,static,2,0,4,qft
tampered_qft_static_v1_000058,benign_qft_v1_000058,qft,tampered,static,2,0,3,qft
tampered_qft_static_v1_000059,benign_qft_v1_000059,qft,tampered,static,3,0,3,qft
tampered_qft_static_v1_000060,benign_qft_v1_000060,qft,tampered,static,0,1,4,qft
tampered_qft_static_v1_000061,benign_qft_v1_000061,qft,tampered,static,0,2,2,qft
tampered_qft_static_v1_000062,benign_qft_v1_000062,qft,tampered,static,1,0,1,qft
tampered_qft_static_v1_000063,benign_qft_v1_000063,qft,tampered,static,4,3,2,qft
tampered_qft_static_v1_000064,benign_qft_v1_000064,qft,tampered,static,4,4,1,qft
tampered_qft_static_v1_000065,benign_qft_v1_000065,qft,tampered,static,1,2,3,qft
tampered_qft_static_v1_000066,benign_qft_v1_000066,qft,tampered,static,3,3,4,qft
tampered_qft_static_v1_000067,benign_qft_v1_000067,qft,tampered,static,3,2,0,qft
tampered_qft_static_v1_000068,benign_qft_v1_000068,qft,tampered,static,1,0,2,qft
tampered_qft_static_v1_000069,benign_qft_v1_000069,qft,tampered,static,3,3,3,qft
tampered_qft_static_v1_000070,benign_qft_v1_000070,qft,tampered,static,3,3,2,qft
tampered_qft_static_v1_000071,benign_qft_v1_000071,qft,tampered,static,2,3,2,qft
tampered_qft_static_v1_000072,benign_qft_v1_000072,qft,tampered,static,4,0,2,qft
tampered_qft_static_v1_000073,benign_qft_v1_000073,qft,tampered,static,0,3,4,qft
tampered_qft_static_v1_000074,benign_qft_v1_000074,qft,tampered,static,4,3,3,qft
tampered_qft_static_v1_000075,benign_qft_v1_000075,qft,tampered,static,0,2,1,qft
tampered_qft_static_v1_000076,benign_qft_v1_000076,qft,tampered,static,2,1,1,qft
tampered_qft_static_v1_000077,benign_qft_v1_000077,qft,tampered,static,4,4,1,qft
tampered_qft_static_v1_000078,benign_qft_v1_000078,qft,tampered,static,0,4,3,qft
tampered_qft_static_v1_000079,benign_qft_v1_000079,qft,tampered,static,4,4,2,qft
tampered_qft_static_v1_000080,benign_qft_v1_000080,qft,tampered,static,1,0,0,qft
tampered_qft_static_v1_000081,benign_qft_v1_000081,qft,tampered,static,1,1,3,qft
tampered_qft_static_v1_000082,benign_qft_v1_000082,qft,tampered,static,1,4,2,qft
tampered_qft_static_v1_000083,benign_qft_v1_000083,qft,tampered,static,2,1,3,qft
tampered_qft_static_v1_000084,benign_qft_v1_000084,qft,tampered,static,4,3,1,qft
tampered_qft_static_v1_000085,benign_qft_v1_000085,qft,tampered,static,1,2,1,qft
tampered_qft_static_v1_000086,benign_qft_v1_000086,qft,tampered,static,2,1,1,qft
tampered_qft_static_v1_000087,benign_qft_v1_000087,qft,tampered,static,4,4,4,qft
tampered_qft_static_v1_000088,benign_qft_v1_000088,qft,tampered,static,1,4,4,qft
tampered_qft_static_v1_000089,benign_qft_v1_000089,qft,tampered,static,0,0,2,qft
tampered_qft_static_v1_000090,benign_qft_v1_000090,qft,tampered,static,4,4,2,qft
tampered_qft_static_v1_000091,benign_qft_v1_000091,qft,tampered,static,2,2,2,qft
tampered_qft_static_v1_000092,benign_qft_v1_000092,qft,tampered,static,4,1,1,qft
tampered_qft_static_v1_000093,benign_qft_v1_000093,qft,tampered,static,3,3,1,qft
tampered_qft_static_v1_000094,benign_qft_v1_000094,qft,tampered,static,2,1,1,qft
tampered_qft_static_v1_000095,benign_qft_v1_000095,qft,tampered,static,4,1,2,qft
tampered_qft_static_v1_000096,benign_qft_v1_000096,qft,tampered,static,1,4,4,qft
tampered_qft_static_v1_000097,benign_qft_v1_000097,qft,tampered,static,0,3,3,qft
tampered_qft_static_v1_000098,benign_qft_v1_000098,qft,tampered,static,4,2,4,qft
tampered_qft_static_v1_000099,benign_qft_v1_000099,qft,tampered,static,1,2,2,qft
tampered_qft_static_v1_000100,benign_qft_v1_000100,qft,tampered,static,3,1,2,qft
tampered_qft_static_v1_000101,benign_qft_v1_000101,qft,tampered,static,4,0,0,qft
tampered_qft_static_v1_000102,benign_qft_v1_000102,qft,tampered,static,3,3,2,qft
tampered_qft_static_v1_000103,benign_qft_v1_000103,qft,tampered,static,2,4,0,qft
tampered_qft_static_v1_000104,benign_qft_v1_000104,qft,tampered,static,2,0,4,qft
tampered_qft_static_v1_000105,benign_qft_v1_000105,qft,tampered,static,4,4,3,qft
tampered_qft_static_v1_000106,benign_qft_v1_000106,qft,tampered,static,2,3,3,qft
tampered_qft_static_v1_000107,benign_qft_v1_000107,qft,tampered,static,3,1,4,qft
tampered_qft_static_v1_000108,benign_qft_v1_000108,qft,tampered,static,2,2,0,qft
tampered_qft_static_v1_000109,benign_qft_v1_000109,qft,tampered,static,0,0,4,qft
tampered_qft_static_v1_000110,benign_qft_v1_000110,qft,tampered,static,2,3,2,qft
tampered_qft_static_v1_000111,benign_qft_v1_000111,qft,tampered,static,0,4,3,qft
tampered_qft_static_v1_000112,benign_qft_v1_000112,qft,tampered,static,1,3,2,qft
tampered_qft_static_v1_000113,benign_qft_v1_000113,qft,tampered,static,0,4,3,qft
tampered_qft_static_v1_000114,benign_qft_v1_000114,qft,tampered,static,4,4,3,qft
tampered_qft_static_v1_000115,benign_qft_v1_000115,qft,tampered,static,4,2,4,qft
tampered_qft_static_v1_000116,benign_qft_v1_000116,qft,tampered,static,4,0,3,qft
tampered_qft_static_v1_000117,benign_qft_v1_000117,qft,tampered,static,1,4,3,qft
tampered_qft_static_v1_000118,benign_qft_v1_000118,qft,tampered,static,2,0,0,qft
tampered_qft_static_v1_000119,benign_qft_v1_000119,qft,tampered,static,1,4,3,qft
tampered_qft_static_v1_000120,benign_qft_v1_000120,qft,tampered,static,2,4,4,qft
tampered_qft_static_v1_000121,benign_qft_v1_000121,qft,tampered,static,3,2,3,qft
tampered_qft_static_v1_000122,benign_qft_v1_000122,qft,tampered,static,3,3,3,qft
tampered_qft_static_v1_000123,benign_qft_v1_000123,qft,tampered,static,1,3,1,qft
tampered_qft_static_v1_000124,benign_qft_v1_000124,qft,tampered,static,0,3,0,qft
tampered_qft_static_v1_000125,benign_qft_v1_000125,qft,tampered,static,1,3,0,qft
tampered_qft_static_v1_000126,benign_qft_v1_000126,qft,tampered,static,4,0,2,qft
tampered_qft_static_v1_000127,benign_qft_v1_000127,qft,tampered,static,2,1,0,qft
tampered_qft_static_v1_000128,benign_qft_v1_000128,qft,tampered,static,0,1,0,qft
tampered_qft_static_v1_000129,benign_qft_v1_000129,qft,tampered,static,1,4,0,qft
tampered_qft_static_v1_000130,benign_qft_v1_000130,qft,tampered,static,4,3,0,qft
tampered_qft_static_v1_000131,benign_qft_v1_000131,qft,tampered,static,4,3,1,qft
tampered_qft_static_v1_000132,benign_qft_v1_000132,qft,tampered,static,2,1,1,qft
tampered_qft_static_v1_000133,benign_qft_v1_000133,qft,tampered,static,1,1,1,qft
tampered_qft_static_v1_000134,benign_qft_v1_000134,qft,tampered,static,3,4,2,qft
tampered_qft_static_v1_000135,benign_qft_v1_000135,qft,tampered,static,1,2,3,qft
tampered_qft_static_v1_000136,benign_qft_v1_000136,qft,tampered,static,0,2,0,qft
tampered_qft_static_v1_000137,benign_qft_v1_000137,qft,tampered,static,2,1,2,qft
tampered_qft_static_v1_000138,benign_qft_v1_000138,qft,tampered,static,0,3,0,qft
tampered_qft_static_v1_000139,benign_qft_v1_000139,qft,tampered,static,2,4,3,qft
tampered_qft_static_v1_000140,benign_qft_v1_000140,qft,tampered,static,2,0,1,qft
tampered_qft_static_v1_000141,benign_qft_v1_000141,qft,tampered,static,1,4,2,qft
tampered_qft_static_v1_000142,benign_qft_v1_000142,qft,tampered,static,0,2,0,qft
tampered_qft_static_v1_000143,benign_qft_v1_000143,qft,tampered,static,0,1,2,qft
tampered_qft_static_v1_000144,benign_qft_v1_000144,qft,tampered,static,1,2,4,qft
tampered_qft_static_v1_000145,benign_qft_v1_000145,qft,tampered,static,4,1,2,qft
tampered_qft_static_v1_000146,benign_qft_v1_000146,qft,tampered,static,3,3,3,qft
tampered_qft_static_v1_000147,benign_qft_v1_000147,qft,tampered,static,4,0,2,qft
tampered_qft_static_v1_000148,benign_qft_v1_000148,qft,tampered,static,2,4,2,qft
tampered_qft_static_v1_000149,benign_qft_v1_000149,qft,tampered,static,4,1,3,qft
tampered_qft_static_v1_000150,benign_qft_v1_000150,qft,tampered,static,3,0,3,qft
tampered_qft_static_v1_000151,benign_qft_v1_000151,qft,tampered,static,1,2,0,qft
tampered_qft_static_v1_000152,benign_qft_v1_000152,qft,tampered,static,3,2,3,qft
tampered_qft_static_v1_000153,benign_qft_v1_000153,qft,tampered,static,3,0,0,qft
tampered_qft_static_v1_000154,benign_qft_v1_000154,qft,tampered,static,1,2,1,qft
tampered_qft_static_v1_000155,benign_qft_v1_000155,qft,tampered,static,2,4,1,qft
tampered_qft_static_v1_000156,benign_qft_v1_000156,qft,tampered,static,0,1,1,qft
tampered_qft_static_v1_000157,benign_qft_v1_000157,qft,tampered,static,2,2,4,qft
tampered_qft_static_v1_000158,benign_qft_v1_000158,qft,tampered,static,2,4,3,qft
tampered_qft_static_v1_000159,benign_qft_v1_000159,qft,tampered,static,1,2,0,qft
tampered_qft_static_v1_000160,benign_qft_v1_000160,qft,tampered,static,2,2,2,qft
tampered_qft_static_v1_000161,benign_qft_v1_000161,qft,tampered,static,1,0,2,qft
tampered_qft_static_v1_000162,benign_qft_v1_000162,qft,tampered,static,0,1,0,qft
tampered_qft_static_v1_000163,benign_qft_v1_000163,qft,tampered,static,4,0,3,qft
tampered_qft_static_v1_000164,benign_qft_v1_000164,qft,tampered,static,0,2,2,qft
tampered_qft_static_v1_000165,benign_qft_v1_000165,qft,tampered,static,3,3,4,qft
tampered_qft_static_v1_000166,benign_qft_v1_000166,qft,tampered,static,1,0,4,qft
tampered_qft_static_v1_000167,benign_qft_v1_000167,qft,tampered,static,1,0,3,qft
tampered_qft_static_v1_000168,benign_qft_v1_000168,qft,tampered,static,1,2,4,qft
tampered_qft_static_v1_000169,benign_qft_v1_000169,qft,tampered,static,0,0,2,qft
tampered_qft_static_v1_000170,benign_qft_v1_000170,qft,tampered,static,4,3,3,qft
tampered_qft_static_v1_000171,benign_qft_v1_000171,qft,tampered,static,1,1,1,qft
tampered_qft_static_v1_000172,benign_qft_v1_000172,qft,tampered,static,4,3,3,qft
tampered_qft_static_v1_000173,benign_qft_v1_000173,qft,tampered,static,4,4,1,qft
tampered_qft_static_v1_000174,benign_qft_v1_000174,qft,tampered,static,3,0,0,qft
tampered_qft_static_v1_000175,benign_qft_v1_000175,qft,tampered,static,2,2,3,qft
tampered_qft_static_v1_000176,benign_qft_v1_000176,qft,tampered,static,2,0,2,qft
tampered_qft_static_v1_000177,benign_qft_v1_000177,qft,tampered,static,2,0,1,qft
tampered_qft_static_v1_000178,benign_qft_v1_000178,qft,tampered,static,0,2,3,qft
tampered_qft_static_v1_000179,benign_qft_v1_000179,qft,tampered,static,3,3,0,qft
tampered_qft_static_v1_000180,benign_qft_v1_000180,qft,tampered,static,2,0,1,qft
tampered_qft_static_v1_000181,benign_qft_v1_000181,qft,tampered,static,1,0,4,qft
tampered_qft_static_v1_000182,benign_qft_v1_000182,qft,tampered,static,0,4,2,qft
tampered_qft_static_v1_000183,benign_qft_v1_000183,qft,tampered,static,2,3,4,qft
tampered_qft_static_v1_000184,benign_qft_v1_000184,qft,tampered,static,2,2,3,qft
tampered_qft_static_v1_000185,benign_qft_v1_000185,qft,tampered,static,0,2,4,qft
tampered_qft_static_v1_000186,benign_qft_v1_000186,qft,tampered,static,4,2,1,qft
tampered_qft_static_v1_000187,benign_qft_v1_000187,qft,tampered,static,4,2,1,qft
tampered_qft_static_v1_000188,benign_qft_v1_000188,qft,tampered,static,2,3,4,qft
tampered_qft_static_v1_000189,benign_qft_v1_000189,qft,tampered,static,4,4,0,qft
tampered_qft_static_v1_000190,benign_qft_v1_000190,qft,tampered,static,1,4,2,qft
tampered_qft_static_v1_000191,benign_qft_v1_000191,qft,tampered,static,2,4,1,qft
tampered_qft_static_v1_000192,benign_qft_v1_000192,qft,tampered,static,1,4,4,qft
tampered_qft_static_v1_000193,benign_qft_v1_000193,qft,tampered,static,3,3,2,qft
tampered_qft_static_v1_000194,benign_qft_v1_000194,qft,tampered,static,1,2,2,qft
tampered_qft_static_v1_000195,benign_qft_v1_000195,qft,tampered,static,1,4,2,qft
tampered_qft_static_v1_000196,benign_qft_v1_000196,qft,tampered,static,3,2,4,qft
tampered_qft_static_v1_000197,benign_qft_v1_000197,qft,tampered,static,0,2,0,qft
tampered_qft_static_v1_000198,benign_qft_v1_000198,qft,tampered,static,2,4,2,qft
tampered_qft_static_v1_000199,benign_qft_v1_000199,qft,tampered,static,1,4,4,qft
tampered_qft_static_v1_000200,benign_qft_v1_000200,qft,tampered,static,3,4,3,qft
tampered_qft_static_v1_000201,benign_qft_v1_000201,qft,tampered,static,0,3,0,qft
tampered_qft_static_v1_000202,benign_qft_v1_000202,qft,tampered,static,3,1,4,qft
tampered_qft_static_v1_000203,benign_qft_v1_000203,qft,tampered,static,0,3,0,qft
tampered_qft_static_v1_000204,benign_qft_v1_000204,qft,tampered,static,3,2,3,qft
tampered_qft_static_v1_000205,benign_qft_v1_000205,qft,tampered,static,1,2,4,qft
tampered_qft_static_v1_000206,benign_qft_v1_000206,qft,tampered,static,3,0,0,qft
tampered_qft_static_v1_000207,benign_qft_v1_000207,qft,tampered,static,0,2,2,qft
tampered_qft_static_v1_000208,benign_qft_v1_000208,qft,tampered,static,1,4,3,qft
tampered_qft_static_v1_000209,benign_qft_v1_000209,qft,tampered,static,1,1,0,qft
tampered_qft_static_v1_000210,benign_qft_v1_000210,qft,tampered,static,0,3,3,qft
tampered_qft_static_v1_000211,benign_qft_v1_000211,qft,tampered,static,4,2,1,qft
tampered_qft_static_v1_000212,benign_qft_v1_000212,qft,tampered,static,0,1,1,qft
tampered_qft_static_v1_000213,benign_qft_v1_000213,qft,tampered,static,1,4,2,qft
tampered_qft_static_v1_000214,benign_qft_v1_000214,qft,tampered,static,4,0,3,qft
tampered_qft_static_v1_000215,benign_qft_v1_000215,qft,tampered,static,2,0,0,qft
tampered_qft_static_v1_000216,benign_qft_v1_000216,qft,tampered,static,2,0,0,qft
tampered_qft_static_v1_000217,benign_qft_v1_000217,qft,tampered,static,2,4,0,qft
tampered_qft_static_v1_000218,benign_qft_v1_000218,qft,tampered,static,0,1,3,qft
tampered_qft_static_v1_000219,benign_qft_v1_000219,qft,tampered,static,0,3,0,qft
tampered_qft_static_v1_000220,benign_qft_v1_000220,qft,tampered,static,3,3,3,qft
tampered_qft_static_v1_000221,benign_qft_v1_000221,qft,tampered,static,1,3,1,qft
tampered_qft_static_v1_000222,benign_qft_v1_000222,qft,tampered,static,0,2,3,qft
tampered_qft_static_v1_000223,benign_qft_v1_000223,qft,tampered,static,2,0,3,qft
tampered_qft_static_v1_000224,benign_qft_v1_000224,qft,tampered,static,4,1,3,qft
tampered_qft_static_v1_000225,benign_qft_v1_000225,qft,tampered,static,0,1,0,qft
tampered_qft_static_v1_000226,benign_qft_v1_000226,qft,tampered,static,1,1,1,qft
tampered_qft_static_v1_000227,benign_qft_v1_000227,qft,tampered,static,2,4,3,qft
tampered_qft_static_v1_000228,benign_qft_v1_000228,qft,tampered,static,3,0,2,qft
tampered_qft_static_v1_000229,benign_qft_v1_000229,qft,tampered,static,0,0,1,qft
tampered_qft_static_v1_000230,benign_qft_v1_000230,qft,tampered,static,3,2,4,qft
tampered_qft_static_v1_000231,benign_qft_v1_000231,qft,tampered,static,3,2,0,qft
tampered_qft_static_v1_000232,benign_qft_v1_000232,qft,tampered,static,4,2,2,qft
tampered_qft_static_v1_000233,benign_qft_v1_000233,qft,tampered,static,1,0,2,qft
tampered_qft_static_v1_000234,benign_qft_v1_000234,qft,tampered,static,2,1,2,qft
tampered_qft_static_v1_000235,benign_qft_v1_000235,qft,tampered,static,2,3,4,qft
tampered_qft_static_v1_000236,benign_qft_v1_000236,qft,tampered,static,4,4,0,qft
tampered_qft_static_v1_000237,benign_qft_v1_000237,qft,tampered,static,3,0,1,qft
tampered_qft_static_v1_000238,benign_qft_v1_000238,qft,tampered,static,1,2,2,qft
tampered_qft_static_v1_000239,benign_qft_v1_000239,qft,tampered,static,2,0,3,qft
tampered_qft_static_v1_000240,benign_qft_v1_000240,qft,tampered,static,3,2,2,qft
tampered_qft_static_v1_000241,benign_qft_v1_000241,qft,tampered,static,1,1,1,qft
tampered_qft_static_v1_000242,benign_qft_v1_000242,qft,tampered,static,0,0,2,qft
tampered_qft_static_v1_000243,benign_qft_v1_000243,qft,tampered,static,3,0,4,qft
tampered_qft_static_v1_000244,benign_qft_v1_000244,qft,tampered,static,4,0,1,qft
tampered_qft_static_v1_000245,benign_qft_v1_000245,qft,tampered,static,2,3,0,qft
tampered_qft_static_v1_000246,benign_qft_v1_000246,qft,tampered,static,1,0,4,qft
tampered_qft_static_v1_000247,benign_qft_v1_000247,qft,tampered,static,4,0,2,qft
tampered_qft_static_v1_000248,benign_qft_v1_000248,qft,tampered,static,0,0,3,qft
tampered_qft_static_v1_000249,benign_qft_v1_000249,qft,tampered,static,1,4,1,qft
tampered_qft_static_v1_000250,benign_qft_v1_000250,qft,tampered,static,3,1,1,qft
tampered_qft_static_v1_000251,benign_qft_v1_000251,qft,tampered,static,3,0,0,qft
tampered_qft_static_v1_000252,benign_qft_v1_000252,qft,tampered,static,1,2,2,qft
tampered_qft_static_v1_000253,benign_qft_v1_000253,qft,tampered,static,2,1,4,qft
tampered_qft_static_v1_000254,benign_qft_v1_000254,qft,tampered,static,3,1,2,qft
tampered_qft_static_v1_000255,benign_qft_v1_000255,qft,tampered,static,2,0,1,qft
tampered_qft_static_v1_000256,benign_qft_v1_000256,qft,tampered,static,0,1,3,qft
tampered_qft_static_v1_000257,benign_qft_v1_000257,qft,tampered,static,2,3,3,qft
tampered_qft_static_v1_000258,benign_qft_v1_000258,qft,tampered,static,1,3,0,qft
tampered_qft_static_v1_000259,benign_qft_v1_000259,qft,tampered,static,3,2,3,qft
tampered_qft_static_v1_000260,benign_qft_v1_000260,qft,tampered,static,0,1,0,qft
tampered_qft_static_v1_000261,benign_qft_v1_000261,qft,tampered,static,0,2,2,qft
tampered_qft_static_v1_000262,benign_qft_v1_000262,qft,tampered,static,1,0,4,qft
tampered_qft_static_v1_000263,benign_qft_v1_000263,qft,tampered,static,0,4,4,qft
tampered_qft_static_v1_000264,benign_qft_v1_000264,qft,tampered,static,4,1,0,qft
tampered_qft_static_v1_000265,benign_qft_v1_000265,qft,tampered,static,3,1,1,qft
tampered_qft_static_v1_000266,benign_qft_v1_000266,qft,tampered,static,4,0,0,qft
tampered_qft_static_v1_000267,benign_qft_v1_000267,qft,tampered,static,3,4,1,qft
tampered_qft_static_v1_000268,benign_qft_v1_000268,qft,tampered,static,3,3,4,qft
tampered_qft_static_v1_000269,benign_qft_v1_000269,qft,tampered,static,1,4,0,qft
tampered_qft_static_v1_000270,benign_qft_v1_000270,qft,tampered,static,4,3,1,qft
tampered_qft_static_v1_000271,benign_qft_v1_000271,qft,tampered,static,0,2,3,qft
tampered_qft_static_v1_000272,benign_qft_v1_000272,qft,tampered,static,1,0,0,qft
tampered_qft_static_v1_000273,benign_qft_v1_000273,qft,tampered,static,4,4,2,qft
tampered_qft_static_v1_000274,benign_qft_v1_000274,qft,tampered,static,0,1,4,qft
tampered_qft_static_v1_000275,benign_qft_v1_000275,qft,tampered,static,3,3,4,qft
tampered_qft_static_v1_000276,benign_qft_v1_000276,qft,tampered,static,1,1,2,qft
tampered_qft_static_v1_000277,benign_qft_v1_000277,qft,tampered,static,0,2,4,qft
tampered_qft_static_v1_000278,benign_qft_v1_000278,qft,tampered,static,2,2,0,qft
tampered_qft_static_v1_000279,benign_qft_v1_000279,qft,tampered,static,2,2,1,qft
tampered_qft_static_v1_000280,benign_qft_v1_000280,qft,tampered,static,1,2,2,qft
tampered_qft_static_v1_000281,benign_qft_v1_000281,qft,tampered,static,3,2,4,qft
tampered_qft_static_v1_000282,benign_qft_v1_000282,qft,tampered,static,3,1,4,qft
tampered_qft_static_v1_000283,benign_qft_v1_000283,qft,tampered,static,1,3,3,qft
tampered_qft_static_v1_000284,benign_qft_v1_000284,qft,tampered,static,3,3,2,qft
tampered_qft_static_v1_000285,benign_qft_v1_000285,qft,tampered,static,0,1,3,qft
tampered_qft_static_v1_000286,benign_qft_v1_000286,qft,tampered,static,1,4,2,qft
tampered_qft_static_v1_000287,benign_qft_v1_000287,qft,tampered,static,1,4,2,qft
tampered_qft_static_v1_000288,benign_qft_v1_000288,qft,tampered,static,2,2,3,qft
tampered_qft_static_v1_000289,benign_qft_v1_000289,qft,tampered,static,0,4,1,qft
tampered_qft_static_v1_000290,benign_qft_v1_000290,qft,tampered,static,2,4,3,qft
tampered_qft_static_v1_000291,benign_qft_v1_000291,qft,tampered,static,2,3,0,qft
tampered_qft_static_v1_000292,benign_qft_v1_000292,qft,tampered,static,0,0,1,qft
tampered_qft_static_v1_000293,benign_qft_v1_000293,qft,tampered,static,0,3,2,qft
tampered_qft_static_v1_000294,benign_qft_v1_000294,qft,tampered,static,0,4,4,qft
tampered_qft_static_v1_000295,benign_qft_v1_000295,qft,tampered,static,0,0,2,qft
tampered_qft_static_v1_000296,benign_qft_v1_000296,qft,tampered,static,2,3,3,qft
tampered_qft_static_v1_000297,benign_qft_v1_000297,qft,tampered,static,3,2,3,qft
tampered_qft_static_v1_000298,benign_qft_v1_000298,qft,tampered,static,0,4,1,qft
tampered_qft_static_v1_000299,benign_qft_v1_000299,qft,tampered,static,1,2,1,qft
tampered_qft_static_v1_000300,benign_qft_v1_000300,qft,tampered,static,4,2,3,qft
tampered_qft_static_v1_000301,benign_qft_v1_000301,qft,tampered,static,4,0,0,qft
tampered_qft_static_v1_000302,benign_qft_v1_000302,qft,tampered,static,4,0,2,qft
tampered_qft_static_v1_000303,benign_qft_v1_000303,qft,tampered,static,0,1,3,qft
tampered_qft_static_v1_000304,benign_qft_v1_000304,qft,tampered,static,2,4,4,qft
tampered_qft_static_v1_000305,benign_qft_v1_000305,qft,tampered,static,3,1,1,qft
tampered_qft_static_v1_000306,benign_qft_v1_000306,qft,tampered,static,3,3,2,qft
tampered_qft_static_v1_000307,benign_qft_v1_000307,qft,tampered,static,0,3,1,qft
tampered_qft_static_v1_000308,benign_qft_v1_000308,qft,tampered,static,0,2,2,qft
tampered_qft_static_v1_000309,benign_qft_v1_000309,qft,tampered,static,3,3,3,qft
tampered_qft_static_v1_000310,benign_qft_v1_000310,qft,tampered,static,3,1,0,qft
tampered_qft_static_v1_000311,benign_qft_v1_000311,qft,tampered,static,3,2,3,qft
tampered_qft_static_v1_000312,benign_qft_v1_000312,qft,tampered,static,2,3,3,qft
tampered_qft_static_v1_000313,benign_qft_v1_000313,qft,tampered,static,0,1,3,qft
tampered_qft_static_v1_000314,benign_qft_v1_000314,qft,tampered,static,3,1,3,qft
tampered_qft_static_v1_000315,benign_qft_v1_000315,qft,tampered,static,2,2,2,qft
tampered_qft_static_v1_000316,benign_qft_v1_000316,qft,tampered,static,3,0,1,qft
tampered_qft_static_v1_000317,benign_qft_v1_000317,qft,tampered,static,4,3,3,qft
tampered_qft_static_v1_000318,benign_qft_v1_000318,qft,tampered,static,0,0,1,qft
tampered_qft_static_v1_000319,benign_qft_v1_000319,qft,tampered,static,0,2,1,qft
tampered_qft_static_v1_000320,benign_qft_v1_000320,qft,tampered,static,3,3,1,qft
tampered_qft_static_v1_000321,benign_qft_v1_000321,qft,tampered,static,3,0,1,qft
tampered_qft_static_v1_000322,benign_qft_v1_000322,qft,tampered,static,0,0,3,qft
tampered_qft_static_v1_000323,benign_qft_v1_000323,qft,tampered,static,2,4,4,qft
tampered_qft_static_v1_000324,benign_qft_v1_000324,qft,tampered,static,0,1,2,qft
tampered_qft_static_v1_000325,benign_qft_v1_000325,qft,tampered,static,3,4,2,qft
tampered_qft_static_v1_000326,benign_qft_v1_000326,qft,tampered,static,1,3,4,qft
tampered_qft_static_v1_000327,benign_qft_v1_000327,qft,tampered,static,2,1,0,qft
tampered_qft_static_v1_000328,benign_qft_v1_000328,qft,tampered,static,1,2,1,qft
tampered_qft_static_v1_000329,benign_qft_v1_000329,qft,tampered,static,2,4,0,qft
tampered_qft_static_v1_000330,benign_qft_v1_000330,qft,tampered,static,2,2,4,qft
tampered_qft_static_v1_000331,benign_qft_v1_000331,qft,tampered,static,2,0,4,qft
tampered_qft_static_v1_000332,benign_qft_v1_000332,qft,tampered,static,3,4,4,qft
tampered_qft_static_v1_000333,benign_qft_v1_000333,qft,tampered,static,4,1,4,qft
tampered_qft_static_v1_000334,benign_qft_v1_000334,qft,tampered,static,0,0,3,qft
tampered_qft_static_v1_000335,benign_qft_v1_000335,qft,tampered,static,2,3,4,qft
tampered_qft_static_v1_000336,benign_qft_v1_000336,qft,tampered,static,0,1,4,qft
tampered_qft_static_v1_000337,benign_qft_v1_000337,qft,tampered,static,4,0,3,qft
tampered_qft_static_v1_000338,benign_qft_v1_000338,qft,tampered,static,4,1,1,qft
tampered_qft_static_v1_000339,benign_qft_v1_000339,qft,tampered,static,2,1,4,qft
tampered_qft_static_v1_000340,benign_qft_v1_000340,qft,tampered,static,1,1,0,qft
tampered_qft_static_v1_000341,benign_qft_v1_000341,qft,tampered,static,2,3,2,qft
tampered_qft_static_v1_000342,benign_qft_v1_000342,qft,tampered,static,4,4,0,qft
tampered_qft_static_v1_000343,benign_qft_v1_000343,qft,tampered,static,2,4,0,qft
tampered_qft_static_v1_000344,benign_qft_v1_000344,qft,tampered,static,4,2,3,qft
tampered_qft_static_v1_000345,benign_qft_v1_000345,qft,tampered,static,4,1,1,qft
tampered_qft_static_v1_000346,benign_qft_v1_000346,qft,tampered,static,3,4,2,qft
tampered_qft_static_v1_000347,benign_qft_v1_000347,qft,tampered,static,0,3,3,qft
tampered_qft_static_v1_000348,benign_qft_v1_000348,qft,tampered,static,2,1,4,qft
tampered_qft_static_v1_000349,benign_qft_v1_000349,qft,tampered,static,2,0,1,qft
tampered_qft_static_v1_000350,benign_qft_v1_000350,qft,tampered,static,0,0,4,qft
tampered_qft_static_v1_000351,benign_qft_v1_000351,qft,tampered,static,0,1,4,qft
tampered_qft_static_v1_000352,benign_qft_v1_000352,qft,tampered,static,0,4,2,qft
tampered_qft_static_v1_000353,benign_qft_v1_000353,qft,tampered,static,0,1,0,qft
tampered_qft_static_v1_000354,benign_qft_v1_000354,qft,tampered,static,1,1,4,qft
tampered_qft_static_v1_000355,benign_qft_v1_000355,qft,tampered,static,3,3,1,qft
tampered_qft_static_v1_000356,benign_qft_v1_000356,qft,tampered,static,3,1,0,qft
tampered_qft_static_v1_000357,benign_qft_v1_000357,qft,tampered,static,0,0,0,qft
tampered_qft_static_v1_000358,benign_qft_v1_000358,qft,tampered,static,4,1,0,qft
tampered_qft_static_v1_000359,benign_qft_v1_000359,qft,tampered,static,4,2,0,qft
tampered_qft_static_v1_000360,benign_qft_v1_000360,qft,tampered,static,0,0,4,qft
tampered_qft_static_v1_000361,benign_qft_v1_000361,qft,tampered,static,1,2,2,qft
tampered_qft_static_v1_000362,benign_qft_v1_000362,qft,tampered,static,2,2,3,qft
tampered_qft_static_v1_000363,benign_qft_v1_000363,qft,tampered,static,4,2,4,qft
tampered_qft_static_v1_000364,benign_qft_v1_000364,qft,tampered,static,0,3,2,qft
tampered_qft_static_v1_000365,benign_qft_v1_000365,qft,tampered,static,4,3,1,qft
tampered_qft_static_v1_000366,benign_qft_v1_000366,qft,tampered,static,1,2,0,qft
tampered_qft_static_v1_000367,benign_qft_v1_000367,qft,tampered,static,1,3,3,qft
tampered_qft_static_v1_000368,benign_qft_v1_000368,qft,tampered,static,3,4,4,qft
tampered_qft_static_v1_000369,benign_qft_v1_000369,qft,tampered,static,0,2,1,qft
tampered_qft_static_v1_000370,benign_qft_v1_000370,qft,tampered,static,0,2,4,qft
tampered_qft_static_v1_000371,benign_qft_v1_000371,qft,tampered,static,0,4,4,qft
tampered_qft_static_v1_000372,benign_qft_v1_000372,qft,tampered,static,4,0,0,qft
tampered_qft_static_v1_000373,benign_qft_v1_000373,qft,tampered,static,0,3,2,qft
tampered_qft_static_v1_000374,benign_qft_v1_000374,qft,tampered,static,4,3,0,qft
tampered_qft_static_v1_000375,benign_qft_v1_000375,qft,tampered,static,3,2,1,qft
tampered_qft_static_v1_000376,benign_qft_v1_000376,qft,tampered,static,0,1,3,qft
tampered_qft_static_v1_000377,benign_qft_v1_000377,qft,tampered,static,0,4,0,qft
tampered_qft_static_v1_000378,benign_qft_v1_000378,qft,tampered,static,0,1,1,qft
tampered_qft_static_v1_000379,benign_qft_v1_000379,qft,tampered,static,3,3,0,qft
tampered_qft_static_v1_000380,benign_qft_v1_000380,qft,tampered,static,1,2,3,qft
tampered_qft_static_v1_000381,benign_qft_v1_000381,qft,tampered,static,4,0,1,qft
tampered_qft_static_v1_000382,benign_qft_v1_000382,qft,tampered,static,0,0,4,qft
tampered_qft_static_v1_000383,benign_qft_v1_000383,qft,tampered,static,1,2,3,qft
tampered_qft_static_v1_000384,benign_qft_v1_000384,qft,tampered,static,4,0,2,qft
tampered_qft_static_v1_000385,benign_qft_v1_000385,qft,tampered,static,3,0,0,qft
tampered_qft_static_v1_000386,benign_qft_v1_000386,qft,tampered,static,1,4,3,qft
tampered_qft_static_v1_000387,benign_qft_v1_000387,qft,tampered,static,2,4,4,qft
tampered_qft_static_v1_000388,benign_qft_v1_000388,qft,tampered,static,2,0,3,qft
tampered_qft_static_v1_000389,benign_qft_v1_000389,qft,tampered,static,0,1,4,qft
tampered_qft_static_v1_000390,benign_qft_v1_000390,qft,tampered,static,3,1,0,qft
tampered_qft_static_v1_000391,benign_qft_v1_000391,qft,tampered,static,2,1,2,qft
tampered_qft_static_v1_000392,benign_qft_v1_000392,qft,tampered,static,4,1,3,qft
tampered_qft_static_v1_000393,benign_qft_v1_000393,qft,tampered,static,4,1,2,qft
tampered_qft_static_v1_000394,benign_qft_v1_000394,qft,tampered,static,4,2,2,qft
tampered_qft_static_v1_000395,benign_qft_v1_000395,qft,tampered,static,4,0,0,qft
tampered_qft_static_v1_000396,benign_qft_v1_000396,qft,tampered,static,0,0,3,qft
tampered_qft_static_v1_000397,benign_qft_v1_000397,qft,tampered,static,0,4,0,qft
tampered_qft_static_v1_000398,benign_qft_v1_000398,qft,tampered,static,4,3,0,qft
tampered_qft_static_v1_000399,benign_qft_v1_000399,qft,tampered,static,4,4,0,qft
tampered_qft_static_v1_000400,benign_qft_v1_000400,qft,tampered,static,2,4,1,qft
tampered_qft_static_v1_000401,benign_qft_v1_000401,qft,tampered,static,2,1,4,qft
tampered_qft_static_v1_000402,benign_qft_v1_000402,qft,tampered,static,4,2,0,qft
tampered_qft_static_v1_000403,benign_qft_v1_000403,qft,tampered,static,4,2,0,qft
tampered_qft_static_v1_000404,benign_qft_v1_000404,qft,tampered,static,0,3,1,qft
tampered_qft_static_v1_000405,benign_qft_v1_000405,qft,tampered,static,2,4,1,qft
tampered_qft_static_v1_000406,benign_qft_v1_000406,qft,tampered,static,0,1,4,qft
tampered_qft_static_v1_000407,benign_qft_v1_000407,qft,tampered,static,3,4,2,qft
tampered_qft_static_v1_000408,benign_qft_v1_000408,qft,tampered,static,4,1,2,qft
tampered_qft_static_v1_000409,benign_qft_v1_000409,qft,tampered,static,2,1,0,qft
tampered_qft_static_v1_000410,benign_qft_v1_000410,qft,tampered,static,2,3,2,qft
tampered_qft_static_v1_000411,benign_qft_v1_000411,qft,tampered,static,4,0,0,qft
tampered_qft_static_v1_000412,benign_qft_v1_000412,qft,tampered,static,2,2,1,qft
tampered_qft_static_v1_000413,benign_qft_v1_000413,qft,tampered,static,3,4,0,qft
tampered_qft_static_v1_000414,benign_qft_v1_000414,qft,tampered,static,3,0,2,qft
tampered_qft_static_v1_000415,benign_qft_v1_000415,qft,tampered,static,0,2,4,qft
tampered_qft_static_v1_000416,benign_qft_v1_000416,qft,tampered,static,3,3,0,qft
tampered_qft_static_v1_000417,benign_qft_v1_000417,qft,tampered,static,1,3,1,qft
tampered_qft_static_v1_000418,benign_qft_v1_000418,qft,tampered,static,0,0,0,qft
tampered_qft_static_v1_000419,benign_qft_v1_000419,qft,tampered,static,3,4,1,qft
tampered_qft_static_v1_000420,benign_qft_v1_000420,qft,tampered,static,3,1,4,qft
tampered_qft_static_v1_000421,benign_qft_v1_000421,qft,tampered,static,3,4,0,qft
tampered_qft_static_v1_000422,benign_qft_v1_000422,qft,tampered,static,1,0,4,qft
tampered_qft_static_v1_000423,benign_qft_v1_000423,qft,tampered,static,0,0,0,qft
tampered_qft_static_v1_000424,benign_qft_v1_000424,qft,tampered,static,4,1,2,qft
tampered_qft_static_v1_000425,benign_qft_v1_000425,qft,tampered,static,4,2,2,qft
tampered_qft_static_v1_000426,benign_qft_v1_000426,qft,tampered,static,4,2,4,qft
tampered_qft_static_v1_000427,benign_qft_v1_000427,qft,tampered,static,2,0,0,qft
tampered_qft_static_v1_000428,benign_qft_v1_000428,qft,tampered,static,4,0,3,qft
tampered_qft_static_v1_000429,benign_qft_v1_000429,qft,tampered,static,3,2,4,qft
tampered_qft_static_v1_000430,benign_qft_v1_000430,qft,tampered,static,4,1,2,qft
tampered_qft_static_v1_000431,benign_qft_v1_000431,qft,tampered,static,1,4,3,qft
tampered_qft_static_v1_000432,benign_qft_v1_000432,qft,tampered,static,1,3,4,qft
tampered_qft_static_v1_000433,benign_qft_v1_000433,qft,tampered,static,4,1,0,qft
tampered_qft_static_v1_000434,benign_qft_v1_000434,qft,tampered,static,1,0,3,qft
tampered_qft_static_v1_000435,benign_qft_v1_000435,qft,tampered,static,4,3,3,qft
tampered_qft_static_v1_000436,benign_qft_v1_000436,qft,tampered,static,2,2,3,qft
tampered_qft_static_v1_000437,benign_qft_v1_000437,qft,tampered,static,4,0,2,qft
tampered_qft_static_v1_000438,benign_qft_v1_000438,qft,tampered,static,0,4,0,qft
tampered_qft_static_v1_000439,benign_qft_v1_000439,qft,tampered,static,3,1,2,qft
tampered_qft_static_v1_000440,benign_qft_v1_000440,qft,tampered,static,4,0,0,qft
tampered_qft_static_v1_000441,benign_qft_v1_000441,qft,tampered,static,1,4,4,qft
tampered_qft_static_v1_000442,benign_qft_v1_000442,qft,tampered,static,4,3,3,qft
tampered_qft_static_v1_000443,benign_qft_v1_000443,qft,tampered,static,4,3,4,qft
tampered_qft_static_v1_000444,benign_qft_v1_000444,qft,tampered,static,2,2,2,qft
tampered_qft_static_v1_000445,benign_qft_v1_000445,qft,tampered,static,3,0,1,qft
tampered_qft_static_v1_000446,benign_qft_v1_000446,qft,tampered,static,1,1,1,qft
tampered_qft_static_v1_000447,benign_qft_v1_000447,qft,tampered,static,0,1,4,qft
tampered_qft_static_v1_000448,benign_qft_v1_000448,qft,tampered,static,0,2,3,qft
tampered_qft_static_v1_000449,benign_qft_v1_000449,qft,tampered,static,0,2,0,qft
tampered_qft_static_v1_000450,benign_qft_v1_000450,qft,tampered,static,1,2,1,qft
tampered_qft_static_v1_000451,benign_qft_v1_000451,qft,tampered,static,1,4,1,qft
tampered_qft_static_v1_000452,benign_qft_v1_000452,qft,tampered,static,2,0,1,qft
tampered_qft_static_v1_000453,benign_qft_v1_000453,qft,tampered,static,0,3,0,qft
tampered_qft_static_v1_000454,benign_qft_v1_000454,qft,tampered,static,3,0,3,qft
tampered_qft_static_v1_000455,benign_qft_v1_000455,qft,tampered,static,4,4,3,qft
tampered_qft_static_v1_000456,benign_qft_v1_000456,qft,tampered,static,3,2,3,qft
tampered_qft_static_v1_000457,benign_qft_v1_000457,qft,tampered,static,2,1,4,qft
tampered_qft_static_v1_000458,benign_qft_v1_000458,qft,tampered,static,3,1,1,qft
tampered_qft_static_v1_000459,benign_qft_v1_000459,qft,tampered,static,3,2,3,qft
tampered_qft_static_v1_000460,benign_qft_v1_000460,qft,tampered,static,1,2,3,qft
tampered_qft_static_v1_000461,benign_qft_v1_000461,qft,tampered,static,0,3,1,qft
tampered_qft_static_v1_000462,benign_qft_v1_000462,qft,tampered,static,3,3,2,qft
tampered_qft_static_v1_000463,benign_qft_v1_000463,qft,tampered,static,4,1,0,qft
tampered_qft_static_v1_000464,benign_qft_v1_000464,qft,tampered,static,1,1,2,qft
tampered_qft_static_v1_000465,benign_qft_v1_000465,qft,tampered,static,3,0,0,qft
tampered_qft_static_v1_000466,benign_qft_v1_000466,qft,tampered,static,2,2,4,qft
tampered_qft_static_v1_000467,benign_qft_v1_000467,qft,tampered,static,0,3,0,qft
tampered_qft_static_v1_000468,benign_qft_v1_000468,qft,tampered,static,4,3,0,qft
tampered_qft_static_v1_000469,benign_qft_v1_000469,qft,tampered,static,1,4,3,qft
tampered_qft_static_v1_000470,benign_qft_v1_000470,qft,tampered,static,3,4,1,qft
tampered_qft_static_v1_000471,benign_qft_v1_000471,qft,tampered,static,1,4,2,qft
tampered_qft_static_v1_000472,benign_qft_v1_000472,qft,tampered,static,2,3,3,qft
tampered_qft_static_v1_000473,benign_qft_v1_000473,qft,tampered,static,3,0,0,qft
tampered_qft_static_v1_000474,benign_qft_v1_000474,qft,tampered,static,4,3,1,qft
tampered_qft_static_v1_000475,benign_qft_v1_000475,qft,tampered,static,3,2,3,qft
tampered_qft_static_v1_000476,benign_qft_v1_000476,qft,tampered,static,4,0,4,qft
tampered_qft_static_v1_000477,benign_qft_v1_000477,qft,tampered,static,2,1,4,qft
tampered_qft_static_v1_000478,benign_qft_v1_000478,qft,tampered,static,4,3,4,qft
tampered_qft_static_v1_000479,benign_qft_v1_000479,qft,tampered,static,2,3,0,qft
tampered_qft_static_v1_000480,benign_qft_v1_000480,qft,tampered,static,3,3,4,qft
tampered_qft_static_v1_000481,benign_qft_v1_000481,qft,tampered,static,3,3,1,qft
tampered_qft_static_v1_000482,benign_qft_v1_000482,qft,tampered,static,1,0,0,qft
tampered_qft_static_v1_000483,benign_qft_v1_000483,qft,tampered,static,0,0,0,qft
tampered_qft_static_v1_000484,benign_qft_v1_000484,qft,tampered,static,4,1,1,qft
tampered_qft_static_v1_000485,benign_qft_v1_000485,qft,tampered,static,0,4,2,qft
tampered_qft_static_v1_000486,benign_qft_v1_000486,qft,tampered,static,1,2,0,qft
tampered_qft_static_v1_000487,benign_qft_v1_000487,qft,tampered,static,3,2,3,qft
tampered_qft_static_v1_000488,benign_qft_v1_000488,qft,tampered,static,0,0,3,qft
tampered_qft_static_v1_000489,benign_qft_v1_000489,qft,tampered,static,4,3,1,qft
tampered_qft_static_v1_000490,benign_qft_v1_000490,qft,tampered,static,3,0,0,qft
tampered_qft_static_v1_000491,benign_qft_v1_000491,qft,tampered,static,2,1,1,qft
tampered_qft_static_v1_000492,benign_qft_v1_000492,qft,tampered,static,3,4,3,qft
tampered_qft_static_v1_000493,benign_qft_v1_000493,qft,tampered,static,2,4,1,qft
tampered_qft_static_v1_000494,benign_qft_v1_000494,qft,tampered,static,0,0,3,qft
tampered_qft_static_v1_000495,benign_qft_v1_000495,qft,tampered,static,4,3,2,qft
tampered_qft_static_v1_000496,benign_qft_v1_000496,qft,tampered,static,0,1,1,qft
tampered_qft_static_v1_000497,benign_qft_v1_000497,qft,tampered,static,1,0,4,qft
tampered_qft_static_v1_000498,benign_qft_v1_000498,qft,tampered,static,2,3,0,qft
tampered_qft_static_v1_000499,benign_qft_v1_000499,qft,tampered,static,3,2,2,qft
tampered_qft_static_v1_000500,benign_qft_v1_000500,qft,tampered,static,3,4,2,qft
tampered_qft_static_v1_000501,benign_qft_v1_000501,qft,tampered,static,3,3,2,qft
tampered_qft_static_v1_000502,benign_qft_v1_000502,qft,tampered,static,0,0,1,qft
tampered_qft_static_v1_000503,benign_qft_v1_000503,qft,tampered,static,3,0,1,qft
tampered_qft_static_v1_000504,benign_qft_v1_000504,qft,tampered,static,4,0,4,qft
tampered_qft_static_v1_000505,benign_qft_v1_000505,qft,tampered,static,0,0,4,qft
tampered_qft_static_v1_000506,benign_qft_v1_000506,qft,tampered,static,4,1,2,qft
tampered_qft_static_v1_000507,benign_qft_v1_000507,qft,tampered,static,4,0,4,qft
tampered_qft_static_v1_000508,benign_qft_v1_000508,qft,tampered,static,1,4,4,qft
tampered_qft_static_v1_000509,benign_qft_v1_000509,qft,tampered,static,0,0,1,qft
tampered_qft_static_v1_000510,benign_qft_v1_000510,qft,tampered,static,1,1,4,qft
tampered_qft_static_v1_000511,benign_qft_v1_000511,qft,tampered,static,2,3,4,qft
tampered_qft_static_v1_000512,benign_qft_v1_000512,qft,tampered,static,1,0,1,qft
tampered_qft_static_v1_000513,benign_qft_v1_000513,qft,tampered,static,1,4,0,qft
tampered_qft_static_v1_000514,benign_qft_v1_000514,qft,tampered,static,2,1,3,qft
tampered_qft_static_v1_000515,benign_qft_v1_000515,qft,tampered,static,2,4,4,qft
tampered_qft_static_v1_000516,benign_qft_v1_000516,qft,tampered,static,4,3,3,qft
tampered_qft_static_v1_000517,benign_qft_v1_000517,qft,tampered,static,2,4,4,qft
tampered_qft_static_v1_000518,benign_qft_v1_000518,qft,tampered,static,1,4,4,qft
tampered_qft_static_v1_000519,benign_qft_v1_000519,qft,tampered,static,4,3,3,qft
tampered_qft_static_v1_000520,benign_qft_v1_000520,qft,tampered,static,3,4,2,qft
tampered_qft_static_v1_000521,benign_qft_v1_000521,qft,tampered,static,2,2,1,qft
tampered_qft_static_v1_000522,benign_qft_v1_000522,qft,tampered,static,1,1,1,qft
tampered_qft_static_v1_000523,benign_qft_v1_000523,qft,tampered,static,3,4,3,qft
tampered_qft_static_v1_000524,benign_qft_v1_000524,qft,tampered,static,4,0,3,qft
tampered_qft_static_v1_000525,benign_qft_v1_000525,qft,tampered,static,1,4,0,qft
tampered_qft_static_v1_000526,benign_qft_v1_000526,qft,tampered,static,3,1,4,qft
tampered_qft_static_v1_000527,benign_qft_v1_000527,qft,tampered,static,4,1,3,qft
tampered_qft_static_v1_000528,benign_qft_v1_000528,qft,tampered,static,0,3,2,qft
tampered_qft_static_v1_000529,benign_qft_v1_000529,qft,tampered,static,1,1,2,qft
tampered_qft_static_v1_000530,benign_qft_v1_000530,qft,tampered,static,2,2,3,qft
tampered_qft_static_v1_000531,benign_qft_v1_000531,qft,tampered,static,3,3,0,qft
tampered_qft_static_v1_000532,benign_qft_v1_000532,qft,tampered,static,1,2,3,qft
tampered_qft_static_v1_000533,benign_qft_v1_000533,qft,tampered,static,0,0,1,qft
tampered_qft_static_v1_000534,benign_qft_v1_000534,qft,tampered,static,0,0,1,qft
tampered_qft_static_v1_000535,benign_qft_v1_000535,qft,tampered,static,2,2,4,qft
tampered_qft_static_v1_000536,benign_qft_v1_000536,qft,tampered,static,0,1,0,qft
tampered_qft_static_v1_000537,benign_qft_v1_000537,qft,tampered,static,0,1,0,qft
tampered_qft_static_v1_000538,benign_qft_v1_000538,qft,tampered,static,0,1,1,qft
tampered_qft_static_v1_000539,benign_qft_v1_000539,qft,tampered,static,4,2,1,qft
tampered_qft_static_v1_000540,benign_qft_v1_000540,qft,tampered,static,0,1,2,qft
tampered_qft_static_v1_000541,benign_qft_v1_000541,qft,tampered,static,1,4,1,qft
tampered_qft_static_v1_000542,benign_qft_v1_000542,qft,tampered,static,3,3,0,qft
tampered_qft_static_v1_000543,benign_qft_v1_000543,qft,tampered,static,3,4,4,qft
tampered_qft_static_v1_000544,benign_qft_v1_000544,qft,tampered,static,3,4,4,qft
tampered_qft_static_v1_000545,benign_qft_v1_000545,qft,tampered,static,1,2,3,qft
tampered_qft_static_v1_000546,benign_qft_v1_000546,qft,tampered,static,1,1,1,qft
tampered_qft_static_v1_000547,benign_qft_v1_000547,qft,tampered,static,1,1,2,qft
tampered_qft_static_v1_000548,benign_qft_v1_000548,qft,tampered,static,4,3,2,qft
tampered_qft_static_v1_000549,benign_qft_v1_000549,qft,tampered,static,1,0,4,qft
tampered_qft_static_v1_000550,benign_qft_v1_000550,qft,tampered,static,1,1,0,qft
tampered_qft_static_v1_000551,benign_qft_v1_000551,qft,tampered,static,3,1,4,qft
tampered_qft_static_v1_000552,benign_qft_v1_000552,qft,tampered,static,3,1,1,qft
tampered_qft_static_v1_000553,benign_qft_v1_000553,qft,tampered,static,2,1,2,qft
tampered_qft_static_v1_000554,benign_qft_v1_000554,qft,tampered,static,0,4,0,qft
tampered_qft_static_v1_000555,benign_qft_v1_000555,qft,tampered,static,2,0,1,qft
tampered_qft_static_v1_000556,benign_qft_v1_000556,qft,tampered,static,4,0,2,qft
tampered_qft_static_v1_000557,benign_qft_v1_000557,qft,tampered,static,0,2,0,qft
tampered_qft_static_v1_000558,benign_qft_v1_000558,qft,tampered,static,4,2,0,qft
tampered_qft_static_v1_000559,benign_qft_v1_000559,qft,tampered,static,3,2,2,qft
tampered_qft_static_v1_000560,benign_qft_v1_000560,qft,tampered,static,1,0,2,qft
tampered_qft_static_v1_000561,benign_qft_v1_000561,qft,tampered,static,4,2,1,qft
tampered_qft_static_v1_000562,benign_qft_v1_000562,qft,tampered,static,0,3,3,qft
tampered_qft_static_v1_000563,benign_qft_v1_000563,qft,tampered,static,2,3,2,qft
tampered_qft_static_v1_000564,benign_qft_v1_000564,qft,tampered,static,3,3,4,qft
tampered_qft_static_v1_000565,benign_qft_v1_000565,qft,tampered,static,2,4,4,qft
tampered_qft_static_v1_000566,benign_qft_v1_000566,qft,tampered,static,2,3,1,qft
tampered_qft_static_v1_000567,benign_qft_v1_000567,qft,tampered,static,1,2,0,qft
tampered_qft_static_v1_000568,benign_qft_v1_000568,qft,tampered,static,3,3,4,qft
tampered_qft_static_v1_000569,benign_qft_v1_000569,qft,tampered,static,2,0,2,qft
tampered_qft_static_v1_000570,benign_qft_v1_000570,qft,tampered,static,0,2,1,qft
tampered_qft_static_v1_000571,benign_qft_v1_000571,qft,tampered,static,1,2,0,qft
tampered_qft_static_v1_000572,benign_qft_v1_000572,qft,tampered,static,2,4,0,qft
tampered_qft_static_v1_000573,benign_qft_v1_000573,qft,tampered,static,1,4,0,qft
tampered_qft_static_v1_000574,benign_qft_v1_000574,qft,tampered,static,3,4,4,qft
tampered_qft_static_v1_000575,benign_qft_v1_000575,qft,tampered,static,1,4,1,qft
tampered_qft_static_v1_000576,benign_qft_v1_000576,qft,tampered,static,3,0,0,qft
tampered_qft_static_v1_000577,benign_qft_v1_000577,qft,tampered,static,2,3,2,qft
tampered_qft_static_v1_000578,benign_qft_v1_000578,qft,tampered,static,3,1,2,qft
tampered_qft_static_v1_000579,benign_qft_v1_000579,qft,tampered,static,3,3,3,qft
tampered_qft_static_v1_000580,benign_qft_v1_000580,qft,tampered,static,1,4,1,qft
tampered_qft_static_v1_000581,benign_qft_v1_000581,qft,tampered,static,4,1,3,qft
tampered_qft_static_v1_000582,benign_qft_v1_000582,qft,tampered,static,0,0,2,qft
tampered_qft_static_v1_000583,benign_qft_v1_000583,qft,tampered,static,2,3,3,qft
tampered_qft_static_v1_000584,benign_qft_v1_000584,qft,tampered,static,4,3,4,qft
tampered_qft_static_v1_000585,benign_qft_v1_000585,qft,tampered,static,1,4,1,qft
tampered_qft_static_v1_000586,benign_qft_v1_000586,qft,tampered,static,3,0,4,qft
tampered_qft_static_v1_000587,benign_qft_v1_000587,qft,tampered,static,2,1,2,qft
tampered_qft_static_v1_000588,benign_qft_v1_000588,qft,tampered,static,0,3,1,qft
tampered_qft_static_v1_000589,benign_qft_v1_000589,qft,tampered,static,2,2,4,qft
tampered_qft_static_v1_000590,benign_qft_v1_000590,qft,tampered,static,3,2,2,qft
tampered_qft_static_v1_000591,benign_qft_v1_000591,qft,tampered,static,3,3,3,qft
tampered_qft_static_v1_000592,benign_qft_v1_000592,qft,tampered,static,2,2,1,qft
tampered_qft_static_v1_000593,benign_qft_v1_000593,qft,tampered,static,3,0,3,qft
tampered_qft_static_v1_000594,benign_qft_v1_000594,qft,tampered,static,4,4,2,qft
tampered_qft_static_v1_000595,benign_qft_v1_000595,qft,tampered,static,4,1,0,qft
tampered_qft_static_v1_000596,benign_qft_v1_000596,qft,tampered,static,0,2,1,qft
tampered_qft_static_v1_000597,benign_qft_v1_000597,qft,tampered,static,4,1,0,qft
tampered_qft_static_v1_000598,benign_qft_v1_000598,qft,tampered,static,2,3,3,qft
tampered_qft_static_v1_000599,benign_qft_v1_000599,qft,tampered,static,1,4,1,qft
tampered_qft_triggered_v1_000000,benign_qft_v1_000000,qft,tampered,triggered,4,3,2,qft
tampered_qft_triggered_v1_000001,benign_qft_v1_000001,qft,tampered,triggered,1,2,1,qft
tampered_qft_triggered_v1_000002,benign_qft_v1_000002,qft,tampered,triggered,1,0,1,qft
tampered_qft_triggered_v1_000003,benign_qft_v1_000003,qft,tampered,triggered,2,4,2,qft
tampered_qft_triggered_v1_000004,benign_qft_v1_000004,qft,tampered,triggered,4,3,4,qft
tampered_qft_triggered_v1_000005,benign_qft_v1_000005,qft,tampered,triggered,0,2,2,qft
tampered_qft_triggered_v1_000006,benign_qft_v1_000006,qft,tampered,triggered,2,3,0,qft
tampered_qft_triggered_v1_000007,benign_qft_v1_000007,qft,tampered,triggered,2,1,3,qft
tampered_qft_triggered_v1_000008,benign_qft_v1_000008,qft,tampered,triggered,0,4,2,qft
tampered_qft_triggered_v1_000009,benign_qft_v1_000009,qft,tampered,triggered,1,3,0,qft
tampered_qft_triggered_v1_000010,benign_qft_v1_000010,qft,tampered,triggered,1,3,0,qft
tampered_qft_triggered_v1_000011,benign_qft_v1_000011,qft,tampered,triggered,0,1,2,qft
tampered_qft_triggered_v1_000012,benign_qft_v1_000012,qft,tampered,triggered,2,3,0,qft
tampered_qft_triggered_v1_000013,benign_qft_v1_000013,qft,tampered,triggered,4,4,1,qft
tampered_qft_triggered_v1_000014,benign_qft_v1_000014,qft,tampered,triggered,0,3,0,qft
tampered_qft_triggered_v1_000015,benign_qft_v1_000015,qft,tampered,triggered,1,2,1,qft
tampered_qft_triggered_v1_000016,benign_qft_v1_000016,qft,tampered,triggered,3,4,2,qft
tampered_qft_triggered_v1_000017,benign_qft_v1_000017,qft,tampered,triggered,1,0,1,qft
tampered_qft_triggered_v1_000018,benign_qft_v1_000018,qft,tampered,triggered,1,1,3,qft
tampered_qft_triggered_v1_000019,benign_qft_v1_000019,qft,tampered,triggered,4,3,1,qft
tampered_qft_triggered_v1_000020,benign_qft_v1_000020,qft,tampered,triggered,1,0,3,qft
tampered_qft_triggered_v1_000021,benign_qft_v1_000021,qft,tampered,triggered,0,1,4,qft
tampered_qft_triggered_v1_000022,benign_qft_v1_000022,qft,tampered,triggered,4,3,3,qft
tampered_qft_triggered_v1_000023,benign_qft_v1_000023,qft,tampered,triggered,0,2,4,qft
tampered_qft_triggered_v1_000024,benign_qft_v1_000024,qft,tampered,triggered,2,0,4,qft
tampered_qft_triggered_v1_000025,benign_qft_v1_000025,qft,tampered,triggered,2,4,1,qft
tampered_qft_triggered_v1_000026,benign_qft_v1_000026,qft,tampered,triggered,2,4,3,qft
tampered_qft_triggered_v1_000027,benign_qft_v1_000027,qft,tampered,triggered,4,3,0,qft
tampered_qft_triggered_v1_000028,benign_qft_v1_000028,qft,tampered,triggered,4,4,2,qft
tampered_qft_triggered_v1_000029,benign_qft_v1_000029,qft,tampered,triggered,4,2,4,qft
tampered_qft_triggered_v1_000030,benign_qft_v1_000030,qft,tampered,triggered,3,4,3,qft
tampered_qft_triggered_v1_000031,benign_qft_v1_000031,qft,tampered,triggered,1,0,4,qft
tampered_qft_triggered_v1_000032,benign_qft_v1_000032,qft,tampered,triggered,4,3,1,qft
tampered_qft_triggered_v1_000033,benign_qft_v1_000033,qft,tampered,triggered,3,4,4,qft
tampered_qft_triggered_v1_000034,benign_qft_v1_000034,qft,tampered,triggered,2,3,4,qft
tampered_qft_triggered_v1_000035,benign_qft_v1_000035,qft,tampered,triggered,1,4,1,qft
tampered_qft_triggered_v1_000036,benign_qft_v1_000036,qft,tampered,triggered,1,4,2,qft
tampered_qft_triggered_v1_000037,benign_qft_v1_000037,qft,tampered,triggered,3,2,4,qft
tampered_qft_triggered_v1_000038,benign_qft_v1_000038,qft,tampered,triggered,4,4,3,qft
tampered_qft_triggered_v1_000039,benign_qft_v1_000039,qft,tampered,triggered,2,0,0,qft
tampered_qft_triggered_v1_000040,benign_qft_v1_000040,qft,tampered,triggered,3,1,4,qft
tampered_qft_triggered_v1_000041,benign_qft_v1_000041,qft,tampered,triggered,3,1,4,qft
tampered_qft_triggered_v1_000042,benign_qft_v1_000042,qft,tampered,triggered,3,4,1,qft
tampered_qft_triggered_v1_000043,benign_qft_v1_000043,qft,tampered,triggered,4,0,4,qft
tampered_qft_triggered_v1_000044,benign_qft_v1_000044,qft,tampered,triggered,3,4,1,qft
tampered_qft_triggered_v1_000045,benign_qft_v1_000045,qft,tampered,triggered,1,2,1,qft
tampered_qft_triggered_v1_000046,benign_qft_v1_000046,qft,tampered,triggered,4,1,0,qft
tampered_qft_triggered_v1_000047,benign_qft_v1_000047,qft,tampered,triggered,4,1,4,qft
tampered_qft_triggered_v1_000048,benign_qft_v1_000048,qft,tampered,triggered,2,1,1,qft
tampered_qft_triggered_v1_000049,benign_qft_v1_000049,qft,tampered,triggered,1,1,4,qft
tampered_qft_triggered_v1_000050,benign_qft_v1_000050,qft,tampered,triggered,4,3,2,qft
tampered_qft_triggered_v1_000051,benign_qft_v1_000051,qft,tampered,triggered,0,2,0,qft
tampered_qft_triggered_v1_000052,benign_qft_v1_000052,qft,tampered,triggered,3,1,0,qft
tampered_qft_triggered_v1_000053,benign_qft_v1_000053,qft,tampered,triggered,1,4,4,qft
tampered_qft_triggered_v1_000054,benign_qft_v1_000054,qft,tampered,triggered,2,2,2,qft
tampered_qft_triggered_v1_000055,benign_qft_v1_000055,qft,tampered,triggered,2,1,4,qft
tampered_qft_triggered_v1_000056,benign_qft_v1_000056,qft,tampered,triggered,1,2,4,qft
tampered_qft_triggered_v1_000057,benign_qft_v1_000057,qft,tampered,triggered,2,0,4,qft
tampered_qft_triggered_v1_000058,benign_qft_v1_000058,qft,tampered,triggered,2,0,3,qft
tampered_qft_triggered_v1_000059,benign_qft_v1_000059,qft,tampered,triggered,3,0,3,qft
tampered_qft_triggered_v1_000060,benign_qft_v1_000060,qft,tampered,triggered,0,1,4,qft
tampered_qft_triggered_v1_000061,benign_qft_v1_000061,qft,tampered,triggered,0,2,2,qft
tampered_qft_triggered_v1_000062,benign_qft_v1_000062,qft,tampered,triggered,1,0,1,qft
tampered_qft_triggered_v1_000063,benign_qft_v1_000063,qft,tampered,triggered,4,3,2,qft
tampered_qft_triggered_v1_000064,benign_qft_v1_000064,qft,tampered,triggered,4,4,1,qft
tampered_qft_triggered_v1_000065,benign_qft_v1_000065,qft,tampered,triggered,1,2,3,qft
tampered_qft_triggered_v1_000066,benign_qft_v1_000066,qft,tampered,triggered,3,3,4,qft
tampered_qft_triggered_v1_000067,benign_qft_v1_000067,qft,tampered,triggered,3,2,0,qft
tampered_qft_triggered_v1_000068,benign_qft_v1_000068,qft,tampered,triggered,1,0,2,qft
tampered_qft_triggered_v1_000069,benign_qft_v1_000069,qft,tampered,triggered,3,3,3,qft
tampered_qft_triggered_v1_000070,benign_qft_v1_000070,qft,tampered,triggered,3,3,2,qft
tampered_qft_triggered_v1_000071,benign_qft_v1_000071,qft,tampered,triggered,2,3,2,qft
tampered_qft_triggered_v1_000072,benign_qft_v1_000072,qft,tampered,triggered,4,0,2,qft
tampered_qft_triggered_v1_000073,benign_qft_v1_000073,qft,tampered,triggered,0,3,4,qft
tampered_qft_triggered_v1_000074,benign_qft_v1_000074,qft,tampered,triggered,4,3,3,qft
tampered_qft_triggered_v1_000075,benign_qft_v1_000075,qft,tampered,triggered,0,2,1,qft
tampered_qft_triggered_v1_000076,benign_qft_v1_000076,qft,tampered,triggered,2,1,1,qft
tampered_qft_triggered_v1_000077,benign_qft_v1_000077,qft,tampered,triggered,4,4,1,qft
tampered_qft_triggered_v1_000078,benign_qft_v1_000078,qft,tampered,triggered,0,4,3,qft
tampered_qft_triggered_v1_000079,benign_qft_v1_000079,qft,tampered,triggered,4,4,2,qft
tampered_qft_triggered_v1_000080,benign_qft_v1_000080,qft,tampered,triggered,1,0,0,qft
tampered_qft_triggered_v1_000081,benign_qft_v1_000081,qft,tampered,triggered,1,1,3,qft
tampered_qft_triggered_v1_000082,benign_qft_v1_000082,qft,tampered,triggered,1,4,2,qft
tampered_qft_triggered_v1_000083,benign_qft_v1_000083,qft,tampered,triggered,2,1,3,qft
tampered_qft_triggered_v1_000084,benign_qft_v1_000084,qft,tampered,triggered,4,3,1,qft
tampered_qft_triggered_v1_000085,benign_qft_v1_000085,qft,tampered,triggered,1,2,1,qft
tampered_qft_triggered_v1_000086,benign_qft_v1_000086,qft,tampered,triggered,2,1,1,qft
tampered_qft_triggered_v1_000087,benign_qft_v1_000087,qft,tampered,triggered,4,4,4,qft
tampered_qft_triggered_v1_000088,benign_qft_v1_000088,qft,tampered,triggered,1,4,4,qft
tampered_qft_triggered_v1_000089,benign_qft_v1_000089,qft,tampered,triggered,0,0,2,qft
tampered_qft_triggered_v1_000090,benign_qft_v1_000090,qft,tampered,triggered,4,4,2,qft
tampered_qft_triggered_v1_000091,benign_qft_v1_000091,qft,tampered,triggered,2,2,2,qft
tampered_qft_triggered_v1_000092,benign_qft_v1_000092,qft,tampered,triggered,4,1,1,qft
tampered_qft_triggered_v1_000093,benign_qft_v1_000093,qft,tampered,triggered,3,3,1,qft
tampered_qft_triggered_v1_000094,benign_qft_v1_000094,qft,tampered,triggered,2,1,1,qft
tampered_qft_triggered_v1_000095,benign_qft_v1_000095,qft,tampered,triggered,4,1,2,qft
tampered_qft_triggered_v1_000096,benign_qft_v1_000096,qft,tampered,triggered,1,4,4,qft
tampered_qft_triggered_v1_000097,benign_qft_v1_000097,qft,tampered,triggered,0,3,3,qft
tampered_qft_triggered_v1_000098,benign_qft_v1_000098,qft,tampered,triggered,4,2,4,qft
tampered_qft_triggered_v1_000099,benign_qft_v1_000099,qft,tampered,triggered,1,2,2,qft
tampered_qft_triggered_v1_000100,benign_qft_v1_000100,qft,tampered,triggered,3,1,2,qft
tampered_qft_triggered_v1_000101,benign_qft_v1_000101,qft,tampered,triggered,4,0,0,qft
tampered_qft_triggered_v1_000102,benign_qft_v1_000102,qft,tampered,triggered,3,3,2,qft
tampered_qft_triggered_v1_000103,benign_qft_v1_000103,qft,tampered,triggered,2,4,0,qft
tampered_qft_triggered_v1_000104,benign_qft_v1_000104,qft,tampered,triggered,2,0,4,qft
tampered_qft_triggered_v1_000105,benign_qft_v1_000105,qft,tampered,triggered,4,4,3,qft
tampered_qft_triggered_v1_000106,benign_qft_v1_000106,qft,tampered,triggered,2,3,3,qft
tampered_qft_triggered_v1_000107,benign_qft_v1_000107,qft,tampered,triggered,3,1,4,qft
tampered_qft_triggered_v1_000108,benign_qft_v1_000108,qft,tampered,triggered,2,2,0,qft
tampered_qft_triggered_v1_000109,benign_qft_v1_000109,qft,tampered,triggered,0,0,4,qft
tampered_qft_triggered_v1_000110,benign_qft_v1_000110,qft,tampered,triggered,2,3,2,qft
tampered_qft_triggered_v1_000111,benign_qft_v1_000111,qft,tampered,triggered,0,4,3,qft
tampered_qft_triggered_v1_000112,benign_qft_v1_000112,qft,tampered,triggered,1,3,2,qft
tampered_qft_triggered_v1_000113,benign_qft_v1_000113,qft,tampered,triggered,0,4,3,qft
tampered_qft_triggered_v1_000114,benign_qft_v1_000114,qft,tampered,triggered,4,4,3,qft
tampered_qft_triggered_v1_000115,benign_qft_v1_000115,qft,tampered,triggered,4,2,4,qft
tampered_qft_triggered_v1_000116,benign_qft_v1_000116,qft,tampered,triggered,4,0,3,qft
tampered_qft_triggered_v1_000117,benign_qft_v1_000117,qft,tampered,triggered,1,4,3,qft
tampered_qft_triggered_v1_000118,benign_qft_v1_000118,qft,tampered,triggered,2,0,0,qft
tampered_qft_triggered_v1_000119,benign_qft_v1_000119,qft,tampered,triggered,1,4,3,qft
tampered_qft_triggered_v1_000120,benign_qft_v1_000120,qft,tampered,triggered,2,4,4,qft
tampered_qft_triggered_v1_000121,benign_qft_v1_000121,qft,tampered,triggered,3,2,3,qft
tampered_qft_triggered_v1_000122,benign_qft_v1_000122,qft,tampered,triggered,3,3,3,qft
tampered_qft_triggered_v1_000123,benign_qft_v1_000123,qft,tampered,triggered,1,3,1,qft
tampered_qft_triggered_v1_000124,benign_qft_v1_000124,qft,tampered,triggered,0,3,0,qft
tampered_qft_triggered_v1_000125,benign_qft_v1_000125,qft,tampered,triggered,1,3,0,qft
tampered_qft_triggered_v1_000126,benign_qft_v1_000126,qft,tampered,triggered,4,0,2,qft
tampered_qft_triggered_v1_000127,benign_qft_v1_000127,qft,tampered,triggered,2,1,0,qft
tampered_qft_triggered_v1_000128,benign_qft_v1_000128,qft,tampered,triggered,0,1,0,qft
tampered_qft_triggered_v1_000129,benign_qft_v1_000129,qft,tampered,triggered,1,4,0,qft
tampered_qft_triggered_v1_000130,benign_qft_v1_000130,qft,tampered,triggered,4,3,0,qft
tampered_qft_triggered_v1_000131,benign_qft_v1_000131,qft,tampered,triggered,4,3,1,qft
tampered_qft_triggered_v1_000132,benign_qft_v1_000132,qft,tampered,triggered,2,1,1,qft
tampered_qft_triggered_v1_000133,benign_qft_v1_000133,qft,tampered,triggered,1,1,1,qft
tampered_qft_triggered_v1_000134,benign_qft_v1_000134,qft,tampered,triggered,3,4,2,qft
tampered_qft_triggered_v1_000135,benign_qft_v1_000135,qft,tampered,triggered,1,2,3,qft
tampered_qft_triggered_v1_000136,benign_qft_v1_000136,qft,tampered,triggered,0,2,0,qft
tampered_qft_triggered_v1_000137,benign_qft_v1_000137,qft,tampered,triggered,2,1,2,qft
tampered_qft_triggered_v1_000138,benign_qft_v1_000138,qft,tampered,triggered,0,3,0,qft
tampered_qft_triggered_v1_000139,benign_qft_v1_000139,qft,tampered,triggered,2,4,3,qft
tampered_qft_triggered_v1_000140,benign_qft_v1_000140,qft,tampered,triggered,2,0,1,qft
tampered_qft_triggered_v1_000141,benign_qft_v1_000141,qft,tampered,triggered,1,4,2,qft
tampered_qft_triggered_v1_000142,benign_qft_v1_000142,qft,tampered,triggered,0,2,0,qft
tampered_qft_triggered_v1_000143,benign_qft_v1_000143,qft,tampered,triggered,0,1,2,qft
tampered_qft_triggered_v1_000144,benign_qft_v1_000144,qft,tampered,triggered,1,2,4,qft
tampered_qft_triggered_v1_000145,benign_qft_v1_000145,qft,tampered,triggered,4,1,2,qft
tampered_qft_triggered_v1_000146,benign_qft_v1_000146,qft,tampered,triggered,3,3,3,qft
tampered_qft_triggered_v1_000147,benign_qft_v1_000147,qft,tampered,triggered,4,0,2,qft
tampered_qft_triggered_v1_000148,benign_qft_v1_000148,qft,tampered,triggered,2,4,2,qft
tampered_qft_triggered_v1_000149,benign_qft_v1_000149,qft,tampered,triggered,4,1,3,qft
tampered_qft_triggered_v1_000150,benign_qft_v1_000150,qft,tampered,triggered,3,0,3,qft
tampered_qft_triggered_v1_000151,benign_qft_v1_000151,qft,tampered,triggered,1,2,0,qft
tampered_qft_triggered_v1_000152,benign_qft_v1_000152,qft,tampered,triggered,3,2,3,qft
tampered_qft_triggered_v1_000153,benign_qft_v1_000153,qft,tampered,triggered,3,0,0,qft
tampered_qft_triggered_v1_000154,benign_qft_v1_000154,qft,tampered,triggered,1,2,1,qft
tampered_qft_triggered_v1_000155,benign_qft_v1_000155,qft,tampered,triggered,2,4,1,qft
tampered_qft_triggered_v1_000156,benign_qft_v1_000156,qft,tampered,triggered,0,1,1,qft
tampered_qft_triggered_v1_000157,benign_qft_v1_000157,qft,tampered,triggered,2,2,4,qft
tampered_qft_triggered_v1_000158,benign_qft_v1_000158,qft,tampered,triggered,2,4,3,qft
tampered_qft_triggered_v1_000159,benign_qft_v1_000159,qft,tampered,triggered,1,2,0,qft
tampered_qft_triggered_v1_000160,benign_qft_v1_000160,qft,tampered,triggered,2,2,2,qft
tampered_qft_triggered_v1_000161,benign_qft_v1_000161,qft,tampered,triggered,1,0,2,qft
tampered_qft_triggered_v1_000162,benign_qft_v1_000162,qft,tampered,triggered,0,1,0,qft
tampered_qft_triggered_v1_000163,benign_qft_v1_000163,qft,tampered,triggered,4,0,3,qft
tampered_qft_triggered_v1_000164,benign_qft_v1_000164,qft,tampered,triggered,0,2,2,qft
tampered_qft_triggered_v1_000165,benign_qft_v1_000165,qft,tampered,triggered,3,3,4,qft
tampered_qft_triggered_v1_000166,benign_qft_v1_000166,qft,tampered,triggered,1,0,4,qft
tampered_qft_triggered_v1_000167,benign_qft_v1_000167,qft,tampered,triggered,1,0,3,qft
tampered_qft_triggered_v1_000168,benign_qft_v1_000168,qft,tampered,triggered,1,2,4,qft
tampered_qft_triggered_v1_000169,benign_qft_v1_000169,qft,tampered,triggered,0,0,2,qft
tampered_qft_triggered_v1_000170,benign_qft_v1_000170,qft,tampered,triggered,4,3,3,qft
tampered_qft_triggered_v1_000171,benign_qft_v1_000171,qft,tampered,triggered,1,1,1,qft
tampered_qft_triggered_v1_000172,benign_qft_v1_000172,qft,tampered,triggered,4,3,3,qft
tampered_qft_triggered_v1_000173,benign_qft_v1_000173,qft,tampered,triggered,4,4,1,qft
tampered_qft_triggered_v1_000174,benign_qft_v1_000174,qft,tampered,triggered,3,0,0,qft
tampered_qft_triggered_v1_000175,benign_qft_v1_000175,qft,tampered,triggered,2,2,3,qft
tampered_qft_triggered_v1_000176,benign_qft_v1_000176,qft,tampered,triggered,2,0,2,qft
tampered_qft_triggered_v1_000177,benign_qft_v1_000177,qft,tampered,triggered,2,0,1,qft
tampered_qft_triggered_v1_000178,benign_qft_v1_000178,qft,tampered,triggered,0,2,3,qft
tampered_qft_triggered_v1_000179,benign_qft_v1_000179,qft,tampered,triggered,3,3,0,qft
tampered_qft_triggered_v1_000180,benign_qft_v1_000180,qft,tampered,triggered,2,0,1,qft
tampered_qft_triggered_v1_000181,benign_qft_v1_000181,qft,tampered,triggered,1,0,4,qft
tampered_qft_triggered_v1_000182,benign_qft_v1_000182,qft,tampered,triggered,0,4,2,qft
tampered_qft_triggered_v1_000183,benign_qft_v1_000183,qft,tampered,triggered,2,3,4,qft
tampered_qft_triggered_v1_000184,benign_qft_v1_000184,qft,tampered,triggered,2,2,3,qft
tampered_qft_triggered_v1_000185,benign_qft_v1_000185,qft,tampered,triggered,0,2,4,qft
tampered_qft_triggered_v1_000186,benign_qft_v1_000186,qft,tampered,triggered,4,2,1,qft
tampered_qft_triggered_v1_000187,benign_qft_v1_000187,qft,tampered,triggered,4,2,1,qft
tampered_qft_triggered_v1_000188,benign_qft_v1_000188,qft,tampered,triggered,2,3,4,qft
tampered_qft_triggered_v1_000189,benign_qft_v1_000189,qft,tampered,triggered,4,4,0,qft
tampered_qft_triggered_v1_000190,benign_qft_v1_000190,qft,tampered,triggered,1,4,2,qft
tampered_qft_triggered_v1_000191,benign_qft_v1_000191,qft,tampered,triggered,2,4,1,qft
tampered_qft_triggered_v1_000192,benign_qft_v1_000192,qft,tampered,triggered,1,4,4,qft
tampered_qft_triggered_v1_000193,benign_qft_v1_000193,qft,tampered,triggered,3,3,2,qft
tampered_qft_triggered_v1_000194,benign_qft_v1_000194,qft,tampered,triggered,1,2,2,qft
tampered_qft_triggered_v1_000195,benign_qft_v1_000195,qft,tampered,triggered,1,4,2,qft
tampered_qft_triggered_v1_000196,benign_qft_v1_000196,qft,tampered,triggered,3,2,4,qft
tampered_qft_triggered_v1_000197,benign_qft_v1_000197,qft,tampered,triggered,0,2,0,qft
tampered_qft_triggered_v1_000198,benign_qft_v1_000198,qft,tampered,triggered,2,4,2,qft
tampered_qft_triggered_v1_000199,benign_qft_v1_000199,qft,tampered,triggered,1,4,4,qft
tampered_qft_triggered_v1_000200,benign_qft_v1_000200,qft,tampered,triggered,3,4,3,qft
tampered_qft_triggered_v1_000201,benign_qft_v1_000201,qft,tampered,triggered,0,3,0,qft
tampered_qft_triggered_v1_000202,benign_qft_v1_000202,qft,tampered,triggered,3,1,4,qft
tampered_qft_triggered_v1_000203,benign_qft_v1_000203,qft,tampered,triggered,0,3,0,qft
tampered_qft_triggered_v1_000204,benign_qft_v1_000204,qft,tampered,triggered,3,2,3,qft
tampered_qft_triggered_v1_000205,benign_qft_v1_000205,qft,tampered,triggered,1,2,4,qft
tampered_qft_triggered_v1_000206,benign_qft_v1_000206,qft,tampered,triggered,3,0,0,qft
tampered_qft_triggered_v1_000207,benign_qft_v1_000207,qft,tampered,triggered,0,2,2,qft
tampered_qft_triggered_v1_000208,benign_qft_v1_000208,qft,tampered,triggered,1,4,3,qft
tampered_qft_triggered_v1_000209,benign_qft_v1_000209,qft,tampered,triggered,1,1,0,qft
tampered_qft_triggered_v1_000210,benign_qft_v1_000210,qft,tampered,triggered,0,3,3,qft
tampered_qft_triggered_v1_000211,benign_qft_v1_000211,qft,tampered,triggered,4,2,1,qft
tampered_qft_triggered_v1_000212,benign_qft_v1_000212,qft,tampered,triggered,0,1,1,qft
tampered_qft_triggered_v1_000213,benign_qft_v1_000213,qft,tampered,triggered,1,4,2,qft
tampered_qft_triggered_v1_000214,benign_qft_v1_000214,qft,tampered,triggered,4,0,3,qft
tampered_qft_triggered_v1_000215,benign_qft_v1_000215,qft,tampered,triggered,2,0,0,qft
tampered_qft_triggered_v1_000216,benign_qft_v1_000216,qft,tampered,triggered,2,0,0,qft
tampered_qft_triggered_v1_000217,benign_qft_v1_000217,qft,tampered,triggered,2,4,0,qft
tampered_qft_triggered_v1_000218,benign_qft_v1_000218,qft,tampered,triggered,0,1,3,qft
tampered_qft_triggered_v1_000219,benign_qft_v1_000219,qft,tampered,triggered,0,3,0,qft
tampered_qft_triggered_v1_000220,benign_qft_v1_000220,qft,tampered,triggered,3,3,3,qft
tampered_qft_triggered_v1_000221,benign_qft_v1_000221,qft,tampered,triggered,1,3,1,qft
tampered_qft_triggered_v1_000222,benign_qft_v1_000222,qft,tampered,triggered,0,2,3,qft
tampered_qft_triggered_v1_000223,benign_qft_v1_000223,qft,tampered,triggered,2,0,3,qft
tampered_qft_triggered_v1_000224,benign_qft_v1_000224,qft,tampered,triggered,4,1,3,qft
tampered_qft_triggered_v1_000225,benign_qft_v1_000225,qft,tampered,triggered,0,1,0,qft
tampered_qft_triggered_v1_000226,benign_qft_v1_000226,qft,tampered,triggered,1,1,1,qft
tampered_qft_triggered_v1_000227,benign_qft_v1_000227,qft,tampered,triggered,2,4,3,qft
tampered_qft_triggered_v1_000228,benign_qft_v1_000228,qft,tampered,triggered,3,0,2,qft
tampered_qft_triggered_v1_000229,benign_qft_v1_000229,qft,tampered,triggered,0,0,1,qft
tampered_qft_triggered_v1_000230,benign_qft_v1_000230,qft,tampered,triggered,3,2,4,qft
tampered_qft_triggered_v1_000231,benign_qft_v1_000231,qft,tampered,triggered,3,2,0,qft
tampered_qft_triggered_v1_000232,benign_qft_v1_000232,qft,tampered,triggered,4,2,2,qft
tampered_qft_triggered_v1_000233,benign_qft_v1_000233,qft,tampered,triggered,1,0,2,qft
tampered_qft_triggered_v1_000234,benign_qft_v1_000234,qft,tampered,triggered,2,1,2,qft
tampered_qft_triggered_v1_000235,benign_qft_v1_000235,qft,tampered,triggered,2,3,4,qft
tampered_qft_triggered_v1_000236,benign_qft_v1_000236,qft,tampered,triggered,4,4,0,qft
tampered_qft_triggered_v1_000237,benign_qft_v1_000237,qft,tampered,triggered,3,0,1,qft
tampered_qft_triggered_v1_000238,benign_qft_v1_000238,qft,tampered,triggered,1,2,2,qft
tampered_qft_triggered_v1_000239,benign_qft_v1_000239,qft,tampered,triggered,2,0,3,qft
tampered_qft_triggered_v1_000240,benign_qft_v1_000240,qft,tampered,triggered,3,2,2,qft
tampered_qft_triggered_v1_000241,benign_qft_v1_000241,qft,tampered,triggered,1,1,1,qft
tampered_qft_triggered_v1_000242,benign_qft_v1_000242,qft,tampered,triggered,0,0,2,qft
tampered_qft_triggered_v1_000243,benign_qft_v1_000243,qft,tampered,triggered,3,0,4,qft
tampered_qft_triggered_v1_000244,benign_qft_v1_000244,qft,tampered,triggered,4,0,1,qft
tampered_qft_triggered_v1_000245,benign_qft_v1_000245,qft,tampered,triggered,2,3,0,qft
tampered_qft_triggered_v1_000246,benign_qft_v1_000246,qft,tampered,triggered,1,0,4,qft
tampered_qft_triggered_v1_000247,benign_qft_v1_000247,qft,tampered,triggered,4,0,2,qft
tampered_qft_triggered_v1_000248,benign_qft_v1_000248,qft,tampered,triggered,0,0,3,qft
tampered_qft_triggered_v1_000249,benign_qft_v1_000249,qft,tampered,triggered,1,4,1,qft
tampered_qft_triggered_v1_000250,benign_qft_v1_000250,qft,tampered,triggered,3,1,1,qft
tampered_qft_triggered_v1_000251,benign_qft_v1_000251,qft,tampered,triggered,3,0,0,qft
tampered_qft_triggered_v1_000252,benign_qft_v1_000252,qft,tampered,triggered,1,2,2,qft
tampered_qft_triggered_v1_000253,benign_qft_v1_000253,qft,tampered,triggered,2,1,4,qft
tampered_qft_triggered_v1_000254,benign_qft_v1_000254,qft,tampered,triggered,3,1,2,qft
tampered_qft_triggered_v1_000255,benign_qft_v1_000255,qft,tampered,triggered,2,0,1,qft
tampered_qft_triggered_v1_000256,benign_qft_v1_000256,qft,tampered,triggered,0,1,3,qft
tampered_qft_triggered_v1_000257,benign_qft_v1_000257,qft,tampered,triggered,2,3,3,qft
tampered_qft_triggered_v1_000258,benign_qft_v1_000258,qft,tampered,triggered,1,3,0,qft
tampered_qft_triggered_v1_000259,benign_qft_v1_000259,qft,tampered,triggered,3,2,3,qft
tampered_qft_triggered_v1_000260,benign_qft_v1_000260,qft,tampered,triggered,0,1,0,qft
tampered_qft_triggered_v1_000261,benign_qft_v1_000261,qft,tampered,triggered,0,2,2,qft
tampered_qft_triggered_v1_000262,benign_qft_v1_000262,qft,tampered,triggered,1,0,4,qft
tampered_qft_triggered_v1_000263,benign_qft_v1_000263,qft,tampered,triggered,0,4,4,qft
tampered_qft_triggered_v1_000264,benign_qft_v1_000264,qft,tampered,triggered,4,1,0,qft
tampered_qft_triggered_v1_000265,benign_qft_v1_000265,qft,tampered,triggered,3,1,1,qft
tampered_qft_triggered_v1_000266,benign_qft_v1_000266,qft,tampered,triggered,4,0,0,qft
tampered_qft_triggered_v1_000267,benign_qft_v1_000267,qft,tampered,triggered,3,4,1,qft
tampered_qft_triggered_v1_000268,benign_qft_v1_000268,qft,tampered,triggered,3,3,4,qft
tampered_qft_triggered_v1_000269,benign_qft_v1_000269,qft,tampered,triggered,1,4,0,qft
tampered_qft_triggered_v1_000270,benign_qft_v1_000270,qft,tampered,triggered,4,3,1,qft
tampered_qft_triggered_v1_000271,benign_qft_v1_000271,qft,tampered,triggered,0,2,3,qft
tampered_qft_triggered_v1_000272,benign_qft_v1_000272,qft,tampered,triggered,1,0,0,qft
tampered_qft_triggered_v1_000273,benign_qft_v1_000273,qft,tampered,triggered,4,4,2,qft
tampered_qft_triggered_v1_000274,benign_qft_v1_000274,qft,tampered,triggered,0,1,4,qft
tampered_qft_triggered_v1_000275,benign_qft_v1_000275,qft,tampered,triggered,3,3,4,qft
tampered_qft_triggered_v1_000276,benign_qft_v1_000276,qft,tampered,triggered,1,1,2,qft
tampered_qft_triggered_v1_000277,benign_qft_v1_000277,qft,tampered,triggered,0,2,4,qft
tampered_qft_triggered_v1_000278,benign_qft_v1_000278,qft,tampered,triggered,2,2,0,qft
tampered_qft_triggered_v1_000279,benign_qft_v1_000279,qft,tampered,triggered,2,2,1,qft
tampered_qft_triggered_v1_000280,benign_qft_v1_000280,qft,tampered,triggered,1,2,2,qft
tampered_qft_triggered_v1_000281,benign_qft_v1_000281,qft,tampered,triggered,3,2,4,qft
tampered_qft_triggered_v1_000282,benign_qft_v1_000282,qft,tampered,triggered,3,1,4,qft
tampered_qft_triggered_v1_000283,benign_qft_v1_000283,qft,tampered,triggered,1,3,3,qft
tampered_qft_triggered_v1_000284,benign_qft_v1_000284,qft,tampered,triggered,3,3,2,qft
tampered_qft_triggered_v1_000285,benign_qft_v1_000285,qft,tampered,triggered,0,1,3,qft
tampered_qft_triggered_v1_000286,benign_qft_v1_000286,qft,tampered,triggered,1,4,2,qft
tampered_qft_triggered_v1_000287,benign_qft_v1_000287,qft,tampered,triggered,1,4,2,qft
tampered_qft_triggered_v1_000288,benign_qft_v1_000288,qft,tampered,triggered,2,2,3,qft
tampered_qft_triggered_v1_000289,benign_qft_v1_000289,qft,tampered,triggered,0,4,1,qft
tampered_qft_triggered_v1_000290,benign_qft_v1_000290,qft,tampered,triggered,2,4,3,qft
tampered_qft_triggered_v1_000291,benign_qft_v1_000291,qft,tampered,triggered,2,3,0,qft
tampered_qft_triggered_v1_000292,benign_qft_v1_000292,qft,tampered,triggered,0,0,1,qft
tampered_qft_triggered_v1_000293,benign_qft_v1_000293,qft,tampered,triggered,0,3,2,qft
tampered_qft_triggered_v1_000294,benign_qft_v1_000294,qft,tampered,triggered,0,4,4,qft
tampered_qft_triggered_v1_000295,benign_qft_v1_000295,qft,tampered,triggered,0,0,2,qft
tampered_qft_triggered_v1_000296,benign_qft_v1_000296,qft,tampered,triggered,2,3,3,qft
tampered_qft_triggered_v1_000297,benign_qft_v1_000297,qft,tampered,triggered,3,2,3,qft
tampered_qft_triggered_v1_000298,benign_qft_v1_000298,qft,tampered,triggered,0,4,1,qft
tampered_qft_triggered_v1_000299,benign_qft_v1_000299,qft,tampered,triggered,1,2,1,qft
tampered_qft_triggered_v1_000300,benign_qft_v1_000300,qft,tampered,triggered,4,2,3,qft
tampered_qft_triggered_v1_000301,benign_qft_v1_000301,qft,tampered,triggered,4,0,0,qft
tampered_qft_triggered_v1_000302,benign_qft_v1_000302,qft,tampered,triggered,4,0,2,qft
tampered_qft_triggered_v1_000303,benign_qft_v1_000303,qft,tampered,triggered,0,1,3,qft
tampered_qft_triggered_v1_000304,benign_qft_v1_000304,qft,tampered,triggered,2,4,4,qft
tampered_qft_triggered_v1_000305,benign_qft_v1_000305,qft,tampered,triggered,3,1,1,qft
tampered_qft_triggered_v1_000306,benign_qft_v1_000306,qft,tampered,triggered,3,3,2,qft
tampered_qft_triggered_v1_000307,benign_qft_v1_000307,qft,tampered,triggered,0,3,1,qft
tampered_qft_triggered_v1_000308,benign_qft_v1_000308,qft,tampered,triggered,0,2,2,qft
tampered_qft_triggered_v1_000309,benign_qft_v1_000309,qft,tampered,triggered,3,3,3,qft
tampered_qft_triggered_v1_000310,benign_qft_v1_000310,qft,tampered,triggered,3,1,0,qft
tampered_qft_triggered_v1_000311,benign_qft_v1_000311,qft,tampered,triggered,3,2,3,qft
tampered_qft_triggered_v1_000312,benign_qft_v1_000312,qft,tampered,triggered,2,3,3,qft
tampered_qft_triggered_v1_000313,benign_qft_v1_000313,qft,tampered,triggered,0,1,3,qft
tampered_qft_triggered_v1_000314,benign_qft_v1_000314,qft,tampered,triggered,3,1,3,qft
tampered_qft_triggered_v1_000315,benign_qft_v1_000315,qft,tampered,triggered,2,2,2,qft
tampered_qft_triggered_v1_000316,benign_qft_v1_000316,qft,tampered,triggered,3,0,1,qft
tampered_qft_triggered_v1_000317,benign_qft_v1_000317,qft,tampered,triggered,4,3,3,qft
tampered_qft_triggered_v1_000318,benign_qft_v1_000318,qft,tampered,triggered,0,0,1,qft
tampered_qft_triggered_v1_000319,benign_qft_v1_000319,qft,tampered,triggered,0,2,1,qft
tampered_qft_triggered_v1_000320,benign_qft_v1_000320,qft,tampered,triggered,3,3,1,qft
tampered_qft_triggered_v1_000321,benign_qft_v1_000321,qft,tampered,triggered,3,0,1,qft
tampered_qft_triggered_v1_000322,benign_qft_v1_000322,qft,tampered,triggered,0,0,3,qft
tampered_qft_triggered_v1_000323,benign_qft_v1_000323,qft,tampered,triggered,2,4,4,qft
tampered_qft_triggered_v1_000324,benign_qft_v1_000324,qft,tampered,triggered,0,1,2,qft
tampered_qft_triggered_v1_000325,benign_qft_v1_000325,qft,tampered,triggered,3,4,2,qft
tampered_qft_triggered_v1_000326,benign_qft_v1_000326,qft,tampered,triggered,1,3,4,qft
tampered_qft_triggered_v1_000327,benign_qft_v1_000327,qft,tampered,triggered,2,1,0,qft
tampered_qft_triggered_v1_000328,benign_qft_v1_000328,qft,tampered,triggered,1,2,1,qft
tampered_qft_triggered_v1_000329,benign_qft_v1_000329,qft,tampered,triggered,2,4,0,qft
tampered_qft_triggered_v1_000330,benign_qft_v1_000330,qft,tampered,triggered,2,2,4,qft
tampered_qft_triggered_v1_000331,benign_qft_v1_000331,qft,tampered,triggered,2,0,4,qft
tampered_qft_triggered_v1_000332,benign_qft_v1_000332,qft,tampered,triggered,3,4,4,qft
tampered_qft_triggered_v1_000333,benign_qft_v1_000333,qft,tampered,triggered,4,1,4,qft
tampered_qft_triggered_v1_000334,benign_qft_v1_000334,qft,tampered,triggered,0,0,3,qft
tampered_qft_triggered_v1_000335,benign_qft_v1_000335,qft,tampered,triggered,2,3,4,qft
tampered_qft_triggered_v1_000336,benign_qft_v1_000336,qft,tampered,triggered,0,1,4,qft
tampered_qft_triggered_v1_000337,benign_qft_v1_000337,qft,tampered,triggered,4,0,3,qft
tampered_qft_triggered_v1_000338,benign_qft_v1_000338,qft,tampered,triggered,4,1,1,qft
tampered_qft_triggered_v1_000339,benign_qft_v1_000339,qft,tampered,triggered,2,1,4,qft
tampered_qft_triggered_v1_000340,benign_qft_v1_000340,qft,tampered,triggered,1,1,0,qft
tampered_qft_triggered_v1_000341,benign_qft_v1_000341,qft,tampered,triggered,2,3,2,qft
tampered_qft_triggered_v1_000342,benign_qft_v1_000342,qft,tampered,triggered,4,4,0,qft
tampered_qft_triggered_v1_000343,benign_qft_v1_000343,qft,tampered,triggered,2,4,0,qft
tampered_qft_triggered_v1_000344,benign_qft_v1_000344,qft,tampered,triggered,4,2,3,qft
tampered_qft_triggered_v1_000345,benign_qft_v1_000345,qft,tampered,triggered,4,1,1,qft
tampered_qft_triggered_v1_000346,benign_qft_v1_000346,qft,tampered,triggered,3,4,2,qft
tampered_qft_triggered_v1_000347,benign_qft_v1_000347,qft,tampered,triggered,0,3,3,qft
tampered_qft_triggered_v1_000348,benign_qft_v1_000348,qft,tampered,triggered,2,1,4,qft
tampered_qft_triggered_v1_000349,benign_qft_v1_000349,qft,tampered,triggered,2,0,1,qft
tampered_qft_triggered_v1_000350,benign_qft_v1_000350,qft,tampered,triggered,0,0,4,qft
tampered_qft_triggered_v1_000351,benign_qft_v1_000351,qft,tampered,triggered,0,1,4,qft
tampered_qft_triggered_v1_000352,benign_qft_v1_000352,qft,tampered,triggered,0,4,2,qft
tampered_qft_triggered_v1_000353,benign_qft_v1_000353,qft,tampered,triggered,0,1,0,qft
tampered_qft_triggered_v1_000354,benign_qft_v1_000354,qft,tampered,triggered,1,1,4,qft
tampered_qft_triggered_v1_000355,benign_qft_v1_000355,qft,tampered,triggered,3,3,1,qft
tampered_qft_triggered_v1_000356,benign_qft_v1_000356,qft,tampered,triggered,3,1,0,qft
tampered_qft_triggered_v1_000357,benign_qft_v1_000357,qft,tampered,triggered,0,0,0,qft
tampered_qft_triggered_v1_000358,benign_qft_v1_000358,qft,tampered,triggered,4,1,0,qft
tampered_qft_triggered_v1_000359,benign_qft_v1_000359,qft,tampered,triggered,4,2,0,qft
tampered_qft_triggered_v1_000360,benign_qft_v1_000360,qft,tampered,triggered,0,0,4,qft
tampered_qft_triggered_v1_000361,benign_qft_v1_000361,qft,tampered,triggered,1,2,2,qft
tampered_qft_triggered_v1_000362,benign_qft_v1_000362,qft,tampered,triggered,2,2,3,qft
tampered_qft_triggered_v1_000363,benign_qft_v1_000363,qft,tampered,triggered,4,2,4,qft
tampered_qft_triggered_v1_000364,benign_qft_v1_000364,qft,tampered,triggered,0,3,2,qft
tampered_qft_triggered_v1_000365,benign_qft_v1_000365,qft,tampered,triggered,4,3,1,qft
tampered_qft_triggered_v1_000366,benign_qft_v1_000366,qft,tampered,triggered,1,2,0,qft
tampered_qft_triggered_v1_000367,benign_qft_v1_000367,qft,tampered,triggered,1,3,3,qft
tampered_qft_triggered_v1_000368,benign_qft_v1_000368,qft,tampered,triggered,3,4,4,qft
tampered_qft_triggered_v1_000369,benign_qft_v1_000369,qft,tampered,triggered,0,2,1,qft
tampered_qft_triggered_v1_000370,benign_qft_v1_000370,qft,tampered,triggered,0,2,4,qft
tampered_qft_triggered_v1_000371,benign_qft_v1_000371,qft,tampered,triggered,0,4,4,qft
tampered_qft_triggered_v1_000372,benign_qft_v1_000372,qft,tampered,triggered,4,0,0,qft
tampered_qft_triggered_v1_000373,benign_qft_v1_000373,qft,tampered,triggered,0,3,2,qft
tampered_qft_triggered_v1_000374,benign_qft_v1_000374,qft,tampered,triggered,4,3,0,qft
tampered_qft_triggered_v1_000375,benign_qft_v1_000375,qft,tampered,triggered,3,2,1,qft
tampered_qft_triggered_v1_000376,benign_qft_v1_000376,qft,tampered,triggered,0,1,3,qft
tampered_qft_triggered_v1_000377,benign_qft_v1_000377,qft,tampered,triggered,0,4,0,qft
tampered_qft_triggered_v1_000378,benign_qft_v1_000378,qft,tampered,triggered,0,1,1,qft
tampered_qft_triggered_v1_000379,benign_qft_v1_000379,qft,tampered,triggered,3,3,0,qft
tampered_qft_triggered_v1_000380,benign_qft_v1_000380,qft,tampered,triggered,1,2,3,qft
tampered_qft_triggered_v1_000381,benign_qft_v1_000381,qft,tampered,triggered,4,0,1,qft
tampered_qft_triggered_v1_000382,benign_qft_v1_000382,qft,tampered,triggered,0,0,4,qft
tampered_qft_triggered_v1_000383,benign_qft_v1_000383,qft,tampered,triggered,1,2,3,qft
tampered_qft_triggered_v1_000384,benign_qft_v1_000384,qft,tampered,triggered,4,0,2,qft
tampered_qft_triggered_v1_000385,benign_qft_v1_000385,qft,tampered,triggered,3,0,0,qft
tampered_qft_triggered_v1_000386,benign_qft_v1_000386,qft,tampered,triggered,1,4,3,qft
tampered_qft_triggered_v1_000387,benign_qft_v1_000387,qft,tampered,triggered,2,4,4,qft
tampered_qft_triggered_v1_000388,benign_qft_v1_000388,qft,tampered,triggered,2,0,3,qft
tampered_qft_triggered_v1_000389,benign_qft_v1_000389,qft,tampered,triggered,0,1,4,qft
tampered_qft_triggered_v1_000390,benign_qft_v1_000390,qft,tampered,triggered,3,1,0,qft
tampered_qft_triggered_v1_000391,benign_qft_v1_000391,qft,tampered,triggered,2,1,2,qft
tampered_qft_triggered_v1_000392,benign_qft_v1_000392,qft,tampered,triggered,4,1,3,qft
tampered_qft_triggered_v1_000393,benign_qft_v1_000393,qft,tampered,triggered,4,1,2,qft
tampered_qft_triggered_v1_000394,benign_qft_v1_000394,qft,tampered,triggered,4,2,2,qft
tampered_qft_triggered_v1_000395,benign_qft_v1_000395,qft,tampered,triggered,4,0,0,qft
tampered_qft_triggered_v1_000396,benign_qft_v1_000396,qft,tampered,triggered,0,0,3,qft
tampered_qft_triggered_v1_000397,benign_qft_v1_000397,qft,tampered,triggered,0,4,0,qft
tampered_qft_triggered_v1_000398,benign_qft_v1_000398,qft,tampered,triggered,4,3,0,qft
tampered_qft_triggered_v1_000399,benign_qft_v1_000399,qft,tampered,triggered,4,4,0,qft
tampered_qft_triggered_v1_000400,benign_qft_v1_000400,qft,tampered,triggered,2,4,1,qft
tampered_qft_triggered_v1_000401,benign_qft_v1_000401,qft,tampered,triggered,2,1,4,qft
tampered_qft_triggered_v1_000402,benign_qft_v1_000402,qft,tampered,triggered,4,2,0,qft
tampered_qft_triggered_v1_000403,benign_qft_v1_000403,qft,tampered,triggered,4,2,0,qft
tampered_qft_triggered_v1_000404,benign_qft_v1_000404,qft,tampered,triggered,0,3,1,qft
tampered_qft_triggered_v1_000405,benign_qft_v1_000405,qft,tampered,triggered,2,4,1,qft
tampered_qft_triggered_v1_000406,benign_qft_v1_000406,qft,tampered,triggered,0,1,4,qft
tampered_qft_triggered_v1_000407,benign_qft_v1_000407,qft,tampered,triggered,3,4,2,qft
tampered_qft_triggered_v1_000408,benign_qft_v1_000408,qft,tampered,triggered,4,1,2,qft
tampered_qft_triggered_v1_000409,benign_qft_v1_000409,qft,tampered,triggered,2,1,0,qft
tampered_qft_triggered_v1_000410,benign_qft_v1_000410,qft,tampered,triggered,2,3,2,qft
tampered_qft_triggered_v1_000411,benign_qft_v1_000411,qft,tampered,triggered,4,0,0,qft
tampered_qft_triggered_v1_000412,benign_qft_v1_000412,qft,tampered,triggered,2,2,1,qft
tampered_qft_triggered_v1_000413,benign_qft_v1_000413,qft,tampered,triggered,3,4,0,qft
tampered_qft_triggered_v1_000414,benign_qft_v1_000414,qft,tampered,triggered,3,0,2,qft
tampered_qft_triggered_v1_000415,benign_qft_v1_000415,qft,tampered,triggered,0,2,4,qft
tampered_qft_triggered_v1_000416,benign_qft_v1_000416,qft,tampered,triggered,3,3,0,qft
tampered_qft_triggered_v1_000417,benign_qft_v1_000417,qft,tampered,triggered,1,3,1,qft
tampered_qft_triggered_v1_000418,benign_qft_v1_000418,qft,tampered,triggered,0,0,0,qft
tampered_qft_triggered_v1_000419,benign_qft_v1_000419,qft,tampered,triggered,3,4,1,qft
tampered_qft_triggered_v1_000420,benign_qft_v1_000420,qft,tampered,triggered,3,1,4,qft
tampered_qft_triggered_v1_000421,benign_qft_v1_000421,qft,tampered,triggered,3,4,0,qft
tampered_qft_triggered_v1_000422,benign_qft_v1_000422,qft,tampered,triggered,1,0,4,qft
tampered_qft_triggered_v1_000423,benign_qft_v1_000423,qft,tampered,triggered,0,0,0,qft
tampered_qft_triggered_v1_000424,benign_qft_v1_000424,qft,tampered,triggered,4,1,2,qft
tampered_qft_triggered_v1_000425,benign_qft_v1_000425,qft,tampered,triggered,4,2,2,qft
tampered_qft_triggered_v1_000426,benign_qft_v1_000426,qft,tampered,triggered,4,2,4,qft
tampered_qft_triggered_v1_000427,benign_qft_v1_000427,qft,tampered,triggered,2,0,0,qft
tampered_qft_triggered_v1_000428,benign_qft_v1_000428,qft,tampered,triggered,4,0,3,qft
tampered_qft_triggered_v1_000429,benign_qft_v1_000429,qft,tampered,triggered,3,2,4,qft
tampered_qft_triggered_v1_000430,benign_qft_v1_000430,qft,tampered,triggered,4,1,2,qft
tampered_qft_triggered_v1_000431,benign_qft_v1_000431,qft,tampered,triggered,1,4,3,qft
tampered_qft_triggered_v1_000432,benign_qft_v1_000432,qft,tampered,triggered,1,3,4,qft
tampered_qft_triggered_v1_000433,benign_qft_v1_000433,qft,tampered,triggered,4,1,0,qft
tampered_qft_triggered_v1_000434,benign_qft_v1_000434,qft,tampered,triggered,1,0,3,qft
tampered_qft_triggered_v1_000435,benign_qft_v1_000435,qft,tampered,triggered,4,3,3,qft
tampered_qft_triggered_v1_000436,benign_qft_v1_000436,qft,tampered,triggered,2,2,3,qft
tampered_qft_triggered_v1_000437,benign_qft_v1_000437,qft,tampered,triggered,4,0,2,qft
tampered_qft_triggered_v1_000438,benign_qft_v1_000438,qft,tampered,triggered,0,4,0,qft
tampered_qft_triggered_v1_000439,benign_qft_v1_000439,qft,tampered,triggered,3,1,2,qft
tampered_qft_triggered_v1_000440,benign_qft_v1_000440,qft,tampered,triggered,4,0,0,qft
tampered_qft_triggered_v1_000441,benign_qft_v1_000441,qft,tampered,triggered,1,4,4,qft
tampered_qft_triggered_v1_000442,benign_qft_v1_000442,qft,tampered,triggered,4,3,3,qft
tampered_qft_triggered_v1_000443,benign_qft_v1_000443,qft,tampered,triggered,4,3,4,qft
tampered_qft_triggered_v1_000444,benign_qft_v1_000444,qft,tampered,triggered,2,2,2,qft
tampered_qft_triggered_v1_000445,benign_qft_v1_000445,qft,tampered,triggered,3,0,1,qft
tampered_qft_triggered_v1_000446,benign_qft_v1_000446,qft,tampered,triggered,1,1,1,qft
tampered_qft_triggered_v1_000447,benign_qft_v1_000447,qft,tampered,triggered,0,1,4,qft
tampered_qft_triggered_v1_000448,benign_qft_v1_000448,qft,tampered,triggered,0,2,3,qft
tampered_qft_triggered_v1_000449,benign_qft_v1_000449,qft,tampered,triggered,0,2,0,qft
tampered_qft_triggered_v1_000450,benign_qft_v1_000450,qft,tampered,triggered,1,2,1,qft
tampered_qft_triggered_v1_000451,benign_qft_v1_000451,qft,tampered,triggered,1,4,1,qft
tampered_qft_triggered_v1_000452,benign_qft_v1_000452,qft,tampered,triggered,2,0,1,qft
tampered_qft_triggered_v1_000453,benign_qft_v1_000453,qft,tampered,triggered,0,3,0,qft
tampered_qft_triggered_v1_000454,benign_qft_v1_000454,qft,tampered,triggered,3,0,3,qft
tampered_qft_triggered_v1_000455,benign_qft_v1_000455,qft,tampered,triggered,4,4,3,qft
tampered_qft_triggered_v1_000456,benign_qft_v1_000456,qft,tampered,triggered,3,2,3,qft
tampered_qft_triggered_v1_000457,benign_qft_v1_000457,qft,tampered,triggered,2,1,4,qft
tampered_qft_triggered_v1_000458,benign_qft_v1_000458,qft,tampered,triggered,3,1,1,qft
tampered_qft_triggered_v1_000459,benign_qft_v1_000459,qft,tampered,triggered,3,2,3,qft
tampered_qft_triggered_v1_000460,benign_qft_v1_000460,qft,tampered,triggered,1,2,3,qft
tampered_qft_triggered_v1_000461,benign_qft_v1_000461,qft,tampered,triggered,0,3,1,qft
tampered_qft_triggered_v1_000462,benign_qft_v1_000462,qft,tampered,triggered,3,3,2,qft
tampered_qft_triggered_v1_000463,benign_qft_v1_000463,qft,tampered,triggered,4,1,0,qft
tampered_qft_triggered_v1_000464,benign_qft_v1_000464,qft,tampered,triggered,1,1,2,qft
tampered_qft_triggered_v1_000465,benign_qft_v1_000465,qft,tampered,triggered,3,0,0,qft
tampered_qft_triggered_v1_000466,benign_qft_v1_000466,qft,tampered,triggered,2,2,4,qft
tampered_qft_triggered_v1_000467,benign_qft_v1_000467,qft,tampered,triggered,0,3,0,qft
tampered_qft_triggered_v1_000468,benign_qft_v1_000468,qft,tampered,triggered,4,3,0,qft
tampered_qft_triggered_v1_000469,benign_qft_v1_000469,qft,tampered,triggered,1,4,3,qft
tampered_qft_triggered_v1_000470,benign_qft_v1_000470,qft,tampered,triggered,3,4,1,qft
tampered_qft_triggered_v1_000471,benign_qft_v1_000471,qft,tampered,triggered,1,4,2,qft
tampered_qft_triggered_v1_000472,benign_qft_v1_000472,qft,tampered,triggered,2,3,3,qft
tampered_qft_triggered_v1_000473,benign_qft_v1_000473,qft,tampered,triggered,3,0,0,qft
tampered_qft_triggered_v1_000474,benign_qft_v1_000474,qft,tampered,triggered,4,3,1,qft
tampered_qft_triggered_v1_000475,benign_qft_v1_000475,qft,tampered,triggered,3,2,3,qft
tampered_qft_triggered_v1_000476,benign_qft_v1_000476,qft,tampered,triggered,4,0,4,qft
tampered_qft_triggered_v1_000477,benign_qft_v1_000477,qft,tampered,triggered,2,1,4,qft
tampered_qft_triggered_v1_000478,benign_qft_v1_000478,qft,tampered,triggered,4,3,4,qft
tampered_qft_triggered_v1_000479,benign_qft_v1_000479,qft,tampered,triggered,2,3,0,qft
tampered_qft_triggered_v1_000480,benign_qft_v1_000480,qft,tampered,triggered,3,3,4,qft
tampered_qft_triggered_v1_000481,benign_qft_v1_000481,qft,tampered,triggered,3,3,1,qft
tampered_qft_triggered_v1_000482,benign_qft_v1_000482,qft,tampered,triggered,1,0,0,qft
tampered_qft_triggered_v1_000483,benign_qft_v1_000483,qft,tampered,triggered,0,0,0,qft
tampered_qft_triggered_v1_000484,benign_qft_v1_000484,qft,tampered,triggered,4,1,1,qft
tampered_qft_triggered_v1_000485,benign_qft_v1_000485,qft,tampered,triggered,0,4,2,qft
tampered_qft_triggered_v1_000486,benign_qft_v1_000486,qft,tampered,triggered,1,2,0,qft
tampered_qft_triggered_v1_000487,benign_qft_v1_000487,qft,tampered,triggered,3,2,3,qft
tampered_qft_triggered_v1_000488,benign_qft_v1_000488,qft,tampered,triggered,0,0,3,qft
tampered_qft_triggered_v1_000489,benign_qft_v1_000489,qft,tampered,triggered,4,3,1,qft
tampered_qft_triggered_v1_000490,benign_qft_v1_000490,qft,tampered,triggered,3,0,0,qft
tampered_qft_triggered_v1_000491,benign_qft_v1_000491,qft,tampered,triggered,2,1,1,qft
tampered_qft_triggered_v1_000492,benign_qft_v1_000492,qft,tampered,triggered,3,4,3,qft
tampered_qft_triggered_v1_000493,benign_qft_v1_000493,qft,tampered,triggered,2,4,1,qft
tampered_qft_triggered_v1_000494,benign_qft_v1_000494,qft,tampered,triggered,0,0,3,qft
tampered_qft_triggered_v1_000495,benign_qft_v1_000495,qft,tampered,triggered,4,3,2,qft
tampered_qft_triggered_v1_000496,benign_qft_v1_000496,qft,tampered,triggered,0,1,1,qft
tampered_qft_triggered_v1_000497,benign_qft_v1_000497,qft,tampered,triggered,1,0,4,qft
tampered_qft_triggered_v1_000498,benign_qft_v1_000498,qft,tampered,triggered,2,3,0,qft
tampered_qft_triggered_v1_000499,benign_qft_v1_000499,qft,tampered,triggered,3,2,2,qft
tampered_qft_triggered_v1_000500,benign_qft_v1_000500,qft,tampered,triggered,3,4,2,qft
tampered_qft_triggered_v1_000501,benign_qft_v1_000501,qft,tampered,triggered,3,3,2,qft
tampered_qft_triggered_v1_000502,benign_qft_v1_000502,qft,tampered,triggered,0,0,1,qft
tampered_qft_triggered_v1_000503,benign_qft_v1_000503,qft,tampered,triggered,3,0,1,qft
tampered_qft_triggered_v1_000504,benign_qft_v1_000504,qft,tampered,triggered,4,0,4,qft
tampered_qft_triggered_v1_000505,benign_qft_v1_000505,qft,tampered,triggered,0,0,4,qft
tampered_qft_triggered_v1_000506,benign_qft_v1_000506,qft,tampered,triggered,4,1,2,qft
tampered_qft_triggered_v1_000507,benign_qft_v1_000507,qft,tampered,triggered,4,0,4,qft
tampered_qft_triggered_v1_000508,benign_qft_v1_000508,qft,tampered,triggered,1,4,4,qft
tampered_qft_triggered_v1_000509,benign_qft_v1_000509,qft,tampered,triggered,0,0,1,qft
tampered_qft_triggered_v1_000510,benign_qft_v1_000510,qft,tampered,triggered,1,1,4,qft
tampered_qft_triggered_v1_000511,benign_qft_v1_000511,qft,tampered,triggered,2,3,4,qft
tampered_qft_triggered_v1_000512,benign_qft_v1_000512,qft,tampered,triggered,1,0,1,qft
tampered_qft_triggered_v1_000513,benign_qft_v1_000513,qft,tampered,triggered,1,4,0,qft
tampered_qft_triggered_v1_000514,benign_qft_v1_000514,qft,tampered,triggered,2,1,3,qft
tampered_qft_triggered_v1_000515,benign_qft_v1_000515,qft,tampered,triggered,2,4,4,qft
tampered_qft_triggered_v1_000516,benign_qft_v1_000516,qft,tampered,triggered,4,3,3,qft
tampered_qft_triggered_v1_000517,benign_qft_v1_000517,qft,tampered,triggered,2,4,4,qft
tampered_qft_triggered_v1_000518,benign_qft_v1_000518,qft,tampered,triggered,1,4,4,qft
tampered_qft_triggered_v1_000519,benign_qft_v1_000519,qft,tampered,triggered,4,3,3,qft
tampered_qft_triggered_v1_000520,benign_qft_v1_000520,qft,tampered,triggered,3,4,2,qft
tampered_qft_triggered_v1_000521,benign_qft_v1_000521,qft,tampered,triggered,2,2,1,qft
tampered_qft_triggered_v1_000522,benign_qft_v1_000522,qft,tampered,triggered,1,1,1,qft
tampered_qft_triggered_v1_000523,benign_qft_v1_000523,qft,tampered,triggered,3,4,3,qft
tampered_qft_triggered_v1_000524,benign_qft_v1_000524,qft,tampered,triggered,4,0,3,qft
tampered_qft_triggered_v1_000525,benign_qft_v1_000525,qft,tampered,triggered,1,4,0,qft
tampered_qft_triggered_v1_000526,benign_qft_v1_000526,qft,tampered,triggered,3,1,4,qft
tampered_qft_triggered_v1_000527,benign_qft_v1_000527,qft,tampered,triggered,4,1,3,qft
tampered_qft_triggered_v1_000528,benign_qft_v1_000528,qft,tampered,triggered,0,3,2,qft
tampered_qft_triggered_v1_000529,benign_qft_v1_000529,qft,tampered,triggered,1,1,2,qft
tampered_qft_triggered_v1_000530,benign_qft_v1_000530,qft,tampered,triggered,2,2,3,qft
tampered_qft_triggered_v1_000531,benign_qft_v1_000531,qft,tampered,triggered,3,3,0,qft
tampered_qft_triggered_v1_000532,benign_qft_v1_000532,qft,tampered,triggered,1,2,3,qft
tampered_qft_triggered_v1_000533,benign_qft_v1_000533,qft,tampered,triggered,0,0,1,qft
tampered_qft_triggered_v1_000534,benign_qft_v1_000534,qft,tampered,triggered,0,0,1,qft
tampered_qft_triggered_v1_000535,benign_qft_v1_000535,qft,tampered,triggered,2,2,4,qft
tampered_qft_triggered_v1_000536,benign_qft_v1_000536,qft,tampered,triggered,0,1,0,qft
tampered_qft_triggered_v1_000537,benign_qft_v1_000537,qft,tampered,triggered,0,1,0,qft
tampered_qft_triggered_v1_000538,benign_qft_v1_000538,qft,tampered,triggered,0,1,1,qft
tampered_qft_triggered_v1_000539,benign_qft_v1_000539,qft,tampered,triggered,4,2,1,qft
tampered_qft_triggered_v1_000540,benign_qft_v1_000540,qft,tampered,triggered,0,1,2,qft
tampered_qft_triggered_v1_000541,benign_qft_v1_000541,qft,tampered,triggered,1,4,1,qft
tampered_qft_triggered_v1_000542,benign_qft_v1_000542,qft,tampered,triggered,3,3,0,qft
tampered_qft_triggered_v1_000543,benign_qft_v1_000543,qft,tampered,triggered,3,4,4,qft
tampered_qft_triggered_v1_000544,benign_qft_v1_000544,qft,tampered,triggered,3,4,4,qft
tampered_qft_triggered_v1_000545,benign_qft_v1_000545,qft,tampered,triggered,1,2,3,qft
tampered_qft_triggered_v1_000546,benign_qft_v1_000546,qft,tampered,triggered,1,1,1,qft
tampered_qft_triggered_v1_000547,benign_qft_v1_000547,qft,tampered,triggered,1,1,2,qft
tampered_qft_triggered_v1_000548,benign_qft_v1_000548,qft,tampered,triggered,4,3,2,qft
tampered_qft_triggered_v1_000549,benign_qft_v1_000549,qft,tampered,triggered,1,0,4,qft
tampered_qft_triggered_v1_000550,benign_qft_v1_000550,qft,tampered,triggered,1,1,0,qft
tampered_qft_triggered_v1_000551,benign_qft_v1_000551,qft,tampered,triggered,3,1,4,qft
tampered_qft_triggered_v1_000552,benign_qft_v1_000552,qft,tampered,triggered,3,1,1,qft
tampered_qft_triggered_v1_000553,benign_qft_v1_000553,qft,tampered,triggered,2,1,2,qft
tampered_qft_triggered_v1_000554,benign_qft_v1_000554,qft,tampered,triggered,0,4,0,qft
tampered_qft_triggered_v1_000555,benign_qft_v1_000555,qft,tampered,triggered,2,0,1,qft
tampered_qft_triggered_v1_000556,benign_qft_v1_000556,qft,tampered,triggered,4,0,2,qft
tampered_qft_triggered_v1_000557,benign_qft_v1_000557,qft,tampered,triggered,0,2,0,qft
tampered_qft_triggered_v1_000558,benign_qft_v1_000558,qft,tampered,triggered,4,2,0,qft
tampered_qft_triggered_v1_000559,benign_qft_v1_000559,qft,tampered,triggered,3,2,2,qft
tampered_qft_triggered_v1_000560,benign_qft_v1_000560,qft,tampered,triggered,1,0,2,qft
tampered_qft_triggered_v1_000561,benign_qft_v1_000561,qft,tampered,triggered,4,2,1,qft
tampered_qft_triggered_v1_000562,benign_qft_v1_000562,qft,tampered,triggered,0,3,3,qft
tampered_qft_triggered_v1_000563,benign_qft_v1_000563,qft,tampered,triggered,2,3,2,qft
tampered_qft_triggered_v1_000564,benign_qft_v1_000564,qft,tampered,triggered,3,3,4,qft
tampered_qft_triggered_v1_000565,benign_qft_v1_000565,qft,tampered,triggered,2,4,4,qft
tampered_qft_triggered_v1_000566,benign_qft_v1_000566,qft,tampered,triggered,2,3,1,qft
tampered_qft_triggered_v1_000567,benign_qft_v1_000567,qft,tampered,triggered,1,2,0,qft
tampered_qft_triggered_v1_000568,benign_qft_v1_000568,qft,tampered,triggered,3,3,4,qft
tampered_qft_triggered_v1_000569,benign_qft_v1_000569,qft,tampered,triggered,2,0,2,qft
tampered_qft_triggered_v1_000570,benign_qft_v1_000570,qft,tampered,triggered,0,2,1,qft
tampered_qft_triggered_v1_000571,benign_qft_v1_000571,qft,tampered,triggered,1,2,0,qft
tampered_qft_triggered_v1_000572,benign_qft_v1_000572,qft,tampered,triggered,2,4,0,qft
tampered_qft_triggered_v1_000573,benign_qft_v1_000573,qft,tampered,triggered,1,4,0,qft
tampered_qft_triggered_v1_000574,benign_qft_v1_000574,qft,tampered,triggered,3,4,4,qft
tampered_qft_triggered_v1_000575,benign_qft_v1_000575,qft,tampered,triggered,1,4,1,qft
tampered_qft_triggered_v1_000576,benign_qft_v1_000576,qft,tampered,triggered,3,0,0,qft
tampered_qft_triggered_v1_000577,benign_qft_v1_000577,qft,tampered,triggered,2,3,2,qft
tampered_qft_triggered_v1_000578,benign_qft_v1_000578,qft,tampered,triggered,3,1,2,qft
tampered_qft_triggered_v1_000579,benign_qft_v1_000579,qft,tampered,triggered,3,3,3,qft
tampered_qft_triggered_v1_000580,benign_qft_v1_000580,qft,tampered,triggered,1,4,1,qft
tampered_qft_triggered_v1_000581,benign_qft_v1_000581,qft,tampered,triggered,4,1,3,qft
tampered_qft_triggered_v1_000582,benign_qft_v1_000582,qft,tampered,triggered,0,0,2,qft
tampered_qft_triggered_v1_000583,benign_qft_v1_000583,qft,tampered,triggered,2,3,3,qft
tampered_qft_triggered_v1_000584,benign_qft_v1_000584,qft,tampered,triggered,4,3,4,qft
tampered_qft_triggered_v1_000585,benign_qft_v1_000585,qft,tampered,triggered,1,4,1,qft
tampered_qft_triggered_v1_000586,benign_qft_v1_000586,qft,tampered,triggered,3,0,4,qft
tampered_qft_triggered_v1_000587,benign_qft_v1_000587,qft,tampered,triggered,2,1,2,qft
tampered_qft_triggered_v1_000588,benign_qft_v1_000588,qft,tampered,triggered,0,3,1,qft
tampered_qft_triggered_v1_000589,benign_qft_v1_000589,qft,tampered,triggered,2,2,4,qft
tampered_qft_triggered_v1_000590,benign_qft_v1_000590,qft,tampered,triggered,3,2,2,qft
tampered_qft_triggered_v1_000591,benign_qft_v1_000591,qft,tampered,triggered,3,3,3,qft
tampered_qft_triggered_v1_000592,benign_qft_v1_000592,qft,tampered,triggered,2,2,1,qft
tampered_qft_triggered_v1_000593,benign_qft_v1_000593,qft,tampered,triggered,3,0,3,qft
tampered_qft_triggered_v1_000594,benign_qft_v1_000594,qft,tampered,triggered,4,4,2,qft
tampered_qft_triggered_v1_000595,benign_qft_v1_000595,qft,tampered,triggered,4,1,0,qft
tampered_qft_triggered_v1_000596,benign_qft_v1_000596,qft,tampered,triggered,0,2,1,qft
tampered_qft_triggered_v1_000597,benign_qft_v1_000597,qft,tampered,triggered,4,1,0,qft
tampered_qft_triggered_v1_000598,benign_qft_v1_000598,qft,tampered,triggered,2,3,3,qft
tampered_qft_triggered_v1_000599,benign_qft_v1_000599,qft,tampered,triggered,1,4,1,qft
